/*
 Navicat Premium Data Transfer

 Source Server         : mysql5.6
 Source Server Type    : MySQL
 Source Server Version : 50620
 Source Host           : localhost:3306
 Source Schema         : ry-vue

 Target Server Type    : MySQL
 Target Server Version : 50620
 File Encoding         : 65001

 Date: 05/02/2022 23:30:22
*/

SET NAMES utf8mb4;
SET FOREIGN_KEY_CHECKS = 0;

-- ----------------------------
-- Table structure for bus_caigou_order
-- ----------------------------
DROP TABLE IF EXISTS `bus_caigou_order`;
CREATE TABLE `bus_caigou_order`  (
  `id` int(11) NOT NULL AUTO_INCREMENT COMMENT 'id',
  `cg_order_num` varchar(20) CHARACTER SET utf8 COLLATE utf8_bin NULL DEFAULT NULL COMMENT '采购订单编号',
  `provider_id` int(11) NULL DEFAULT NULL COMMENT '供应商',
  `cg_date` date NULL DEFAULT NULL COMMENT '采购日期',
  `cgy` varchar(30) CHARACTER SET utf8 COLLATE utf8_bin NULL DEFAULT NULL COMMENT '采购员',
  `state` int(11) NULL DEFAULT NULL COMMENT '状态',
  PRIMARY KEY (`id`) USING BTREE
) ENGINE = InnoDB AUTO_INCREMENT = 4 CHARACTER SET = utf8 COLLATE = utf8_bin ROW_FORMAT = Compact;

-- ----------------------------
-- Records of bus_caigou_order
-- ----------------------------
INSERT INTO `bus_caigou_order` VALUES (1, 'CG001', 1, '2020-05-13', 'cg001', 0);
INSERT INTO `bus_caigou_order` VALUES (2, 'CG002', 2, '2020-05-04', 'xiaozhang', 0);
INSERT INTO `bus_caigou_order` VALUES (3, 'CG003', 1, '2022-02-03', 'bbb', 0);

-- ----------------------------
-- Table structure for bus_ck_check
-- ----------------------------
DROP TABLE IF EXISTS `bus_ck_check`;
CREATE TABLE `bus_ck_check`  (
  `id` int(11) NOT NULL AUTO_INCREMENT,
  `ck_num` varchar(20) CHARACTER SET utf8 COLLATE utf8_bin NULL DEFAULT NULL COMMENT '仓库编号',
  `ck_temp` varchar(10) CHARACTER SET utf8 COLLATE utf8_bin NULL DEFAULT NULL COMMENT '温度',
  `check_person` varchar(20) CHARACTER SET utf8 COLLATE utf8_bin NULL DEFAULT NULL COMMENT '检查人',
  `check_date` date NULL DEFAULT NULL COMMENT '检查日期',
  INDEX `id`(`id`) USING BTREE
) ENGINE = InnoDB AUTO_INCREMENT = 4 CHARACTER SET = utf8 COLLATE = utf8_bin ROW_FORMAT = Compact;

-- ----------------------------
-- Records of bus_ck_check
-- ----------------------------
INSERT INTO `bus_ck_check` VALUES (1, 'CK3', '24', '小马', '2020-05-13');
INSERT INTO `bus_ck_check` VALUES (2, 'CK004', '30', 'mg', '2020-05-26');
INSERT INTO `bus_ck_check` VALUES (3, '111', '22', '33', '2022-02-03');

-- ----------------------------
-- Table structure for bus_customer
-- ----------------------------
DROP TABLE IF EXISTS `bus_customer`;
CREATE TABLE `bus_customer`  (
  `id` int(11) NOT NULL AUTO_INCREMENT,
  `customername` varchar(255) CHARACTER SET utf8 COLLATE utf8_general_ci NULL DEFAULT NULL,
  `zip` varchar(255) CHARACTER SET utf8 COLLATE utf8_general_ci NULL DEFAULT NULL,
  `address` varchar(255) CHARACTER SET utf8 COLLATE utf8_general_ci NULL DEFAULT NULL,
  `telephone` varchar(255) CHARACTER SET utf8 COLLATE utf8_general_ci NULL DEFAULT NULL,
  `connectionpersion` varchar(255) CHARACTER SET utf8 COLLATE utf8_general_ci NULL DEFAULT NULL,
  `phone` varchar(255) CHARACTER SET utf8 COLLATE utf8_general_ci NULL DEFAULT NULL,
  `bank` varchar(255) CHARACTER SET utf8 COLLATE utf8_general_ci NULL DEFAULT NULL,
  `account` varchar(255) CHARACTER SET utf8 COLLATE utf8_general_ci NULL DEFAULT NULL,
  `email` varchar(255) CHARACTER SET utf8 COLLATE utf8_general_ci NULL DEFAULT NULL,
  `fax` varchar(255) CHARACTER SET utf8 COLLATE utf8_general_ci NULL DEFAULT NULL,
  `available` varchar(255) CHARACTER SET utf8 COLLATE utf8_general_ci NULL DEFAULT NULL,
  PRIMARY KEY (`id`) USING BTREE
) ENGINE = InnoDB AUTO_INCREMENT = 10 CHARACTER SET = utf8 COLLATE = utf8_general_ci ROW_FORMAT = Compact;

-- ----------------------------
-- Records of bus_customer
-- ----------------------------
INSERT INTO `bus_customer` VALUES (1, '小张超市', '222', '武汉', '027-9123131', '张大明', '15279230588', '中国银行', '654431331343413', '213123@sina.com', '430001', '1');
INSERT INTO `bus_customer` VALUES (2, '小明超市', '333', '深圳', '0755-9123131', '张小明', '13064154936', '中国银行', '654431331343413', '213123@sina.com', '430000', '1');
INSERT INTO `bus_customer` VALUES (3, '快七超市', '430000', '武汉', '027-11011011', '雷生', '13617020687', '招商银行', '6543123341334133', '6666@66.com', '545341', '1');
INSERT INTO `bus_customer` VALUES (4, '丽云超市', '332005', '十里大道1039号', '0792-13658745', '射可可', '13648524759', '建设银行', '36245684125509', '13648524759@163.com', '152632', '1');
INSERT INTO `bus_customer` VALUES (8, '寻鲁超市', '332005', '十里大楼', '0792-56214528', '周三', '15236987455', '农业银行', '362458651236509', '15236987455@163.com', '320156', '1');
INSERT INTO `bus_customer` VALUES (9, 'morty', '0341', 'xxx', '13976544647', 'morty', '13976544647', '工商', '4555156356222', '13976544647@163.com', '0786', '1');

-- ----------------------------
-- Table structure for bus_customorder
-- ----------------------------
DROP TABLE IF EXISTS `bus_customorder`;
CREATE TABLE `bus_customorder`  (
  `id` int(11) NOT NULL AUTO_INCREMENT COMMENT 'id',
  `cust_name` varchar(20) CHARACTER SET utf8 COLLATE utf8_bin NULL DEFAULT NULL COMMENT '客户名称',
  `order_date` date NULL DEFAULT NULL COMMENT '订单日期',
  `order_type` varchar(10) CHARACTER SET utf8 COLLATE utf8_bin NULL DEFAULT NULL COMMENT '订单类型',
  `pay_type` char(10) CHARACTER SET utf8 COLLATE utf8_bin NULL DEFAULT NULL COMMENT '付款方式',
  `state` char(10) CHARACTER SET utf8 COLLATE utf8_bin NULL DEFAULT NULL COMMENT '状态',
  PRIMARY KEY (`id`) USING BTREE
) ENGINE = InnoDB AUTO_INCREMENT = 6 CHARACTER SET = utf8 COLLATE = utf8_bin ROW_FORMAT = Compact;

-- ----------------------------
-- Records of bus_customorder
-- ----------------------------
INSERT INTO `bus_customorder` VALUES (2, '中兴', '2020-05-12', '国内', '0', '0');
INSERT INTO `bus_customorder` VALUES (3, '华为', '2020-05-05', '小区', '0', '0');
INSERT INTO `bus_customorder` VALUES (4, '1111', '2022-02-03', '222', '0', '0');
INSERT INTO `bus_customorder` VALUES (5, '11', '2022-02-01', '11', '0', '0');

-- ----------------------------
-- Table structure for bus_delivery
-- ----------------------------
DROP TABLE IF EXISTS `bus_delivery`;
CREATE TABLE `bus_delivery`  (
  `id` int(11) NOT NULL AUTO_INCREMENT COMMENT 'id',
  `goodsid` int(11) NULL DEFAULT NULL COMMENT '商品',
  `delivery_time` datetime(0) NULL DEFAULT NULL COMMENT '配送时间',
  `delivery_person` varchar(30) CHARACTER SET utf8 COLLATE utf8_bin NULL DEFAULT NULL COMMENT '配送人员',
  `address` varchar(30) CHARACTER SET utf8 COLLATE utf8_bin NULL DEFAULT NULL COMMENT '配送地址',
  `operator` varchar(30) CHARACTER SET utf8 COLLATE utf8_bin NULL DEFAULT NULL COMMENT '操作员',
  PRIMARY KEY (`id`) USING BTREE
) ENGINE = InnoDB AUTO_INCREMENT = 3 CHARACTER SET = utf8 COLLATE = utf8_bin ROW_FORMAT = Compact;

-- ----------------------------
-- Records of bus_delivery
-- ----------------------------
INSERT INTO `bus_delivery` VALUES (1, 1, '2020-05-07 00:00:00', '超级玛丽', '高新区', 'mmy');
INSERT INTO `bus_delivery` VALUES (2, 3, '2022-02-01 00:00:00', '111', '33', '343');

-- ----------------------------
-- Table structure for bus_goods
-- ----------------------------
DROP TABLE IF EXISTS `bus_goods`;
CREATE TABLE `bus_goods`  (
  `id` int(11) NOT NULL AUTO_INCREMENT,
  `goodsname` varchar(255) CHARACTER SET utf8 COLLATE utf8_general_ci NULL DEFAULT NULL,
  `produceplace` varchar(255) CHARACTER SET utf8 COLLATE utf8_general_ci NULL DEFAULT NULL,
  `size` varchar(255) CHARACTER SET utf8 COLLATE utf8_general_ci NULL DEFAULT NULL,
  `goodspackage` varchar(255) CHARACTER SET utf8 COLLATE utf8_general_ci NULL DEFAULT NULL,
  `productcode` varchar(255) CHARACTER SET utf8 COLLATE utf8_general_ci NULL DEFAULT NULL,
  `promitcode` varchar(255) CHARACTER SET utf8 COLLATE utf8_general_ci NULL DEFAULT NULL,
  `description` varchar(255) CHARACTER SET utf8 COLLATE utf8_general_ci NULL DEFAULT NULL,
  `price` double(10, 2) NULL DEFAULT NULL,
  `number` int(11) NULL DEFAULT NULL,
  `dangernum` int(11) NULL DEFAULT NULL,
  `goodsimg` varchar(255) CHARACTER SET utf8 COLLATE utf8_general_ci NULL DEFAULT NULL,
  `available` int(11) NULL DEFAULT NULL,
  `providerid` int(11) NULL DEFAULT NULL,
  PRIMARY KEY (`id`) USING BTREE
) ENGINE = InnoDB AUTO_INCREMENT = 6 CHARACTER SET = utf8 COLLATE = utf8_general_ci ROW_FORMAT = Compact;

-- ----------------------------
-- Records of bus_goods
-- ----------------------------
INSERT INTO `bus_goods` VALUES (1, '娃哈哈', '武汉', '120ML', '瓶', 'PH12345', 'PZ1234', '小孩子都爱的', 2.00, 487, 10, '2018-12-25/userface1.jpg', 1, 3);
INSERT INTO `bus_goods` VALUES (2, '旺旺雪饼[小包]', '仙桃', '包', '袋', 'PH12312312', 'PZ12312', '好吃不上火', 4.00, 1109, 10, '2018-12-25/userface2.jpg', 1, 1);
INSERT INTO `bus_goods` VALUES (3, '旺旺大礼包', '仙桃', '盒', '盒', '11', '11', '111', 28.00, 988, 100, '2018-12-25/userface3.jpg', 1, 1);
INSERT INTO `bus_goods` VALUES (4, '娃哈哈', '武汉', '200ML', '瓶', '11', '111', '12321', 3.00, 1100, 10, '2018-12-25/userface4.jpg', 1, 3);
INSERT INTO `bus_goods` VALUES (5, '111', '22', '33', '44', '55', '55', 'bb', 33.00, NULL, 44, NULL, NULL, 4);

-- ----------------------------
-- Table structure for bus_inport
-- ----------------------------
DROP TABLE IF EXISTS `bus_inport`;
CREATE TABLE `bus_inport`  (
  `id` int(11) NOT NULL AUTO_INCREMENT COMMENT 'id',
  `paytype` varchar(255) CHARACTER SET utf8 COLLATE utf8_general_ci NULL DEFAULT NULL COMMENT '支付类型',
  `inporttime` datetime(0) NULL DEFAULT NULL ON UPDATE CURRENT_TIMESTAMP(0) COMMENT '进货时间',
  `operateperson` varchar(255) CHARACTER SET utf8 COLLATE utf8_general_ci NULL DEFAULT NULL COMMENT '操作员',
  `number` int(11) NULL DEFAULT NULL COMMENT '进货数量',
  `remark` varchar(255) CHARACTER SET utf8 COLLATE utf8_general_ci NULL DEFAULT NULL COMMENT '备注',
  `inportprice` double(10, 2) NULL DEFAULT NULL COMMENT '进货价格',
  `providerid` int(11) NULL DEFAULT NULL COMMENT '供货商',
  `goodsid` int(11) NULL DEFAULT NULL COMMENT '商品id',
  PRIMARY KEY (`id`) USING BTREE
) ENGINE = InnoDB AUTO_INCREMENT = 28 CHARACTER SET = utf8 COLLATE = utf8_general_ci ROW_FORMAT = Compact;

-- ----------------------------
-- Records of bus_inport
-- ----------------------------
INSERT INTO `bus_inport` VALUES (1, '1', '2018-05-07 00:00:00', '张三', 100, '备注', 3.50, 1, 1);
INSERT INTO `bus_inport` VALUES (4, '0', '2018-05-07 00:00:00', '张三', 1000, '无', 2.00, 3, 1);
INSERT INTO `bus_inport` VALUES (5, '1', '2018-05-07 00:00:00', '张三', 100, '无', 1.00, 3, 1);
INSERT INTO `bus_inport` VALUES (10, '1', '2018-08-01 00:00:00', '超级管理员', 100, 'sadfasfdsa', 1.50, 3, 3);
INSERT INTO `bus_inport` VALUES (26, '0', '2022-01-31 00:00:00', '11', 222, NULL, 333.00, NULL, 4);
INSERT INTO `bus_inport` VALUES (27, '1', '2022-01-31 00:00:00', 'aa', 112, NULL, 32.00, NULL, 3);

-- ----------------------------
-- Table structure for bus_outport
-- ----------------------------
DROP TABLE IF EXISTS `bus_outport`;
CREATE TABLE `bus_outport`  (
  `id` int(11) NOT NULL AUTO_INCREMENT COMMENT 'id',
  `providerid` int(11) NULL DEFAULT NULL COMMENT '供应商',
  `paytype` varchar(255) CHARACTER SET utf8 COLLATE utf8_unicode_ci NULL DEFAULT NULL COMMENT '支付类型',
  `outputtime` datetime(0) NULL DEFAULT NULL COMMENT '退货时间',
  `operateperson` varchar(255) CHARACTER SET utf8 COLLATE utf8_unicode_ci NULL DEFAULT NULL COMMENT '操作员',
  `outportprice` double NULL DEFAULT NULL COMMENT '退货价格',
  `number` int(11) NULL DEFAULT NULL COMMENT '数量',
  `remark` varchar(255) CHARACTER SET utf8 COLLATE utf8_unicode_ci NULL DEFAULT NULL COMMENT '备注',
  `goodsid` int(11) NULL DEFAULT NULL COMMENT '商品',
  PRIMARY KEY (`id`) USING BTREE
) ENGINE = InnoDB AUTO_INCREMENT = 5 CHARACTER SET = utf8 COLLATE = utf8_unicode_ci ROW_FORMAT = Compact;

-- ----------------------------
-- Records of bus_outport
-- ----------------------------
INSERT INTO `bus_outport` VALUES (1, 3, '0', '2019-08-16 00:00:00', '超级管理员', 12321321, 2, '', 1);
INSERT INTO `bus_outport` VALUES (2, 3, '1', '2019-08-16 00:00:00', '超级管理员', 12321321, 11, '11', 1);
INSERT INTO `bus_outport` VALUES (3, 1, '0', '2020-03-05 00:00:00', '超级管理员', 22, 23, 'sasa', 4);
INSERT INTO `bus_outport` VALUES (4, 4, '0', '2022-02-01 00:00:00', '11', 22, 33, NULL, 1);

-- ----------------------------
-- Table structure for bus_provider
-- ----------------------------
DROP TABLE IF EXISTS `bus_provider`;
CREATE TABLE `bus_provider`  (
  `id` int(11) NOT NULL AUTO_INCREMENT,
  `providername` varchar(255) CHARACTER SET utf8 COLLATE utf8_unicode_ci NULL DEFAULT NULL,
  `zip` varchar(255) CHARACTER SET utf8 COLLATE utf8_unicode_ci NULL DEFAULT NULL,
  `address` varchar(255) CHARACTER SET utf8 COLLATE utf8_unicode_ci NULL DEFAULT NULL,
  `telephone` varchar(255) CHARACTER SET utf8 COLLATE utf8_unicode_ci NULL DEFAULT NULL,
  `connectionperson` varchar(255) CHARACTER SET utf8 COLLATE utf8_unicode_ci NULL DEFAULT NULL,
  `phone` varchar(255) CHARACTER SET utf8 COLLATE utf8_unicode_ci NULL DEFAULT NULL,
  `bank` varchar(255) CHARACTER SET utf8 COLLATE utf8_unicode_ci NULL DEFAULT NULL,
  `account` varchar(255) CHARACTER SET utf8 COLLATE utf8_unicode_ci NULL DEFAULT NULL,
  `email` varchar(255) CHARACTER SET utf8 COLLATE utf8_unicode_ci NULL DEFAULT NULL,
  `fax` varchar(255) CHARACTER SET utf8 COLLATE utf8_unicode_ci NULL DEFAULT NULL,
  `available` int(11) NULL DEFAULT NULL,
  PRIMARY KEY (`id`) USING BTREE
) ENGINE = InnoDB AUTO_INCREMENT = 6 CHARACTER SET = utf8 COLLATE = utf8_unicode_ci ROW_FORMAT = Compact;

-- ----------------------------
-- Records of bus_provider
-- ----------------------------
INSERT INTO `bus_provider` VALUES (1, '旺旺食品', '434000', '仙桃', '0728-4124312', '小明', '13413441141', '中国农业银行', '654124345131', '12312321@sina.com', '5123123', 1);
INSERT INTO `bus_provider` VALUES (2, '达利园食品', '430000', '汉川', '0728-4124312', '大明', '13413441141', '中国农业银行', '654124345131', '12312321@sina.com', '5123123', 1);
INSERT INTO `bus_provider` VALUES (3, '娃哈哈集团', '513131', '杭州', '21312', '小晨', '12312', '建设银行', '512314141541', '123131', '312312', 1);
INSERT INTO `bus_provider` VALUES (4, '蒙牛集团', '332005', '内蒙古', '0790-362514856', '姿态', '13617252689', '中国银行', '36214587962509', '13617252689@163.com', '364145', 1);
INSERT INTO `bus_provider` VALUES (5, '伊利集团', '562115', '内蒙古', '0792-36548569', 'Rita', '13698560566', '建设银行', '3621458963596509', '13698560566@163.com', '362514', 1);

-- ----------------------------
-- Table structure for bus_purchase
-- ----------------------------
DROP TABLE IF EXISTS `bus_purchase`;
CREATE TABLE `bus_purchase`  (
  `id` int(11) NOT NULL AUTO_INCREMENT,
  `purchase_num` varchar(30) CHARACTER SET utf8 COLLATE utf8_bin NULL DEFAULT NULL COMMENT '采购申请单编号',
  `purchase_date` date NULL DEFAULT NULL COMMENT '申请日期',
  `complete_date` date NULL DEFAULT NULL COMMENT '完成日期',
  `person` varchar(20) CHARACTER SET utf8 COLLATE utf8_bin NULL DEFAULT NULL COMMENT '申请人',
  `purchase_state` int(10) NULL DEFAULT 0 COMMENT '采购状态',
  PRIMARY KEY (`id`) USING BTREE
) ENGINE = InnoDB AUTO_INCREMENT = 3 CHARACTER SET = utf8 COLLATE = utf8_bin ROW_FORMAT = Compact;

-- ----------------------------
-- Records of bus_purchase
-- ----------------------------
INSERT INTO `bus_purchase` VALUES (1, 'CGSQ001', '2020-05-07', '2020-05-28', 'mage', 0);
INSERT INTO `bus_purchase` VALUES (2, 'CGSQ002', '2022-02-04', '2022-02-06', 'bbb', 0);

-- ----------------------------
-- Table structure for bus_purchase_info
-- ----------------------------
DROP TABLE IF EXISTS `bus_purchase_info`;
CREATE TABLE `bus_purchase_info`  (
  `id` int(11) NOT NULL AUTO_INCREMENT,
  `purchase_num` varchar(11) CHARACTER SET utf8 COLLATE utf8_bin NULL DEFAULT NULL COMMENT '采购订单编号',
  `good_id` int(11) NULL DEFAULT NULL COMMENT '商品',
  `num` double NULL DEFAULT NULL COMMENT '数量',
  `purchase_date` date NULL DEFAULT NULL COMMENT '日期',
  INDEX `id`(`id`) USING BTREE
) ENGINE = InnoDB AUTO_INCREMENT = 4 CHARACTER SET = utf8 COLLATE = utf8_bin ROW_FORMAT = Compact;

-- ----------------------------
-- Records of bus_purchase_info
-- ----------------------------
INSERT INTO `bus_purchase_info` VALUES (1, 'CGSQ001', 1, 2, '2020-05-18');
INSERT INTO `bus_purchase_info` VALUES (2, 'CGSQ001', 2, 3, '2020-05-18');
INSERT INTO `bus_purchase_info` VALUES (3, 'CGSQ001', 4, 3, '2020-05-18');

-- ----------------------------
-- Table structure for bus_ruku
-- ----------------------------
DROP TABLE IF EXISTS `bus_ruku`;
CREATE TABLE `bus_ruku`  (
  `id` int(11) NOT NULL AUTO_INCREMENT COMMENT 'id',
  `ruku_num` varchar(30) CHARACTER SET utf8 COLLATE utf8_bin NULL DEFAULT NULL COMMENT '入库作业单',
  `cgy` varchar(30) CHARACTER SET utf8 COLLATE utf8_bin NULL DEFAULT NULL COMMENT '仓管员',
  `ruku_time` datetime(0) NULL DEFAULT NULL COMMENT '入库时间',
  `dhtz` varchar(11) CHARACTER SET utf8 COLLATE utf8_bin NULL DEFAULT NULL COMMENT '到货通知单',
  PRIMARY KEY (`id`) USING BTREE
) ENGINE = InnoDB AUTO_INCREMENT = 3 CHARACTER SET = utf8 COLLATE = utf8_bin ROW_FORMAT = Compact;

-- ----------------------------
-- Records of bus_ruku
-- ----------------------------
INSERT INTO `bus_ruku` VALUES (1, 'RUKU001', 'xiaoma', '2020-05-17 00:00:00', NULL);
INSERT INTO `bus_ruku` VALUES (2, '33', '222', '2022-02-09 00:00:00', NULL);

-- ----------------------------
-- Table structure for caigou_order_info
-- ----------------------------
DROP TABLE IF EXISTS `caigou_order_info`;
CREATE TABLE `caigou_order_info`  (
  `order_num` varchar(20) CHARACTER SET utf8 COLLATE utf8_bin NULL DEFAULT NULL COMMENT '订单编号',
  `good_id` int(11) NULL DEFAULT NULL COMMENT '商品',
  `num` double NULL DEFAULT NULL COMMENT '数量',
  `company` varchar(20) CHARACTER SET utf8 COLLATE utf8_bin NULL DEFAULT NULL COMMENT '单位',
  `id` int(11) NOT NULL AUTO_INCREMENT,
  PRIMARY KEY (`id`) USING BTREE
) ENGINE = InnoDB AUTO_INCREMENT = 5 CHARACTER SET = utf8 COLLATE = utf8_bin ROW_FORMAT = Compact;

-- ----------------------------
-- Records of caigou_order_info
-- ----------------------------
INSERT INTO `caigou_order_info` VALUES ('CG001', 1, 1, '件', 1);
INSERT INTO `caigou_order_info` VALUES ('CG001', 2, 100, '包', 4);

-- ----------------------------
-- Table structure for gen_table
-- ----------------------------
DROP TABLE IF EXISTS `gen_table`;
CREATE TABLE `gen_table`  (
  `table_id` bigint(20) NOT NULL AUTO_INCREMENT COMMENT '编号',
  `table_name` varchar(200) CHARACTER SET utf8 COLLATE utf8_bin NULL DEFAULT '' COMMENT '表名称',
  `table_comment` varchar(500) CHARACTER SET utf8 COLLATE utf8_bin NULL DEFAULT '' COMMENT '表描述',
  `class_name` varchar(100) CHARACTER SET utf8 COLLATE utf8_bin NULL DEFAULT '' COMMENT '实体类名称',
  `tpl_category` varchar(200) CHARACTER SET utf8 COLLATE utf8_bin NULL DEFAULT 'crud' COMMENT '使用的模板（crud单表操作 tree树表操作）',
  `package_name` varchar(100) CHARACTER SET utf8 COLLATE utf8_bin NULL DEFAULT NULL COMMENT '生成包路径',
  `module_name` varchar(30) CHARACTER SET utf8 COLLATE utf8_bin NULL DEFAULT NULL COMMENT '生成模块名',
  `business_name` varchar(30) CHARACTER SET utf8 COLLATE utf8_bin NULL DEFAULT NULL COMMENT '生成业务名',
  `function_name` varchar(50) CHARACTER SET utf8 COLLATE utf8_bin NULL DEFAULT NULL COMMENT '生成功能名',
  `function_author` varchar(50) CHARACTER SET utf8 COLLATE utf8_bin NULL DEFAULT NULL COMMENT '生成功能作者',
  `options` varchar(1000) CHARACTER SET utf8 COLLATE utf8_bin NULL DEFAULT NULL COMMENT '其它生成选项',
  `create_by` varchar(64) CHARACTER SET utf8 COLLATE utf8_bin NULL DEFAULT '' COMMENT '创建者',
  `create_time` datetime(0) NULL DEFAULT NULL COMMENT '创建时间',
  `update_by` varchar(64) CHARACTER SET utf8 COLLATE utf8_bin NULL DEFAULT '' COMMENT '更新者',
  `update_time` datetime(0) NULL DEFAULT NULL COMMENT '更新时间',
  `remark` varchar(500) CHARACTER SET utf8 COLLATE utf8_bin NULL DEFAULT NULL COMMENT '备注',
  PRIMARY KEY (`table_id`) USING BTREE
) ENGINE = InnoDB AUTO_INCREMENT = 33 CHARACTER SET = utf8 COLLATE = utf8_bin COMMENT = '代码生成业务表' ROW_FORMAT = Compact;

-- ----------------------------
-- Records of gen_table
-- ----------------------------
INSERT INTO `gen_table` VALUES (5, 'bus_goods', '商品表', 'BusGoods', 'crud', 'com.ruoyi.project.system', 'system', 'goods', '商品', 'nuoyi', '{}', 'admin', '2020-04-23 10:23:09', '', '2020-04-24 15:41:26', NULL);
INSERT INTO `gen_table` VALUES (7, 'bus_provider', '供应商表', 'BusProvider', 'crud', 'com.ruoyi.project.system', 'system', 'provider', '供应商', 'nuoyi', '{}', 'admin', '2020-05-05 11:21:10', '', '2020-05-06 11:28:29', NULL);
INSERT INTO `gen_table` VALUES (14, 'bus_inport', '采购管理表', 'BusInport', 'crud', 'com.ruoyi.project.system', 'system', 'inport', '采购管理', 'nuoyi', '{}', 'admin', '2020-05-07 10:08:16', '', '2020-05-07 10:14:02', NULL);
INSERT INTO `gen_table` VALUES (15, 'bus_outport', '出库管理', 'BusOutport', 'crud', 'com.ruoyi.project.system', 'system', 'outport', '出库管理', 'nuoyi', '{}', 'admin', '2020-05-07 11:55:57', '', '2020-05-07 11:58:30', NULL);
INSERT INTO `gen_table` VALUES (16, 'bus_delivery', '配送运输', 'BusDelivery', 'crud', 'com.ruoyi.project.system', 'system', 'delivery', '配送运输', 'nuoyi', '{}', 'admin', '2020-05-07 12:26:48', '', '2020-05-07 12:27:32', NULL);
INSERT INTO `gen_table` VALUES (19, 'bus_customorder', '客户订单表', 'BusCustomorder', 'crud', 'com.logistic.project.system', 'system', 'customorder', '客户订单查询', 'mg', '{}', 'admin', '2020-05-13 10:46:29', '', '2020-05-17 12:57:18', NULL);
INSERT INTO `gen_table` VALUES (23, 'bus_purchase', '采购申请表', 'BusPurchase', 'crud', 'com.logistic.project.system', 'system', 'purchase', '采购申请', 'mg', '{}', 'admin', '2020-05-17 11:36:48', '', '2020-05-17 11:38:50', NULL);
INSERT INTO `gen_table` VALUES (24, 'shippingdoc', '客户单据', 'Shippingdoc', 'crud', 'com.logistic.project.system', 'system', 'shippingdoc', '客户单据', 'mg', '{}', 'admin', '2020-05-17 13:13:42', '', '2020-05-17 13:14:49', NULL);
INSERT INTO `gen_table` VALUES (25, 'bus_ck_check', '仓库检查表', 'BusCkCheck', 'crud', 'com.logistic.project.system', 'system', 'check', '仓库检查', 'nuoyi', '{}', 'admin', '2020-05-17 13:37:35', '', '2020-05-17 13:42:56', NULL);
INSERT INTO `gen_table` VALUES (31, 'caigou_order_info', '采购物料明细', 'CaigouOrderInfo', 'crud', 'com.logistic.project.system', 'system', 'cgOrderInfo', '采购物料明细', 'mag', '{}', 'admin', '2020-05-19 16:10:29', '', '2020-05-19 16:19:10', NULL);
INSERT INTO `gen_table` VALUES (32, 'bus_ruku', '入库接单', 'BusRuku', 'crud', 'com.logistic.project.system', 'system', 'ruku', '入库接单', 'mage', '{}', 'admin', '2020-05-19 17:46:15', '', '2020-05-19 17:47:49', NULL);

-- ----------------------------
-- Table structure for gen_table_column
-- ----------------------------
DROP TABLE IF EXISTS `gen_table_column`;
CREATE TABLE `gen_table_column`  (
  `column_id` bigint(20) NOT NULL AUTO_INCREMENT COMMENT '编号',
  `table_id` varchar(64) CHARACTER SET utf8 COLLATE utf8_bin NULL DEFAULT NULL COMMENT '归属表编号',
  `column_name` varchar(200) CHARACTER SET utf8 COLLATE utf8_bin NULL DEFAULT NULL COMMENT '列名称',
  `column_comment` varchar(500) CHARACTER SET utf8 COLLATE utf8_bin NULL DEFAULT NULL COMMENT '列描述',
  `column_type` varchar(100) CHARACTER SET utf8 COLLATE utf8_bin NULL DEFAULT NULL COMMENT '列类型',
  `java_type` varchar(500) CHARACTER SET utf8 COLLATE utf8_bin NULL DEFAULT NULL COMMENT 'JAVA类型',
  `java_field` varchar(200) CHARACTER SET utf8 COLLATE utf8_bin NULL DEFAULT NULL COMMENT 'JAVA字段名',
  `is_pk` char(1) CHARACTER SET utf8 COLLATE utf8_bin NULL DEFAULT NULL COMMENT '是否主键（1是）',
  `is_increment` char(1) CHARACTER SET utf8 COLLATE utf8_bin NULL DEFAULT NULL COMMENT '是否自增（1是）',
  `is_required` char(1) CHARACTER SET utf8 COLLATE utf8_bin NULL DEFAULT NULL COMMENT '是否必填（1是）',
  `is_insert` char(1) CHARACTER SET utf8 COLLATE utf8_bin NULL DEFAULT NULL COMMENT '是否为插入字段（1是）',
  `is_edit` char(1) CHARACTER SET utf8 COLLATE utf8_bin NULL DEFAULT NULL COMMENT '是否编辑字段（1是）',
  `is_list` char(1) CHARACTER SET utf8 COLLATE utf8_bin NULL DEFAULT NULL COMMENT '是否列表字段（1是）',
  `is_query` char(1) CHARACTER SET utf8 COLLATE utf8_bin NULL DEFAULT NULL COMMENT '是否查询字段（1是）',
  `query_type` varchar(200) CHARACTER SET utf8 COLLATE utf8_bin NULL DEFAULT 'EQ' COMMENT '查询方式（等于、不等于、大于、小于、范围）',
  `html_type` varchar(200) CHARACTER SET utf8 COLLATE utf8_bin NULL DEFAULT NULL COMMENT '显示类型（文本框、文本域、下拉框、复选框、单选框、日期控件）',
  `dict_type` varchar(200) CHARACTER SET utf8 COLLATE utf8_bin NULL DEFAULT '' COMMENT '字典类型',
  `sort` int(11) NULL DEFAULT NULL COMMENT '排序',
  `create_by` varchar(64) CHARACTER SET utf8 COLLATE utf8_bin NULL DEFAULT '' COMMENT '创建者',
  `create_time` datetime(0) NULL DEFAULT NULL COMMENT '创建时间',
  `update_by` varchar(64) CHARACTER SET utf8 COLLATE utf8_bin NULL DEFAULT '' COMMENT '更新者',
  `update_time` datetime(0) NULL DEFAULT NULL COMMENT '更新时间',
  PRIMARY KEY (`column_id`) USING BTREE
) ENGINE = InnoDB AUTO_INCREMENT = 289 CHARACTER SET = utf8 COLLATE = utf8_bin COMMENT = '代码生成业务表字段' ROW_FORMAT = Compact;

-- ----------------------------
-- Records of gen_table_column
-- ----------------------------
INSERT INTO `gen_table_column` VALUES (57, '5', 'id', '商品ID', 'int(11)', 'Long', 'id', '1', '1', NULL, '1', NULL, NULL, NULL, 'EQ', 'input', '', 1, 'admin', '2020-04-23 10:23:09', '', '2020-04-24 15:41:26');
INSERT INTO `gen_table_column` VALUES (58, '5', 'goodsname', '商品名称', 'varchar(255)', 'String', 'goodsname', '0', '0', NULL, '1', '1', '1', '1', 'LIKE', 'input', '', 2, 'admin', '2020-04-23 10:23:09', '', '2020-04-24 15:41:26');
INSERT INTO `gen_table_column` VALUES (59, '5', 'produceplace', '商品产地', 'varchar(255)', 'String', 'produceplace', '0', '0', NULL, '1', '1', '1', '1', 'EQ', 'input', '', 3, 'admin', '2020-04-23 10:23:09', '', '2020-04-24 15:41:26');
INSERT INTO `gen_table_column` VALUES (60, '5', 'size', '规格', 'varchar(255)', 'String', 'size', '0', '0', NULL, '1', '1', '1', NULL, 'EQ', 'input', '', 4, 'admin', '2020-04-23 10:23:09', '', '2020-04-24 15:41:26');
INSERT INTO `gen_table_column` VALUES (61, '5', 'goodspackage', '商品包装', 'varchar(255)', 'String', 'goodspackage', '0', '0', NULL, '1', '1', NULL, NULL, 'EQ', 'input', '', 5, 'admin', '2020-04-23 10:23:09', '', '2020-04-24 15:41:26');
INSERT INTO `gen_table_column` VALUES (62, '5', 'productcode', '生产批号', 'varchar(255)', 'String', 'productcode', '0', '0', NULL, '1', '1', NULL, NULL, 'EQ', 'input', '', 6, 'admin', '2020-04-23 10:23:09', '', '2020-04-24 15:41:26');
INSERT INTO `gen_table_column` VALUES (63, '5', 'promitcode', '批准文号', 'varchar(255)', 'String', 'promitcode', '0', '0', NULL, '1', '1', NULL, NULL, 'EQ', 'input', '', 7, 'admin', '2020-04-23 10:23:09', '', '2020-04-24 15:41:26');
INSERT INTO `gen_table_column` VALUES (64, '5', 'description', '商品描述', 'varchar(255)', 'String', 'description', '0', '0', NULL, '1', '1', NULL, NULL, 'EQ', 'input', '', 8, 'admin', '2020-04-23 10:23:09', '', '2020-04-24 15:41:26');
INSERT INTO `gen_table_column` VALUES (65, '5', 'price', '销售价格', 'double(10,2)', 'Double', 'price', '0', '0', NULL, '1', '1', '1', '1', 'EQ', 'input', '', 9, 'admin', '2020-04-23 10:23:09', '', '2020-04-24 15:41:26');
INSERT INTO `gen_table_column` VALUES (66, '5', 'number', '数量', 'int(11)', 'Long', 'number', '0', '0', NULL, '1', '1', '1', '1', 'EQ', 'input', '', 10, 'admin', '2020-04-23 10:23:09', '', '2020-04-24 15:41:26');
INSERT INTO `gen_table_column` VALUES (67, '5', 'dangernum', '告警数量', 'int(11)', 'Long', 'dangernum', '0', '0', NULL, '1', '1', '1', '1', 'EQ', 'input', '', 11, 'admin', '2020-04-23 10:23:09', '', '2020-04-24 15:41:26');
INSERT INTO `gen_table_column` VALUES (68, '5', 'goodsimg', '商品图片', 'varchar(255)', 'String', 'goodsimg', '0', '0', NULL, '1', '1', NULL, NULL, 'EQ', 'input', '', 12, 'admin', '2020-04-23 10:23:09', '', '2020-04-24 15:41:26');
INSERT INTO `gen_table_column` VALUES (69, '5', 'available', '是否可用', 'int(11)', 'Long', 'available', '0', '0', NULL, '1', '1', '1', '1', 'EQ', 'select', '', 13, 'admin', '2020-04-23 10:23:09', '', '2020-04-24 15:41:26');
INSERT INTO `gen_table_column` VALUES (70, '5', 'providerid', '厂家ID', 'int(11)', 'Long', 'providerid', '0', '0', NULL, '1', '1', '1', NULL, 'EQ', 'input', '', 14, 'admin', '2020-04-23 10:23:09', '', '2020-04-24 15:41:26');
INSERT INTO `gen_table_column` VALUES (83, '7', 'id', '供应商ID', 'int(11)', 'Long', 'id', '1', '1', NULL, '1', NULL, NULL, NULL, 'EQ', 'input', '', 1, 'admin', '2020-05-05 11:21:10', '', '2020-05-06 11:28:29');
INSERT INTO `gen_table_column` VALUES (84, '7', 'providername', '供应商名称', 'varchar(255)', 'String', 'providername', '0', '0', NULL, '1', '1', '1', '1', 'LIKE', 'input', '', 2, 'admin', '2020-05-05 11:21:10', '', '2020-05-06 11:28:29');
INSERT INTO `gen_table_column` VALUES (85, '7', 'zip', NULL, 'varchar(255)', 'String', 'zip', '0', '0', NULL, '1', '1', NULL, NULL, 'EQ', 'input', '', 3, 'admin', '2020-05-05 11:21:10', '', '2020-05-06 11:28:29');
INSERT INTO `gen_table_column` VALUES (86, '7', 'address', '供应商地址', 'varchar(255)', 'String', 'address', '0', '0', NULL, '1', '1', '1', '1', 'LIKE', 'input', '', 4, 'admin', '2020-05-05 11:21:10', '', '2020-05-06 11:28:29');
INSERT INTO `gen_table_column` VALUES (87, '7', 'telephone', '联系方式', 'varchar(255)', 'String', 'telephone', '0', '0', NULL, '1', '1', '1', '1', 'LIKE', 'input', '', 5, 'admin', '2020-05-05 11:21:10', '', '2020-05-06 11:28:29');
INSERT INTO `gen_table_column` VALUES (88, '7', 'connectionperson', '联系人', 'varchar(255)', 'String', 'connectionperson', '0', '0', NULL, '1', '1', '1', '1', 'LIKE', 'input', '', 6, 'admin', '2020-05-05 11:21:10', '', '2020-05-06 11:28:29');
INSERT INTO `gen_table_column` VALUES (89, '7', 'phone', '电话', 'varchar(255)', 'String', 'phone', '0', '0', NULL, '1', '1', NULL, NULL, 'EQ', 'input', '', 7, 'admin', '2020-05-05 11:21:10', '', '2020-05-06 11:28:29');
INSERT INTO `gen_table_column` VALUES (90, '7', 'bank', '银行', 'varchar(255)', 'String', 'bank', '0', '0', NULL, '1', '1', NULL, NULL, 'EQ', 'input', '', 8, 'admin', '2020-05-05 11:21:10', '', '2020-05-06 11:28:29');
INSERT INTO `gen_table_column` VALUES (91, '7', 'account', '帐号', 'varchar(255)', 'String', 'account', '0', '0', NULL, '1', '1', NULL, NULL, 'EQ', 'input', '', 9, 'admin', '2020-05-05 11:21:10', '', '2020-05-06 11:28:29');
INSERT INTO `gen_table_column` VALUES (92, '7', 'email', '邮箱', 'varchar(255)', 'String', 'email', '0', '0', NULL, '1', '1', NULL, '1', 'EQ', 'input', '', 10, 'admin', '2020-05-05 11:21:10', '', '2020-05-06 11:28:29');
INSERT INTO `gen_table_column` VALUES (93, '7', 'fax', NULL, 'varchar(255)', 'String', 'fax', '0', '0', NULL, '1', '1', NULL, NULL, 'EQ', 'input', '', 11, 'admin', '2020-05-05 11:21:10', '', '2020-05-06 11:28:29');
INSERT INTO `gen_table_column` VALUES (94, '7', 'available', '是否可用', 'int(11)', 'Long', 'available', '0', '0', NULL, '1', '1', NULL, NULL, 'EQ', 'select', 'sys_job_status', 12, 'admin', '2020-05-05 11:21:10', '', '2020-05-06 11:28:29');
INSERT INTO `gen_table_column` VALUES (171, '14', 'id', 'id', 'int(11)', 'Long', 'id', '1', '1', NULL, '1', NULL, NULL, NULL, 'EQ', 'input', '', 1, 'admin', '2020-05-07 10:08:16', '', '2020-05-07 10:14:02');
INSERT INTO `gen_table_column` VALUES (172, '14', 'paytype', '支付类型', 'varchar(255)', 'String', 'paytype', '0', '0', NULL, '1', '1', '1', '1', 'EQ', 'select', 'sys_zf_type', 2, 'admin', '2020-05-07 10:08:16', '', '2020-05-07 10:14:02');
INSERT INTO `gen_table_column` VALUES (173, '14', 'inporttime', '进货时间', 'datetime', 'Date', 'inporttime', '0', '0', NULL, '1', '1', '1', '1', 'EQ', 'datetime', '', 3, 'admin', '2020-05-07 10:08:16', '', '2020-05-07 10:14:02');
INSERT INTO `gen_table_column` VALUES (174, '14', 'operateperson', '操作员', 'varchar(255)', 'String', 'operateperson', '0', '0', NULL, '1', '1', '1', NULL, 'EQ', 'input', '', 4, 'admin', '2020-05-07 10:08:16', '', '2020-05-07 10:14:02');
INSERT INTO `gen_table_column` VALUES (175, '14', 'number', '进货数量', 'int(11)', 'Long', 'number', '0', '0', NULL, '1', '1', '1', '1', 'EQ', 'input', '', 5, 'admin', '2020-05-07 10:08:16', '', '2020-05-07 10:14:02');
INSERT INTO `gen_table_column` VALUES (176, '14', 'remark', '备注', 'varchar(255)', 'String', 'remark', '0', '0', NULL, '1', '1', '1', NULL, 'EQ', 'input', '', 6, 'admin', '2020-05-07 10:08:16', '', '2020-05-07 10:14:02');
INSERT INTO `gen_table_column` VALUES (177, '14', 'inportprice', '进货价格', 'double(10,2)', 'Double', 'inportprice', '0', '0', NULL, '1', '1', '1', '1', 'EQ', 'input', '', 7, 'admin', '2020-05-07 10:08:16', '', '2020-05-07 10:14:02');
INSERT INTO `gen_table_column` VALUES (178, '14', 'providerid', '供货商', 'int(11)', 'Long', 'providerid', '0', '0', NULL, '1', '1', NULL, NULL, 'EQ', 'select', '', 8, 'admin', '2020-05-07 10:08:16', '', '2020-05-07 10:14:02');
INSERT INTO `gen_table_column` VALUES (179, '14', 'goodsid', '商品id', 'int(11)', 'Long', 'goodsid', '0', '0', NULL, '1', '1', NULL, NULL, 'EQ', 'select', '', 9, 'admin', '2020-05-07 10:08:16', '', '2020-05-07 10:14:02');
INSERT INTO `gen_table_column` VALUES (180, '15', 'id', 'id', 'int(11)', 'Long', 'id', '1', '1', NULL, '1', NULL, NULL, NULL, 'EQ', 'input', '', 1, 'admin', '2020-05-07 11:55:57', '', '2020-05-07 11:58:30');
INSERT INTO `gen_table_column` VALUES (181, '15', 'providerid', '供应商', 'int(11)', 'Long', 'providerid', '0', '0', NULL, '1', NULL, '1', '1', 'LIKE', 'select', '', 2, 'admin', '2020-05-07 11:55:57', '', '2020-05-07 11:58:30');
INSERT INTO `gen_table_column` VALUES (182, '15', 'paytype', '支付类型', 'varchar(255)', 'String', 'paytype', '0', '0', NULL, '1', '1', '1', NULL, 'EQ', 'select', 'sys_zf_type', 3, 'admin', '2020-05-07 11:55:57', '', '2020-05-07 11:58:30');
INSERT INTO `gen_table_column` VALUES (183, '15', 'outputtime', '退货时间', 'datetime', 'Date', 'outputtime', '0', '0', NULL, '1', '1', '1', '1', 'EQ', 'datetime', '', 4, 'admin', '2020-05-07 11:55:57', '', '2020-05-07 11:58:30');
INSERT INTO `gen_table_column` VALUES (184, '15', 'operateperson', '操作员', 'varchar(255)', 'String', 'operateperson', '0', '0', NULL, '1', NULL, '1', NULL, 'EQ', 'input', '', 5, 'admin', '2020-05-07 11:55:57', '', '2020-05-07 11:58:30');
INSERT INTO `gen_table_column` VALUES (185, '15', 'outportprice', '退货价格', 'double', 'Long', 'outportprice', '0', '0', NULL, '1', '1', '1', NULL, 'EQ', 'input', '', 6, 'admin', '2020-05-07 11:55:57', '', '2020-05-07 11:58:30');
INSERT INTO `gen_table_column` VALUES (186, '15', 'number', '数量', 'int(11)', 'Long', 'number', '0', '0', NULL, '1', '1', '1', NULL, 'EQ', 'input', '', 7, 'admin', '2020-05-07 11:55:57', '', '2020-05-07 11:58:30');
INSERT INTO `gen_table_column` VALUES (187, '15', 'remark', '备注', 'varchar(255)', 'String', 'remark', '0', '0', NULL, '1', NULL, NULL, NULL, 'EQ', 'input', '', 8, 'admin', '2020-05-07 11:55:57', '', '2020-05-07 11:58:30');
INSERT INTO `gen_table_column` VALUES (188, '15', 'goodsid', '商品', 'int(11)', 'Long', 'goodsid', '0', '0', NULL, '1', NULL, '1', '1', 'LIKE', 'select', '', 9, 'admin', '2020-05-07 11:55:57', '', '2020-05-07 11:58:30');
INSERT INTO `gen_table_column` VALUES (189, '16', 'id', 'id', 'int(11)', 'Long', 'id', '1', '0', NULL, '1', NULL, NULL, NULL, 'EQ', 'input', '', 1, 'admin', '2020-05-07 12:26:48', '', '2020-05-07 12:27:32');
INSERT INTO `gen_table_column` VALUES (190, '16', 'goodsid', '商品', 'int(11)', 'Long', 'goodsid', '0', '0', NULL, '1', '1', '1', '1', 'EQ', 'select', '', 2, 'admin', '2020-05-07 12:26:48', '', '2020-05-07 12:27:32');
INSERT INTO `gen_table_column` VALUES (191, '16', 'delivery_time', '配送时间', 'datetime', 'Date', 'deliveryTime', '0', '0', NULL, '1', '1', '1', '1', 'EQ', 'datetime', '', 3, 'admin', '2020-05-07 12:26:48', '', '2020-05-07 12:27:32');
INSERT INTO `gen_table_column` VALUES (192, '16', 'delivery_person', '配送人员', 'varchar(30)', 'String', 'deliveryPerson', '0', '0', NULL, '1', '1', '1', '1', 'EQ', 'input', '', 4, 'admin', '2020-05-07 12:26:48', '', '2020-05-07 12:27:32');
INSERT INTO `gen_table_column` VALUES (193, '16', 'address', '配送地址', 'varchar(30)', 'String', 'address', '0', '0', NULL, '1', '1', '1', '1', 'EQ', 'input', '', 5, 'admin', '2020-05-07 12:26:48', '', '2020-05-07 12:27:32');
INSERT INTO `gen_table_column` VALUES (194, '16', 'operator', '操作员', 'varchar(30)', 'String', 'operator', '0', '0', NULL, '1', '1', '1', '1', 'EQ', 'input', '', 6, 'admin', '2020-05-07 12:26:48', '', '2020-05-07 12:27:32');
INSERT INTO `gen_table_column` VALUES (208, '19', 'id', 'id', 'int(11)', 'Long', 'id', '1', '1', NULL, NULL, NULL, NULL, NULL, 'EQ', 'input', '', 1, 'admin', '2020-05-13 10:46:29', '', '2020-05-17 12:57:18');
INSERT INTO `gen_table_column` VALUES (209, '19', 'cust_name', '客户名称', 'varchar(20)', 'String', 'custName', '0', '0', NULL, '1', '1', '1', '1', 'LIKE', 'input', '', 2, 'admin', '2020-05-13 10:46:29', '', '2020-05-17 12:57:18');
INSERT INTO `gen_table_column` VALUES (210, '19', 'order_date', '订单日期', 'date', 'Date', 'orderDate', '0', '0', NULL, '1', '1', '1', '1', 'LTE', 'datetime', '', 3, 'admin', '2020-05-13 10:46:29', '', '2020-05-17 12:57:18');
INSERT INTO `gen_table_column` VALUES (211, '19', 'order_type', '订单类型', 'varchar(10)', 'String', 'orderType', '0', '0', NULL, '1', '1', '1', '1', 'EQ', 'select', '', 4, 'admin', '2020-05-13 10:46:29', '', '2020-05-17 12:57:18');
INSERT INTO `gen_table_column` VALUES (212, '19', 'pay_type', '付款方式', 'char(10)', 'String', 'payType', '0', '0', NULL, '1', '1', '1', '1', 'EQ', 'select', 'sys_zf_type', 5, 'admin', '2020-05-13 10:46:29', '', '2020-05-17 12:57:18');
INSERT INTO `gen_table_column` VALUES (213, '19', 'state', '状态', 'char(10)', 'String', 'state', '0', '0', NULL, NULL, NULL, NULL, NULL, 'EQ', 'radio', '', 6, 'admin', '2020-05-13 10:46:29', '', '2020-05-17 12:57:18');
INSERT INTO `gen_table_column` VALUES (232, '23', 'id', NULL, 'int(11)', 'Long', 'id', '1', '1', NULL, NULL, NULL, NULL, NULL, 'EQ', 'input', '', 1, 'admin', '2020-05-17 11:36:48', '', '2020-05-17 11:38:50');
INSERT INTO `gen_table_column` VALUES (233, '23', 'purchase_num', '采购申请单编号', 'varchar(30)', 'String', 'purchaseNum', '0', '0', NULL, '1', '1', '1', '1', 'LIKE', 'input', '', 2, 'admin', '2020-05-17 11:36:48', '', '2020-05-17 11:38:50');
INSERT INTO `gen_table_column` VALUES (234, '23', 'purchase_date', '申请日期', 'date', 'Date', 'purchaseDate', '0', '0', NULL, '1', '1', '1', '1', 'LTE', 'datetime', '', 3, 'admin', '2020-05-17 11:36:48', '', '2020-05-17 11:38:50');
INSERT INTO `gen_table_column` VALUES (235, '23', 'complete_date', '完成日期', 'date', 'Date', 'completeDate', '0', '0', NULL, '1', '1', '1', '1', 'LTE', 'datetime', '', 4, 'admin', '2020-05-17 11:36:48', '', '2020-05-17 11:38:50');
INSERT INTO `gen_table_column` VALUES (236, '23', 'person', '申请人', 'varchar(20)', 'String', 'person', '0', '0', NULL, '1', '1', '1', '1', 'LIKE', 'input', '', 5, 'admin', '2020-05-17 11:36:48', '', '2020-05-17 11:38:50');
INSERT INTO `gen_table_column` VALUES (237, '23', 'purchase_state', '采购状态', 'int(10)', 'Integer', 'purchaseState', '0', '0', NULL, NULL, NULL, '1', '1', 'EQ', 'select', 'sys_purchase_state', 6, 'admin', '2020-05-17 11:36:48', '', '2020-05-17 11:38:50');
INSERT INTO `gen_table_column` VALUES (238, '24', 'id', 'id', 'int(11)', 'Long', 'id', '1', '1', NULL, NULL, NULL, NULL, NULL, 'EQ', 'input', '', 1, 'admin', '2020-05-17 13:13:42', '', '2020-05-17 13:14:49');
INSERT INTO `gen_table_column` VALUES (239, '24', 'goodsid', '商品', 'int(11)', 'Long', 'goodsid', '0', '0', NULL, '1', '1', '1', '1', 'LIKE', 'select', '', 2, 'admin', '2020-05-17 13:13:42', '', '2020-05-17 13:14:49');
INSERT INTO `gen_table_column` VALUES (240, '24', 'shipping_time', '到货时间', 'datetime', 'Date', 'shippingTime', '0', '0', NULL, '1', '1', '1', '1', 'EQ', 'datetime', '', 3, 'admin', '2020-05-17 13:13:42', '', '2020-05-17 13:14:49');
INSERT INTO `gen_table_column` VALUES (241, '24', 'cgy', '仓管员', 'varchar(20)', 'String', 'cgy', '0', '0', NULL, '1', '1', '1', NULL, 'EQ', 'input', '', 4, 'admin', '2020-05-17 13:13:42', '', '2020-05-17 13:14:49');
INSERT INTO `gen_table_column` VALUES (242, '24', 'operator', '操作员', 'varchar(20)', 'String', 'operator', '0', '0', NULL, '1', '1', '1', NULL, 'EQ', 'input', '', 5, 'admin', '2020-05-17 13:13:42', '', '2020-05-17 13:14:49');
INSERT INTO `gen_table_column` VALUES (243, '24', 'ship_person', '运送人员', 'varchar(20)', 'String', 'shipPerson', '0', '0', NULL, '1', '1', '1', NULL, 'EQ', 'input', '', 6, 'admin', '2020-05-17 13:13:42', '', '2020-05-17 13:14:49');
INSERT INTO `gen_table_column` VALUES (244, '24', 'warehouse', '仓库', 'varchar(20)', 'String', 'warehouse', '0', '0', NULL, '1', '1', '1', NULL, 'EQ', 'input', '', 7, 'admin', '2020-05-17 13:13:42', '', '2020-05-17 13:14:49');
INSERT INTO `gen_table_column` VALUES (245, '25', 'id', NULL, 'int(11)', 'Long', 'id', '0', '1', '1', NULL, NULL, NULL, NULL, 'EQ', 'input', '', 1, 'admin', '2020-05-17 13:37:35', '', '2020-05-17 13:42:56');
INSERT INTO `gen_table_column` VALUES (246, '25', 'ck_num', '仓库编号', 'varchar(20)', 'String', 'ckNum', '0', '0', NULL, '1', '1', '1', '1', 'LIKE', 'input', '', 2, 'admin', '2020-05-17 13:37:35', '', '2020-05-17 13:42:56');
INSERT INTO `gen_table_column` VALUES (247, '25', 'ck_temp', '温度', 'varchar(10)', 'String', 'ckTemp', '0', '0', NULL, '1', '1', '1', NULL, 'EQ', 'input', '', 3, 'admin', '2020-05-17 13:37:35', '', '2020-05-17 13:42:56');
INSERT INTO `gen_table_column` VALUES (248, '25', 'check_person', '检查人', 'varchar(20)', 'String', 'checkPerson', '0', '0', NULL, '1', '1', '1', NULL, 'EQ', 'input', '', 4, 'admin', '2020-05-17 13:37:35', '', '2020-05-17 13:42:56');
INSERT INTO `gen_table_column` VALUES (249, '25', 'check_date', '检查日期', 'date', 'Date', 'checkDate', '0', '0', NULL, '1', '1', '1', '1', 'EQ', 'datetime', '', 5, 'admin', '2020-05-17 13:37:35', '', '2020-05-17 13:42:56');
INSERT INTO `gen_table_column` VALUES (279, '31', 'id', NULL, 'int(11)', 'Long', 'id', '0', '0', '1', '1', NULL, NULL, NULL, 'EQ', 'input', '', 1, 'admin', '2020-05-19 16:10:29', '', '2020-05-19 16:19:10');
INSERT INTO `gen_table_column` VALUES (280, '31', 'order_num', '订单编号', 'varchar(20)', 'String', 'orderNum', '0', '0', NULL, '1', '1', '1', '1', 'LIKE', 'input', '', 2, 'admin', '2020-05-19 16:10:29', '', '2020-05-19 16:19:10');
INSERT INTO `gen_table_column` VALUES (281, '31', 'good_id', '商品', 'int(11)', 'Long', 'goodId', '0', '0', NULL, '1', '1', '1', '1', 'LIKE', 'input', '', 3, 'admin', '2020-05-19 16:10:29', '', '2020-05-19 16:19:10');
INSERT INTO `gen_table_column` VALUES (282, '31', 'num', '数量', 'double', 'Long', 'num', '0', '0', NULL, '1', '1', '1', NULL, 'EQ', 'input', '', 4, 'admin', '2020-05-19 16:10:29', '', '2020-05-19 16:19:10');
INSERT INTO `gen_table_column` VALUES (283, '31', 'company', '单位', 'varchar(20)', 'String', 'company', '0', '0', NULL, '1', '1', '1', NULL, 'EQ', 'input', '', 5, 'admin', '2020-05-19 16:10:29', '', '2020-05-19 16:19:10');
INSERT INTO `gen_table_column` VALUES (284, '32', 'id', 'id', 'int(11)', 'Long', 'id', '1', '1', NULL, NULL, NULL, '1', NULL, 'EQ', 'input', '', 1, 'admin', '2020-05-19 17:46:15', '', '2020-05-19 17:47:49');
INSERT INTO `gen_table_column` VALUES (285, '32', 'ruku_num', '入库作业单', 'varchar(30)', 'String', 'rukuNum', '0', '0', NULL, '1', '1', '1', '1', 'EQ', 'input', '', 2, 'admin', '2020-05-19 17:46:15', '', '2020-05-19 17:47:49');
INSERT INTO `gen_table_column` VALUES (286, '32', 'cgy', '仓管员', 'varchar(30)', 'String', 'cgy', '0', '0', NULL, '1', '1', '1', NULL, 'EQ', 'input', '', 3, 'admin', '2020-05-19 17:46:15', '', '2020-05-19 17:47:49');
INSERT INTO `gen_table_column` VALUES (287, '32', 'ruku_time', '入库时间', 'datetime', 'Date', 'rukuTime', '0', '0', NULL, '1', '1', '1', NULL, 'EQ', 'datetime', '', 4, 'admin', '2020-05-19 17:46:15', '', '2020-05-19 17:47:49');
INSERT INTO `gen_table_column` VALUES (288, '32', 'dhtz', '采购单号', 'varchar(11)', 'String', 'dhtz', '0', '0', NULL, '1', '1', '1', '1', 'EQ', 'input', '', 5, 'admin', '2020-05-19 17:46:15', '', '2020-05-19 17:47:49');

-- ----------------------------
-- Table structure for material_scrap
-- ----------------------------
DROP TABLE IF EXISTS `material_scrap`;
CREATE TABLE `material_scrap`  (
  `id` int(11) NOT NULL AUTO_INCREMENT COMMENT 'id',
  `material_num` varchar(20) CHARACTER SET utf8 COLLATE utf8_bin NULL DEFAULT NULL COMMENT '物料编号',
  `specifications` varchar(30) CHARACTER SET utf8 COLLATE utf8_bin NULL DEFAULT NULL COMMENT '规格',
  `weight` double NULL DEFAULT NULL COMMENT '数量',
  `company` char(10) CHARACTER SET utf8 COLLATE utf8_bin NULL DEFAULT NULL COMMENT '单位',
  `reason` varchar(50) CHARACTER SET utf8 COLLATE utf8_bin NULL DEFAULT NULL COMMENT '报废原因',
  `scrap_person` varchar(20) CHARACTER SET utf8 COLLATE utf8_bin NULL DEFAULT NULL COMMENT '报废人',
  `goodId` int(11) NULL DEFAULT NULL COMMENT '商品名',
  PRIMARY KEY (`id`) USING BTREE
) ENGINE = InnoDB AUTO_INCREMENT = 8 CHARACTER SET = utf8 COLLATE = utf8_bin ROW_FORMAT = Compact;

-- ----------------------------
-- Records of material_scrap
-- ----------------------------
INSERT INTO `material_scrap` VALUES (6, 'WLBF001', '12×120', 2, '箱', '过期作废', 'mage', 1);
INSERT INTO `material_scrap` VALUES (7, '111', '22', 33, '44', 'aaa', 'bbb', 3);

-- ----------------------------
-- Table structure for qrtz_blob_triggers
-- ----------------------------
DROP TABLE IF EXISTS `qrtz_blob_triggers`;
CREATE TABLE `qrtz_blob_triggers`  (
  `sched_name` varchar(120) CHARACTER SET utf8 COLLATE utf8_bin NOT NULL,
  `trigger_name` varchar(200) CHARACTER SET utf8 COLLATE utf8_bin NOT NULL,
  `trigger_group` varchar(200) CHARACTER SET utf8 COLLATE utf8_bin NOT NULL,
  `blob_data` blob NULL,
  PRIMARY KEY (`sched_name`, `trigger_name`, `trigger_group`) USING BTREE,
  CONSTRAINT `qrtz_blob_triggers_ibfk_1` FOREIGN KEY (`sched_name`, `trigger_name`, `trigger_group`) REFERENCES `qrtz_triggers` (`sched_name`, `trigger_name`, `trigger_group`) ON DELETE RESTRICT ON UPDATE RESTRICT
) ENGINE = InnoDB CHARACTER SET = utf8 COLLATE = utf8_bin ROW_FORMAT = Compact;

-- ----------------------------
-- Table structure for qrtz_calendars
-- ----------------------------
DROP TABLE IF EXISTS `qrtz_calendars`;
CREATE TABLE `qrtz_calendars`  (
  `sched_name` varchar(120) CHARACTER SET utf8 COLLATE utf8_bin NOT NULL,
  `calendar_name` varchar(200) CHARACTER SET utf8 COLLATE utf8_bin NOT NULL,
  `calendar` blob NOT NULL,
  PRIMARY KEY (`sched_name`, `calendar_name`) USING BTREE
) ENGINE = InnoDB CHARACTER SET = utf8 COLLATE = utf8_bin ROW_FORMAT = Compact;

-- ----------------------------
-- Table structure for qrtz_cron_triggers
-- ----------------------------
DROP TABLE IF EXISTS `qrtz_cron_triggers`;
CREATE TABLE `qrtz_cron_triggers`  (
  `sched_name` varchar(120) CHARACTER SET utf8 COLLATE utf8_bin NOT NULL,
  `trigger_name` varchar(200) CHARACTER SET utf8 COLLATE utf8_bin NOT NULL,
  `trigger_group` varchar(200) CHARACTER SET utf8 COLLATE utf8_bin NOT NULL,
  `cron_expression` varchar(200) CHARACTER SET utf8 COLLATE utf8_bin NOT NULL,
  `time_zone_id` varchar(80) CHARACTER SET utf8 COLLATE utf8_bin NULL DEFAULT NULL,
  PRIMARY KEY (`sched_name`, `trigger_name`, `trigger_group`) USING BTREE,
  CONSTRAINT `qrtz_cron_triggers_ibfk_1` FOREIGN KEY (`sched_name`, `trigger_name`, `trigger_group`) REFERENCES `qrtz_triggers` (`sched_name`, `trigger_name`, `trigger_group`) ON DELETE RESTRICT ON UPDATE RESTRICT
) ENGINE = InnoDB CHARACTER SET = utf8 COLLATE = utf8_bin ROW_FORMAT = Compact;

-- ----------------------------
-- Records of qrtz_cron_triggers
-- ----------------------------
INSERT INTO `qrtz_cron_triggers` VALUES ('RuoyiScheduler', 'TASK_CLASS_NAME1', 'DEFAULT', '0/10 * * * * ?', 'Asia/Shanghai');
INSERT INTO `qrtz_cron_triggers` VALUES ('RuoyiScheduler', 'TASK_CLASS_NAME2', 'DEFAULT', '0/15 * * * * ?', 'Asia/Shanghai');
INSERT INTO `qrtz_cron_triggers` VALUES ('RuoyiScheduler', 'TASK_CLASS_NAME3', 'DEFAULT', '0/20 * * * * ?', 'Asia/Shanghai');

-- ----------------------------
-- Table structure for qrtz_fired_triggers
-- ----------------------------
DROP TABLE IF EXISTS `qrtz_fired_triggers`;
CREATE TABLE `qrtz_fired_triggers`  (
  `sched_name` varchar(120) CHARACTER SET utf8 COLLATE utf8_bin NOT NULL,
  `entry_id` varchar(95) CHARACTER SET utf8 COLLATE utf8_bin NOT NULL,
  `trigger_name` varchar(200) CHARACTER SET utf8 COLLATE utf8_bin NOT NULL,
  `trigger_group` varchar(200) CHARACTER SET utf8 COLLATE utf8_bin NOT NULL,
  `instance_name` varchar(200) CHARACTER SET utf8 COLLATE utf8_bin NOT NULL,
  `fired_time` bigint(13) NOT NULL,
  `sched_time` bigint(13) NOT NULL,
  `priority` int(11) NOT NULL,
  `state` varchar(16) CHARACTER SET utf8 COLLATE utf8_bin NOT NULL,
  `job_name` varchar(200) CHARACTER SET utf8 COLLATE utf8_bin NULL DEFAULT NULL,
  `job_group` varchar(200) CHARACTER SET utf8 COLLATE utf8_bin NULL DEFAULT NULL,
  `is_nonconcurrent` varchar(1) CHARACTER SET utf8 COLLATE utf8_bin NULL DEFAULT NULL,
  `requests_recovery` varchar(1) CHARACTER SET utf8 COLLATE utf8_bin NULL DEFAULT NULL,
  PRIMARY KEY (`sched_name`, `entry_id`) USING BTREE
) ENGINE = InnoDB CHARACTER SET = utf8 COLLATE = utf8_bin ROW_FORMAT = Compact;

-- ----------------------------
-- Table structure for qrtz_job_details
-- ----------------------------
DROP TABLE IF EXISTS `qrtz_job_details`;
CREATE TABLE `qrtz_job_details`  (
  `sched_name` varchar(120) CHARACTER SET utf8 COLLATE utf8_bin NOT NULL,
  `job_name` varchar(200) CHARACTER SET utf8 COLLATE utf8_bin NOT NULL,
  `job_group` varchar(200) CHARACTER SET utf8 COLLATE utf8_bin NOT NULL,
  `description` varchar(250) CHARACTER SET utf8 COLLATE utf8_bin NULL DEFAULT NULL,
  `job_class_name` varchar(250) CHARACTER SET utf8 COLLATE utf8_bin NOT NULL,
  `is_durable` varchar(1) CHARACTER SET utf8 COLLATE utf8_bin NOT NULL,
  `is_nonconcurrent` varchar(1) CHARACTER SET utf8 COLLATE utf8_bin NOT NULL,
  `is_update_data` varchar(1) CHARACTER SET utf8 COLLATE utf8_bin NOT NULL,
  `requests_recovery` varchar(1) CHARACTER SET utf8 COLLATE utf8_bin NOT NULL,
  `job_data` blob NULL,
  PRIMARY KEY (`sched_name`, `job_name`, `job_group`) USING BTREE
) ENGINE = InnoDB CHARACTER SET = utf8 COLLATE = utf8_bin ROW_FORMAT = Compact;

-- ----------------------------
-- Records of qrtz_job_details
-- ----------------------------
INSERT INTO `qrtz_job_details` VALUES ('RuoyiScheduler', 'TASK_CLASS_NAME1', 'DEFAULT', NULL, 'com.logistic.common.utils.job.QuartzDisallowConcurrentExecution', '0', '1', '0', '0', 0xACED0005737200156F72672E71756172747A2E4A6F62446174614D61709FB083E8BFA9B0CB020000787200266F72672E71756172747A2E7574696C732E537472696E674B65794469727479466C61674D61708208E8C3FBC55D280200015A0013616C6C6F77735472616E7369656E74446174617872001D6F72672E71756172747A2E7574696C732E4469727479466C61674D617013E62EAD28760ACE0200025A000564697274794C00036D617074000F4C6A6176612F7574696C2F4D61703B787001737200116A6176612E7574696C2E486173684D61700507DAC1C31660D103000246000A6C6F6164466163746F724900097468726573686F6C6478703F4000000000000C7708000000100000000174000F5441534B5F50524F504552544945537372002A636F6D2E6C6F6769737469632E70726F6A6563742E6D6F6E69746F722E646F6D61696E2E5379734A6F6200000000000000010200084C000A636F6E63757272656E747400124C6A6176612F6C616E672F537472696E673B4C000E63726F6E45787072657373696F6E71007E00094C000C696E766F6B6554617267657471007E00094C00086A6F6247726F757071007E00094C00056A6F6249647400104C6A6176612F6C616E672F4C6F6E673B4C00076A6F624E616D6571007E00094C000D6D697366697265506F6C69637971007E00094C000673746174757371007E00097872002C636F6D2E6C6F6769737469632E6672616D65776F726B2E7765622E646F6D61696E2E42617365456E74697479000000000000000102000A4C0009626567696E54696D6571007E00094C0008637265617465427971007E00094C000A63726561746554696D657400104C6A6176612F7574696C2F446174653B4C00096461746153636F706571007E00094C0007656E6454696D6571007E00094C0006706172616D7371007E00034C000672656D61726B71007E00094C000B73656172636856616C756571007E00094C0008757064617465427971007E00094C000A75706461746554696D6571007E000C78707074000561646D696E7372000E6A6176612E7574696C2E44617465686A81014B59741903000078707708000001622CDE29E0787070707400007070707400013174000E302F3130202A202A202A202A203F74001172795461736B2E72794E6F506172616D7374000744454641554C547372000E6A6176612E6C616E672E4C6F6E673B8BE490CC8F23DF0200014A000576616C7565787200106A6176612E6C616E672E4E756D62657286AC951D0B94E08B02000078700000000000000001740018E7B3BBE7BB9FE9BB98E8AEA4EFBC88E697A0E58F82EFBC8974000133740001317800);
INSERT INTO `qrtz_job_details` VALUES ('RuoyiScheduler', 'TASK_CLASS_NAME2', 'DEFAULT', NULL, 'com.logistic.common.utils.job.QuartzDisallowConcurrentExecution', '0', '1', '0', '0', 0xACED0005737200156F72672E71756172747A2E4A6F62446174614D61709FB083E8BFA9B0CB020000787200266F72672E71756172747A2E7574696C732E537472696E674B65794469727479466C61674D61708208E8C3FBC55D280200015A0013616C6C6F77735472616E7369656E74446174617872001D6F72672E71756172747A2E7574696C732E4469727479466C61674D617013E62EAD28760ACE0200025A000564697274794C00036D617074000F4C6A6176612F7574696C2F4D61703B787001737200116A6176612E7574696C2E486173684D61700507DAC1C31660D103000246000A6C6F6164466163746F724900097468726573686F6C6478703F4000000000000C7708000000100000000174000F5441534B5F50524F504552544945537372002A636F6D2E6C6F6769737469632E70726F6A6563742E6D6F6E69746F722E646F6D61696E2E5379734A6F6200000000000000010200084C000A636F6E63757272656E747400124C6A6176612F6C616E672F537472696E673B4C000E63726F6E45787072657373696F6E71007E00094C000C696E766F6B6554617267657471007E00094C00086A6F6247726F757071007E00094C00056A6F6249647400104C6A6176612F6C616E672F4C6F6E673B4C00076A6F624E616D6571007E00094C000D6D697366697265506F6C69637971007E00094C000673746174757371007E00097872002C636F6D2E6C6F6769737469632E6672616D65776F726B2E7765622E646F6D61696E2E42617365456E74697479000000000000000102000A4C0009626567696E54696D6571007E00094C0008637265617465427971007E00094C000A63726561746554696D657400104C6A6176612F7574696C2F446174653B4C00096461746153636F706571007E00094C0007656E6454696D6571007E00094C0006706172616D7371007E00034C000672656D61726B71007E00094C000B73656172636856616C756571007E00094C0008757064617465427971007E00094C000A75706461746554696D6571007E000C78707074000561646D696E7372000E6A6176612E7574696C2E44617465686A81014B59741903000078707708000001622CDE29E0787070707400007070707400013174000E302F3135202A202A202A202A203F74001572795461736B2E7279506172616D7328277279272974000744454641554C547372000E6A6176612E6C616E672E4C6F6E673B8BE490CC8F23DF0200014A000576616C7565787200106A6176612E6C616E672E4E756D62657286AC951D0B94E08B02000078700000000000000002740018E7B3BBE7BB9FE9BB98E8AEA4EFBC88E69C89E58F82EFBC8974000133740001317800);
INSERT INTO `qrtz_job_details` VALUES ('RuoyiScheduler', 'TASK_CLASS_NAME3', 'DEFAULT', NULL, 'com.logistic.common.utils.job.QuartzDisallowConcurrentExecution', '0', '1', '0', '0', 0xACED0005737200156F72672E71756172747A2E4A6F62446174614D61709FB083E8BFA9B0CB020000787200266F72672E71756172747A2E7574696C732E537472696E674B65794469727479466C61674D61708208E8C3FBC55D280200015A0013616C6C6F77735472616E7369656E74446174617872001D6F72672E71756172747A2E7574696C732E4469727479466C61674D617013E62EAD28760ACE0200025A000564697274794C00036D617074000F4C6A6176612F7574696C2F4D61703B787001737200116A6176612E7574696C2E486173684D61700507DAC1C31660D103000246000A6C6F6164466163746F724900097468726573686F6C6478703F4000000000000C7708000000100000000174000F5441534B5F50524F504552544945537372002A636F6D2E6C6F6769737469632E70726F6A6563742E6D6F6E69746F722E646F6D61696E2E5379734A6F6200000000000000010200084C000A636F6E63757272656E747400124C6A6176612F6C616E672F537472696E673B4C000E63726F6E45787072657373696F6E71007E00094C000C696E766F6B6554617267657471007E00094C00086A6F6247726F757071007E00094C00056A6F6249647400104C6A6176612F6C616E672F4C6F6E673B4C00076A6F624E616D6571007E00094C000D6D697366697265506F6C69637971007E00094C000673746174757371007E00097872002C636F6D2E6C6F6769737469632E6672616D65776F726B2E7765622E646F6D61696E2E42617365456E74697479000000000000000102000A4C0009626567696E54696D6571007E00094C0008637265617465427971007E00094C000A63726561746554696D657400104C6A6176612F7574696C2F446174653B4C00096461746153636F706571007E00094C0007656E6454696D6571007E00094C0006706172616D7371007E00034C000672656D61726B71007E00094C000B73656172636856616C756571007E00094C0008757064617465427971007E00094C000A75706461746554696D6571007E000C78707074000561646D696E7372000E6A6176612E7574696C2E44617465686A81014B59741903000078707708000001622CDE29E0787070707400007070707400013174000E302F3230202A202A202A202A203F74003872795461736B2E72794D756C7469706C65506172616D7328277279272C20747275652C20323030304C2C203331362E3530442C203130302974000744454641554C547372000E6A6176612E6C616E672E4C6F6E673B8BE490CC8F23DF0200014A000576616C7565787200106A6176612E6C616E672E4E756D62657286AC951D0B94E08B02000078700000000000000003740018E7B3BBE7BB9FE9BB98E8AEA4EFBC88E5A49AE58F82EFBC8974000133740001317800);

-- ----------------------------
-- Table structure for qrtz_locks
-- ----------------------------
DROP TABLE IF EXISTS `qrtz_locks`;
CREATE TABLE `qrtz_locks`  (
  `sched_name` varchar(120) CHARACTER SET utf8 COLLATE utf8_bin NOT NULL,
  `lock_name` varchar(40) CHARACTER SET utf8 COLLATE utf8_bin NOT NULL,
  PRIMARY KEY (`sched_name`, `lock_name`) USING BTREE
) ENGINE = InnoDB CHARACTER SET = utf8 COLLATE = utf8_bin ROW_FORMAT = Compact;

-- ----------------------------
-- Records of qrtz_locks
-- ----------------------------
INSERT INTO `qrtz_locks` VALUES ('RuoyiScheduler', 'STATE_ACCESS');
INSERT INTO `qrtz_locks` VALUES ('RuoyiScheduler', 'TRIGGER_ACCESS');

-- ----------------------------
-- Table structure for qrtz_paused_trigger_grps
-- ----------------------------
DROP TABLE IF EXISTS `qrtz_paused_trigger_grps`;
CREATE TABLE `qrtz_paused_trigger_grps`  (
  `sched_name` varchar(120) CHARACTER SET utf8 COLLATE utf8_bin NOT NULL,
  `trigger_group` varchar(200) CHARACTER SET utf8 COLLATE utf8_bin NOT NULL,
  PRIMARY KEY (`sched_name`, `trigger_group`) USING BTREE
) ENGINE = InnoDB CHARACTER SET = utf8 COLLATE = utf8_bin ROW_FORMAT = Compact;

-- ----------------------------
-- Table structure for qrtz_scheduler_state
-- ----------------------------
DROP TABLE IF EXISTS `qrtz_scheduler_state`;
CREATE TABLE `qrtz_scheduler_state`  (
  `sched_name` varchar(120) CHARACTER SET utf8 COLLATE utf8_bin NOT NULL,
  `instance_name` varchar(200) CHARACTER SET utf8 COLLATE utf8_bin NOT NULL,
  `last_checkin_time` bigint(13) NOT NULL,
  `checkin_interval` bigint(13) NOT NULL,
  PRIMARY KEY (`sched_name`, `instance_name`) USING BTREE
) ENGINE = InnoDB CHARACTER SET = utf8 COLLATE = utf8_bin ROW_FORMAT = Compact;

-- ----------------------------
-- Records of qrtz_scheduler_state
-- ----------------------------
INSERT INTO `qrtz_scheduler_state` VALUES ('RuoyiScheduler', 'ICOS-20191217XB1644065211356', 1644075012364, 15000);

-- ----------------------------
-- Table structure for qrtz_simple_triggers
-- ----------------------------
DROP TABLE IF EXISTS `qrtz_simple_triggers`;
CREATE TABLE `qrtz_simple_triggers`  (
  `sched_name` varchar(120) CHARACTER SET utf8 COLLATE utf8_bin NOT NULL,
  `trigger_name` varchar(200) CHARACTER SET utf8 COLLATE utf8_bin NOT NULL,
  `trigger_group` varchar(200) CHARACTER SET utf8 COLLATE utf8_bin NOT NULL,
  `repeat_count` bigint(7) NOT NULL,
  `repeat_interval` bigint(12) NOT NULL,
  `times_triggered` bigint(10) NOT NULL,
  PRIMARY KEY (`sched_name`, `trigger_name`, `trigger_group`) USING BTREE,
  CONSTRAINT `qrtz_simple_triggers_ibfk_1` FOREIGN KEY (`sched_name`, `trigger_name`, `trigger_group`) REFERENCES `qrtz_triggers` (`sched_name`, `trigger_name`, `trigger_group`) ON DELETE RESTRICT ON UPDATE RESTRICT
) ENGINE = InnoDB CHARACTER SET = utf8 COLLATE = utf8_bin ROW_FORMAT = Compact;

-- ----------------------------
-- Table structure for qrtz_simprop_triggers
-- ----------------------------
DROP TABLE IF EXISTS `qrtz_simprop_triggers`;
CREATE TABLE `qrtz_simprop_triggers`  (
  `sched_name` varchar(120) CHARACTER SET utf8 COLLATE utf8_bin NOT NULL,
  `trigger_name` varchar(200) CHARACTER SET utf8 COLLATE utf8_bin NOT NULL,
  `trigger_group` varchar(200) CHARACTER SET utf8 COLLATE utf8_bin NOT NULL,
  `str_prop_1` varchar(512) CHARACTER SET utf8 COLLATE utf8_bin NULL DEFAULT NULL,
  `str_prop_2` varchar(512) CHARACTER SET utf8 COLLATE utf8_bin NULL DEFAULT NULL,
  `str_prop_3` varchar(512) CHARACTER SET utf8 COLLATE utf8_bin NULL DEFAULT NULL,
  `int_prop_1` int(11) NULL DEFAULT NULL,
  `int_prop_2` int(11) NULL DEFAULT NULL,
  `long_prop_1` bigint(20) NULL DEFAULT NULL,
  `long_prop_2` bigint(20) NULL DEFAULT NULL,
  `dec_prop_1` decimal(13, 4) NULL DEFAULT NULL,
  `dec_prop_2` decimal(13, 4) NULL DEFAULT NULL,
  `bool_prop_1` varchar(1) CHARACTER SET utf8 COLLATE utf8_bin NULL DEFAULT NULL,
  `bool_prop_2` varchar(1) CHARACTER SET utf8 COLLATE utf8_bin NULL DEFAULT NULL,
  PRIMARY KEY (`sched_name`, `trigger_name`, `trigger_group`) USING BTREE,
  CONSTRAINT `qrtz_simprop_triggers_ibfk_1` FOREIGN KEY (`sched_name`, `trigger_name`, `trigger_group`) REFERENCES `qrtz_triggers` (`sched_name`, `trigger_name`, `trigger_group`) ON DELETE RESTRICT ON UPDATE RESTRICT
) ENGINE = InnoDB CHARACTER SET = utf8 COLLATE = utf8_bin ROW_FORMAT = Compact;

-- ----------------------------
-- Table structure for qrtz_triggers
-- ----------------------------
DROP TABLE IF EXISTS `qrtz_triggers`;
CREATE TABLE `qrtz_triggers`  (
  `sched_name` varchar(120) CHARACTER SET utf8 COLLATE utf8_bin NOT NULL,
  `trigger_name` varchar(200) CHARACTER SET utf8 COLLATE utf8_bin NOT NULL,
  `trigger_group` varchar(200) CHARACTER SET utf8 COLLATE utf8_bin NOT NULL,
  `job_name` varchar(200) CHARACTER SET utf8 COLLATE utf8_bin NOT NULL,
  `job_group` varchar(200) CHARACTER SET utf8 COLLATE utf8_bin NOT NULL,
  `description` varchar(250) CHARACTER SET utf8 COLLATE utf8_bin NULL DEFAULT NULL,
  `next_fire_time` bigint(13) NULL DEFAULT NULL,
  `prev_fire_time` bigint(13) NULL DEFAULT NULL,
  `priority` int(11) NULL DEFAULT NULL,
  `trigger_state` varchar(16) CHARACTER SET utf8 COLLATE utf8_bin NOT NULL,
  `trigger_type` varchar(8) CHARACTER SET utf8 COLLATE utf8_bin NOT NULL,
  `start_time` bigint(13) NOT NULL,
  `end_time` bigint(13) NULL DEFAULT NULL,
  `calendar_name` varchar(200) CHARACTER SET utf8 COLLATE utf8_bin NULL DEFAULT NULL,
  `misfire_instr` smallint(2) NULL DEFAULT NULL,
  `job_data` blob NULL,
  PRIMARY KEY (`sched_name`, `trigger_name`, `trigger_group`) USING BTREE,
  INDEX `sched_name`(`sched_name`, `job_name`, `job_group`) USING BTREE,
  CONSTRAINT `qrtz_triggers_ibfk_1` FOREIGN KEY (`sched_name`, `job_name`, `job_group`) REFERENCES `qrtz_job_details` (`sched_name`, `job_name`, `job_group`) ON DELETE RESTRICT ON UPDATE RESTRICT
) ENGINE = InnoDB CHARACTER SET = utf8 COLLATE = utf8_bin ROW_FORMAT = Compact;

-- ----------------------------
-- Records of qrtz_triggers
-- ----------------------------
INSERT INTO `qrtz_triggers` VALUES ('RuoyiScheduler', 'TASK_CLASS_NAME1', 'DEFAULT', 'TASK_CLASS_NAME1', 'DEFAULT', NULL, 1644065220000, -1, 5, 'PAUSED', 'CRON', 1644065212000, 0, NULL, 2, '');
INSERT INTO `qrtz_triggers` VALUES ('RuoyiScheduler', 'TASK_CLASS_NAME2', 'DEFAULT', 'TASK_CLASS_NAME2', 'DEFAULT', NULL, 1644065220000, -1, 5, 'PAUSED', 'CRON', 1644065212000, 0, NULL, 2, '');
INSERT INTO `qrtz_triggers` VALUES ('RuoyiScheduler', 'TASK_CLASS_NAME3', 'DEFAULT', 'TASK_CLASS_NAME3', 'DEFAULT', NULL, 1644065220000, -1, 5, 'PAUSED', 'CRON', 1644065212000, 0, NULL, 2, '');

-- ----------------------------
-- Table structure for shippingdoc
-- ----------------------------
DROP TABLE IF EXISTS `shippingdoc`;
CREATE TABLE `shippingdoc`  (
  `id` int(11) NOT NULL AUTO_INCREMENT COMMENT 'id',
  `goodsid` int(11) NULL DEFAULT NULL COMMENT '商品',
  `shipping_time` datetime(0) NULL DEFAULT NULL COMMENT '到货时间',
  `cgy` varchar(20) CHARACTER SET utf8 COLLATE utf8_bin NULL DEFAULT NULL COMMENT '仓管员',
  `operator` varchar(20) CHARACTER SET utf8 COLLATE utf8_bin NULL DEFAULT NULL COMMENT '操作员',
  `ship_person` varchar(20) CHARACTER SET utf8 COLLATE utf8_bin NULL DEFAULT NULL COMMENT '运送人员',
  `warehouse` varchar(20) CHARACTER SET utf8 COLLATE utf8_bin NULL DEFAULT NULL,
  PRIMARY KEY (`id`) USING BTREE
) ENGINE = InnoDB AUTO_INCREMENT = 5 CHARACTER SET = utf8 COLLATE = utf8_bin ROW_FORMAT = Compact;

-- ----------------------------
-- Records of shippingdoc
-- ----------------------------
INSERT INTO `shippingdoc` VALUES (1, 4, '2020-05-07 00:00:00', 'admin', 'admin', '宋师傅', '1号仓库');
INSERT INTO `shippingdoc` VALUES (2, 1, '2022-02-01 00:00:00', '11', '22', '23', '44');
INSERT INTO `shippingdoc` VALUES (3, 2, '2022-01-31 00:00:00', '11', '2', '2', '3');
INSERT INTO `shippingdoc` VALUES (4, 2, '2022-02-01 00:00:00', '11', '22', '33', '44');

-- ----------------------------
-- Table structure for sys_config
-- ----------------------------
DROP TABLE IF EXISTS `sys_config`;
CREATE TABLE `sys_config`  (
  `config_id` int(5) NOT NULL AUTO_INCREMENT COMMENT '参数主键',
  `config_name` varchar(100) CHARACTER SET utf8 COLLATE utf8_bin NULL DEFAULT '' COMMENT '参数名称',
  `config_key` varchar(100) CHARACTER SET utf8 COLLATE utf8_bin NULL DEFAULT '' COMMENT '参数键名',
  `config_value` varchar(500) CHARACTER SET utf8 COLLATE utf8_bin NULL DEFAULT '' COMMENT '参数键值',
  `config_type` char(1) CHARACTER SET utf8 COLLATE utf8_bin NULL DEFAULT 'N' COMMENT '系统内置（Y是 N否）',
  `create_by` varchar(64) CHARACTER SET utf8 COLLATE utf8_bin NULL DEFAULT '' COMMENT '创建者',
  `create_time` datetime(0) NULL DEFAULT NULL COMMENT '创建时间',
  `update_by` varchar(64) CHARACTER SET utf8 COLLATE utf8_bin NULL DEFAULT '' COMMENT '更新者',
  `update_time` datetime(0) NULL DEFAULT NULL COMMENT '更新时间',
  `remark` varchar(500) CHARACTER SET utf8 COLLATE utf8_bin NULL DEFAULT NULL COMMENT '备注',
  PRIMARY KEY (`config_id`) USING BTREE
) ENGINE = InnoDB AUTO_INCREMENT = 4 CHARACTER SET = utf8 COLLATE = utf8_bin COMMENT = '参数配置表' ROW_FORMAT = Compact;

-- ----------------------------
-- Records of sys_config
-- ----------------------------
INSERT INTO `sys_config` VALUES (1, '主框架页-默认皮肤样式名称', 'sys.index.skinName', 'skin-blue', 'Y', 'admin', '2018-03-16 11:33:00', 'ry', '2018-03-16 11:33:00', '蓝色 skin-blue、绿色 skin-green、紫色 skin-purple、红色 skin-red、黄色 skin-yellow');
INSERT INTO `sys_config` VALUES (2, '用户管理-账号初始密码', 'sys.user.initPassword', '123456', 'Y', 'admin', '2018-03-16 11:33:00', 'ry', '2018-03-16 11:33:00', '初始化密码 123456');
INSERT INTO `sys_config` VALUES (3, '主框架页-侧边栏主题', 'sys.index.sideTheme', 'theme-dark', 'Y', 'admin', '2018-03-16 11:33:00', 'ry', '2018-03-16 11:33:00', '深色主题theme-dark，浅色主题theme-light');

-- ----------------------------
-- Table structure for sys_dept
-- ----------------------------
DROP TABLE IF EXISTS `sys_dept`;
CREATE TABLE `sys_dept`  (
  `dept_id` bigint(20) NOT NULL AUTO_INCREMENT COMMENT '部门id',
  `parent_id` bigint(20) NULL DEFAULT 0 COMMENT '父部门id',
  `ancestors` varchar(50) CHARACTER SET utf8 COLLATE utf8_bin NULL DEFAULT '' COMMENT '祖级列表',
  `dept_name` varchar(30) CHARACTER SET utf8 COLLATE utf8_bin NULL DEFAULT '' COMMENT '部门名称',
  `order_num` int(4) NULL DEFAULT 0 COMMENT '显示顺序',
  `leader` varchar(20) CHARACTER SET utf8 COLLATE utf8_bin NULL DEFAULT NULL COMMENT '负责人',
  `phone` varchar(11) CHARACTER SET utf8 COLLATE utf8_bin NULL DEFAULT NULL COMMENT '联系电话',
  `email` varchar(50) CHARACTER SET utf8 COLLATE utf8_bin NULL DEFAULT NULL COMMENT '邮箱',
  `status` char(1) CHARACTER SET utf8 COLLATE utf8_bin NULL DEFAULT '0' COMMENT '部门状态（0正常 1停用）',
  `del_flag` char(1) CHARACTER SET utf8 COLLATE utf8_bin NULL DEFAULT '0' COMMENT '删除标志（0代表存在 2代表删除）',
  `create_by` varchar(64) CHARACTER SET utf8 COLLATE utf8_bin NULL DEFAULT '' COMMENT '创建者',
  `create_time` datetime(0) NULL DEFAULT NULL COMMENT '创建时间',
  `update_by` varchar(64) CHARACTER SET utf8 COLLATE utf8_bin NULL DEFAULT '' COMMENT '更新者',
  `update_time` datetime(0) NULL DEFAULT NULL COMMENT '更新时间',
  PRIMARY KEY (`dept_id`) USING BTREE
) ENGINE = InnoDB AUTO_INCREMENT = 110 CHARACTER SET = utf8 COLLATE = utf8_bin COMMENT = '部门表' ROW_FORMAT = Compact;

-- ----------------------------
-- Records of sys_dept
-- ----------------------------
INSERT INTO `sys_dept` VALUES (100, 0, '0', '顺丰快递', 0, '若依', '15888888888', 'ry@qq.com', '0', '0', 'admin', '2018-03-16 11:33:00', 'admin', '2020-05-06 12:30:23');
INSERT INTO `sys_dept` VALUES (101, 100, '0,100', '深圳总公司', 1, '诺一', '13800880000', 'ry@qq.com', '0', '0', 'admin', '2018-03-16 11:33:00', 'admin', '2020-05-06 12:30:23');
INSERT INTO `sys_dept` VALUES (102, 100, '0,100', '长沙分公司', 2, '若依', '15888888888', 'ry@qq.com', '0', '0', 'admin', '2018-03-16 11:33:00', 'ry', '2018-03-16 11:33:00');
INSERT INTO `sys_dept` VALUES (103, 101, '0,100,101', '物流部门', 1, '若依', '15888888888', 'ry@qq.com', '0', '0', 'admin', '2018-03-16 11:33:00', 'admin', '2020-05-06 12:30:23');
INSERT INTO `sys_dept` VALUES (104, 101, '0,100,101', '市场部门', 2, '若依', '15888888888', 'ry@qq.com', '0', '0', 'admin', '2018-03-16 11:33:00', 'ry', '2018-03-16 11:33:00');
INSERT INTO `sys_dept` VALUES (105, 101, '0,100,101', '仓储部门', 3, '若依', '15888888888', 'ry@qq.com', '0', '0', 'admin', '2018-03-16 11:33:00', 'admin', '2020-05-06 12:29:40');
INSERT INTO `sys_dept` VALUES (106, 101, '0,100,101', '财务部门', 4, '若依', '15888888888', 'ry@qq.com', '0', '0', 'admin', '2018-03-16 11:33:00', 'ry', '2018-03-16 11:33:00');
INSERT INTO `sys_dept` VALUES (107, 101, '0,100,101', ' 保卫部门', 5, '若依', '15888888888', 'ry@qq.com', '0', '0', 'admin', '2018-03-16 11:33:00', 'admin', '2020-05-06 12:30:07');
INSERT INTO `sys_dept` VALUES (108, 102, '0,100,102', '市场部门', 1, '若依', '15888888888', 'ry@qq.com', '0', '0', 'admin', '2018-03-16 11:33:00', 'ry', '2018-03-16 11:33:00');
INSERT INTO `sys_dept` VALUES (109, 102, '0,100,102', '财务部门', 2, '若依', '15888888888', 'ry@qq.com', '0', '0', 'admin', '2018-03-16 11:33:00', 'ry', '2018-03-16 11:33:00');

-- ----------------------------
-- Table structure for sys_dict_data
-- ----------------------------
DROP TABLE IF EXISTS `sys_dict_data`;
CREATE TABLE `sys_dict_data`  (
  `dict_code` bigint(20) NOT NULL AUTO_INCREMENT COMMENT '字典编码',
  `dict_sort` int(4) NULL DEFAULT 0 COMMENT '字典排序',
  `dict_label` varchar(100) CHARACTER SET utf8 COLLATE utf8_bin NULL DEFAULT '' COMMENT '字典标签',
  `dict_value` varchar(100) CHARACTER SET utf8 COLLATE utf8_bin NULL DEFAULT '' COMMENT '字典键值',
  `dict_type` varchar(100) CHARACTER SET utf8 COLLATE utf8_bin NULL DEFAULT '' COMMENT '字典类型',
  `css_class` varchar(100) CHARACTER SET utf8 COLLATE utf8_bin NULL DEFAULT NULL COMMENT '样式属性（其他样式扩展）',
  `list_class` varchar(100) CHARACTER SET utf8 COLLATE utf8_bin NULL DEFAULT NULL COMMENT '表格回显样式',
  `is_default` char(1) CHARACTER SET utf8 COLLATE utf8_bin NULL DEFAULT 'N' COMMENT '是否默认（Y是 N否）',
  `status` char(1) CHARACTER SET utf8 COLLATE utf8_bin NULL DEFAULT '0' COMMENT '状态（0正常 1停用）',
  `create_by` varchar(64) CHARACTER SET utf8 COLLATE utf8_bin NULL DEFAULT '' COMMENT '创建者',
  `create_time` datetime(0) NULL DEFAULT NULL COMMENT '创建时间',
  `update_by` varchar(64) CHARACTER SET utf8 COLLATE utf8_bin NULL DEFAULT '' COMMENT '更新者',
  `update_time` datetime(0) NULL DEFAULT NULL COMMENT '更新时间',
  `remark` varchar(500) CHARACTER SET utf8 COLLATE utf8_bin NULL DEFAULT NULL COMMENT '备注',
  PRIMARY KEY (`dict_code`) USING BTREE
) ENGINE = InnoDB AUTO_INCREMENT = 33 CHARACTER SET = utf8 COLLATE = utf8_bin COMMENT = '字典数据表' ROW_FORMAT = Compact;

-- ----------------------------
-- Records of sys_dict_data
-- ----------------------------
INSERT INTO `sys_dict_data` VALUES (1, 1, '男', '0', 'sys_user_sex', '', '', 'Y', '0', 'admin', '2018-03-16 11:33:00', 'ry', '2018-03-16 11:33:00', '性别男');
INSERT INTO `sys_dict_data` VALUES (2, 2, '女', '1', 'sys_user_sex', '', '', 'N', '0', 'admin', '2018-03-16 11:33:00', 'ry', '2018-03-16 11:33:00', '性别女');
INSERT INTO `sys_dict_data` VALUES (3, 3, '未知', '2', 'sys_user_sex', '', '', 'N', '0', 'admin', '2018-03-16 11:33:00', 'ry', '2018-03-16 11:33:00', '性别未知');
INSERT INTO `sys_dict_data` VALUES (4, 1, '显示', '0', 'sys_show_hide', '', 'primary', 'Y', '0', 'admin', '2018-03-16 11:33:00', 'ry', '2018-03-16 11:33:00', '显示菜单');
INSERT INTO `sys_dict_data` VALUES (5, 2, '隐藏', '1', 'sys_show_hide', '', 'danger', 'N', '0', 'admin', '2018-03-16 11:33:00', 'ry', '2018-03-16 11:33:00', '隐藏菜单');
INSERT INTO `sys_dict_data` VALUES (6, 1, '正常', '0', 'sys_normal_disable', '', 'primary', 'Y', '0', 'admin', '2018-03-16 11:33:00', 'ry', '2018-03-16 11:33:00', '正常状态');
INSERT INTO `sys_dict_data` VALUES (7, 2, '停用', '1', 'sys_normal_disable', '', 'danger', 'N', '0', 'admin', '2018-03-16 11:33:00', 'ry', '2018-03-16 11:33:00', '停用状态');
INSERT INTO `sys_dict_data` VALUES (8, 1, '正常', '0', 'sys_job_status', '', 'primary', 'Y', '0', 'admin', '2018-03-16 11:33:00', 'ry', '2018-03-16 11:33:00', '正常状态');
INSERT INTO `sys_dict_data` VALUES (9, 2, '暂停', '1', 'sys_job_status', '', 'danger', 'N', '0', 'admin', '2018-03-16 11:33:00', 'ry', '2018-03-16 11:33:00', '停用状态');
INSERT INTO `sys_dict_data` VALUES (10, 1, '默认', 'DEFAULT', 'sys_job_group', '', '', 'Y', '0', 'admin', '2018-03-16 11:33:00', 'ry', '2018-03-16 11:33:00', '默认分组');
INSERT INTO `sys_dict_data` VALUES (11, 2, '系统', 'SYSTEM', 'sys_job_group', '', '', 'N', '0', 'admin', '2018-03-16 11:33:00', 'ry', '2018-03-16 11:33:00', '系统分组');
INSERT INTO `sys_dict_data` VALUES (12, 1, '是', 'Y', 'sys_yes_no', '', 'primary', 'Y', '0', 'admin', '2018-03-16 11:33:00', 'ry', '2018-03-16 11:33:00', '系统默认是');
INSERT INTO `sys_dict_data` VALUES (13, 2, '否', 'N', 'sys_yes_no', '', 'danger', 'N', '0', 'admin', '2018-03-16 11:33:00', 'ry', '2018-03-16 11:33:00', '系统默认否');
INSERT INTO `sys_dict_data` VALUES (14, 1, '通知', '1', 'sys_notice_type', '', 'warning', 'Y', '0', 'admin', '2018-03-16 11:33:00', 'ry', '2018-03-16 11:33:00', '通知');
INSERT INTO `sys_dict_data` VALUES (15, 2, '公告', '2', 'sys_notice_type', '', 'success', 'N', '0', 'admin', '2018-03-16 11:33:00', 'ry', '2018-03-16 11:33:00', '公告');
INSERT INTO `sys_dict_data` VALUES (16, 1, '正常', '0', 'sys_notice_status', '', 'primary', 'Y', '0', 'admin', '2018-03-16 11:33:00', 'ry', '2018-03-16 11:33:00', '正常状态');
INSERT INTO `sys_dict_data` VALUES (17, 2, '关闭', '1', 'sys_notice_status', '', 'danger', 'N', '0', 'admin', '2018-03-16 11:33:00', 'ry', '2018-03-16 11:33:00', '关闭状态');
INSERT INTO `sys_dict_data` VALUES (18, 1, '新增', '1', 'sys_oper_type', '', 'info', 'N', '0', 'admin', '2018-03-16 11:33:00', 'ry', '2018-03-16 11:33:00', '新增操作');
INSERT INTO `sys_dict_data` VALUES (19, 2, '修改', '2', 'sys_oper_type', '', 'info', 'N', '0', 'admin', '2018-03-16 11:33:00', 'ry', '2018-03-16 11:33:00', '修改操作');
INSERT INTO `sys_dict_data` VALUES (20, 3, '删除', '3', 'sys_oper_type', '', 'danger', 'N', '0', 'admin', '2018-03-16 11:33:00', 'ry', '2018-03-16 11:33:00', '删除操作');
INSERT INTO `sys_dict_data` VALUES (21, 4, '授权', '4', 'sys_oper_type', '', 'primary', 'N', '0', 'admin', '2018-03-16 11:33:00', 'ry', '2018-03-16 11:33:00', '授权操作');
INSERT INTO `sys_dict_data` VALUES (22, 5, '导出', '5', 'sys_oper_type', '', 'warning', 'N', '0', 'admin', '2018-03-16 11:33:00', 'ry', '2018-03-16 11:33:00', '导出操作');
INSERT INTO `sys_dict_data` VALUES (23, 6, '导入', '6', 'sys_oper_type', '', 'warning', 'N', '0', 'admin', '2018-03-16 11:33:00', 'ry', '2018-03-16 11:33:00', '导入操作');
INSERT INTO `sys_dict_data` VALUES (24, 7, '强退', '7', 'sys_oper_type', '', 'danger', 'N', '0', 'admin', '2018-03-16 11:33:00', 'ry', '2018-03-16 11:33:00', '强退操作');
INSERT INTO `sys_dict_data` VALUES (25, 8, '生成代码', '8', 'sys_oper_type', '', 'warning', 'N', '0', 'admin', '2018-03-16 11:33:00', 'ry', '2018-03-16 11:33:00', '生成操作');
INSERT INTO `sys_dict_data` VALUES (26, 9, '清空数据', '9', 'sys_oper_type', '', 'danger', 'N', '0', 'admin', '2018-03-16 11:33:00', 'ry', '2018-03-16 11:33:00', '清空操作');
INSERT INTO `sys_dict_data` VALUES (27, 1, '成功', '0', 'sys_common_status', '', 'primary', 'N', '0', 'admin', '2018-03-16 11:33:00', 'ry', '2018-03-16 11:33:00', '正常状态');
INSERT INTO `sys_dict_data` VALUES (28, 2, '失败', '1', 'sys_common_status', '', 'danger', 'N', '0', 'admin', '2018-03-16 11:33:00', 'ry', '2018-03-16 11:33:00', '停用状态');
INSERT INTO `sys_dict_data` VALUES (29, 0, '微信支付', '0', 'sys_zf_type', NULL, NULL, 'N', '0', 'admin', '2020-05-06 20:20:46', '', NULL, NULL);
INSERT INTO `sys_dict_data` VALUES (30, 1, '支付宝支付', '1', 'sys_zf_type', NULL, NULL, 'N', '0', 'admin', '2020-05-06 20:20:56', '', NULL, NULL);
INSERT INTO `sys_dict_data` VALUES (31, 0, '未采购', '0', 'sys_purchase_state', NULL, NULL, 'N', '0', 'admin', '2020-05-17 11:34:16', 'admin', '2020-05-17 11:45:07', NULL);
INSERT INTO `sys_dict_data` VALUES (32, 1, '已采购', '1', 'sys_purchase_state', NULL, NULL, 'N', '0', 'admin', '2020-05-17 11:34:55', 'admin', '2020-05-17 11:45:17', NULL);

-- ----------------------------
-- Table structure for sys_dict_type
-- ----------------------------
DROP TABLE IF EXISTS `sys_dict_type`;
CREATE TABLE `sys_dict_type`  (
  `dict_id` bigint(20) NOT NULL AUTO_INCREMENT COMMENT '字典主键',
  `dict_name` varchar(100) CHARACTER SET utf8 COLLATE utf8_bin NULL DEFAULT '' COMMENT '字典名称',
  `dict_type` varchar(100) CHARACTER SET utf8 COLLATE utf8_bin NULL DEFAULT '' COMMENT '字典类型',
  `status` char(1) CHARACTER SET utf8 COLLATE utf8_bin NULL DEFAULT '0' COMMENT '状态（0正常 1停用）',
  `create_by` varchar(64) CHARACTER SET utf8 COLLATE utf8_bin NULL DEFAULT '' COMMENT '创建者',
  `create_time` datetime(0) NULL DEFAULT NULL COMMENT '创建时间',
  `update_by` varchar(64) CHARACTER SET utf8 COLLATE utf8_bin NULL DEFAULT '' COMMENT '更新者',
  `update_time` datetime(0) NULL DEFAULT NULL COMMENT '更新时间',
  `remark` varchar(500) CHARACTER SET utf8 COLLATE utf8_bin NULL DEFAULT NULL COMMENT '备注',
  PRIMARY KEY (`dict_id`) USING BTREE,
  UNIQUE INDEX `dict_type`(`dict_type`) USING BTREE
) ENGINE = InnoDB AUTO_INCREMENT = 13 CHARACTER SET = utf8 COLLATE = utf8_bin COMMENT = '字典类型表' ROW_FORMAT = Compact;

-- ----------------------------
-- Records of sys_dict_type
-- ----------------------------
INSERT INTO `sys_dict_type` VALUES (1, '用户性别', 'sys_user_sex', '0', 'admin', '2018-03-16 11:33:00', 'ry', '2018-03-16 11:33:00', '用户性别列表');
INSERT INTO `sys_dict_type` VALUES (2, '菜单状态', 'sys_show_hide', '0', 'admin', '2018-03-16 11:33:00', 'ry', '2018-03-16 11:33:00', '菜单状态列表');
INSERT INTO `sys_dict_type` VALUES (3, '系统开关', 'sys_normal_disable', '0', 'admin', '2018-03-16 11:33:00', 'ry', '2018-03-16 11:33:00', '系统开关列表');
INSERT INTO `sys_dict_type` VALUES (4, '任务状态', 'sys_job_status', '0', 'admin', '2018-03-16 11:33:00', 'ry', '2018-03-16 11:33:00', '任务状态列表');
INSERT INTO `sys_dict_type` VALUES (5, '任务分组', 'sys_job_group', '0', 'admin', '2018-03-16 11:33:00', 'ry', '2018-03-16 11:33:00', '任务分组列表');
INSERT INTO `sys_dict_type` VALUES (6, '系统是否', 'sys_yes_no', '0', 'admin', '2018-03-16 11:33:00', 'ry', '2018-03-16 11:33:00', '系统是否列表');
INSERT INTO `sys_dict_type` VALUES (7, '通知类型', 'sys_notice_type', '0', 'admin', '2018-03-16 11:33:00', 'ry', '2018-03-16 11:33:00', '通知类型列表');
INSERT INTO `sys_dict_type` VALUES (8, '通知状态', 'sys_notice_status', '0', 'admin', '2018-03-16 11:33:00', 'ry', '2018-03-16 11:33:00', '通知状态列表');
INSERT INTO `sys_dict_type` VALUES (9, '操作类型', 'sys_oper_type', '0', 'admin', '2018-03-16 11:33:00', 'ry', '2018-03-16 11:33:00', '操作类型列表');
INSERT INTO `sys_dict_type` VALUES (10, '系统状态', 'sys_common_status', '0', 'admin', '2018-03-16 11:33:00', 'ry', '2018-03-16 11:33:00', '登录状态列表');
INSERT INTO `sys_dict_type` VALUES (11, '支付类别', 'sys_zf_type', '0', 'admin', '2020-05-06 20:19:58', '', NULL, '支付类型');
INSERT INTO `sys_dict_type` VALUES (12, '采购状态', 'sys_purchase_state', '0', 'admin', '2020-05-17 11:32:57', '', NULL, NULL);

-- ----------------------------
-- Table structure for sys_job
-- ----------------------------
DROP TABLE IF EXISTS `sys_job`;
CREATE TABLE `sys_job`  (
  `job_id` bigint(20) NOT NULL AUTO_INCREMENT COMMENT '任务ID',
  `job_name` varchar(64) CHARACTER SET utf8 COLLATE utf8_bin NOT NULL DEFAULT '' COMMENT '任务名称',
  `job_group` varchar(64) CHARACTER SET utf8 COLLATE utf8_bin NOT NULL DEFAULT 'DEFAULT' COMMENT '任务组名',
  `invoke_target` varchar(500) CHARACTER SET utf8 COLLATE utf8_bin NOT NULL COMMENT '调用目标字符串',
  `cron_expression` varchar(255) CHARACTER SET utf8 COLLATE utf8_bin NULL DEFAULT '' COMMENT 'cron执行表达式',
  `misfire_policy` varchar(20) CHARACTER SET utf8 COLLATE utf8_bin NULL DEFAULT '3' COMMENT '计划执行错误策略（1立即执行 2执行一次 3放弃执行）',
  `concurrent` char(1) CHARACTER SET utf8 COLLATE utf8_bin NULL DEFAULT '1' COMMENT '是否并发执行（0允许 1禁止）',
  `status` char(1) CHARACTER SET utf8 COLLATE utf8_bin NULL DEFAULT '0' COMMENT '状态（0正常 1暂停）',
  `create_by` varchar(64) CHARACTER SET utf8 COLLATE utf8_bin NULL DEFAULT '' COMMENT '创建者',
  `create_time` datetime(0) NULL DEFAULT NULL COMMENT '创建时间',
  `update_by` varchar(64) CHARACTER SET utf8 COLLATE utf8_bin NULL DEFAULT '' COMMENT '更新者',
  `update_time` datetime(0) NULL DEFAULT NULL COMMENT '更新时间',
  `remark` varchar(500) CHARACTER SET utf8 COLLATE utf8_bin NULL DEFAULT '' COMMENT '备注信息',
  PRIMARY KEY (`job_id`, `job_name`, `job_group`) USING BTREE
) ENGINE = InnoDB AUTO_INCREMENT = 4 CHARACTER SET = utf8 COLLATE = utf8_bin COMMENT = '定时任务调度表' ROW_FORMAT = Compact;

-- ----------------------------
-- Records of sys_job
-- ----------------------------
INSERT INTO `sys_job` VALUES (1, '系统默认（无参）', 'DEFAULT', 'ryTask.ryNoParams', '0/10 * * * * ?', '3', '1', '1', 'admin', '2018-03-16 11:33:00', 'ry', '2018-03-16 11:33:00', '');
INSERT INTO `sys_job` VALUES (2, '系统默认（有参）', 'DEFAULT', 'ryTask.ryParams(\'ry\')', '0/15 * * * * ?', '3', '1', '1', 'admin', '2018-03-16 11:33:00', 'ry', '2018-03-16 11:33:00', '');
INSERT INTO `sys_job` VALUES (3, '系统默认（多参）', 'DEFAULT', 'ryTask.ryMultipleParams(\'ry\', true, 2000L, 316.50D, 100)', '0/20 * * * * ?', '3', '1', '1', 'admin', '2018-03-16 11:33:00', 'ry', '2018-03-16 11:33:00', '');

-- ----------------------------
-- Table structure for sys_job_log
-- ----------------------------
DROP TABLE IF EXISTS `sys_job_log`;
CREATE TABLE `sys_job_log`  (
  `job_log_id` bigint(20) NOT NULL AUTO_INCREMENT COMMENT '任务日志ID',
  `job_name` varchar(64) CHARACTER SET utf8 COLLATE utf8_bin NOT NULL COMMENT '任务名称',
  `job_group` varchar(64) CHARACTER SET utf8 COLLATE utf8_bin NOT NULL COMMENT '任务组名',
  `invoke_target` varchar(500) CHARACTER SET utf8 COLLATE utf8_bin NOT NULL COMMENT '调用目标字符串',
  `job_message` varchar(500) CHARACTER SET utf8 COLLATE utf8_bin NULL DEFAULT NULL COMMENT '日志信息',
  `status` char(1) CHARACTER SET utf8 COLLATE utf8_bin NULL DEFAULT '0' COMMENT '执行状态（0正常 1失败）',
  `exception_info` varchar(2000) CHARACTER SET utf8 COLLATE utf8_bin NULL DEFAULT '' COMMENT '异常信息',
  `create_time` datetime(0) NULL DEFAULT NULL COMMENT '创建时间',
  PRIMARY KEY (`job_log_id`) USING BTREE
) ENGINE = InnoDB AUTO_INCREMENT = 1 CHARACTER SET = utf8 COLLATE = utf8_bin COMMENT = '定时任务调度日志表' ROW_FORMAT = Compact;

-- ----------------------------
-- Table structure for sys_logininfor
-- ----------------------------
DROP TABLE IF EXISTS `sys_logininfor`;
CREATE TABLE `sys_logininfor`  (
  `info_id` bigint(20) NOT NULL AUTO_INCREMENT COMMENT '访问ID',
  `user_name` varchar(50) CHARACTER SET utf8 COLLATE utf8_bin NULL DEFAULT '' COMMENT '用户账号',
  `ipaddr` varchar(50) CHARACTER SET utf8 COLLATE utf8_bin NULL DEFAULT '' COMMENT '登录IP地址',
  `login_location` varchar(255) CHARACTER SET utf8 COLLATE utf8_bin NULL DEFAULT '' COMMENT '登录地点',
  `browser` varchar(50) CHARACTER SET utf8 COLLATE utf8_bin NULL DEFAULT '' COMMENT '浏览器类型',
  `os` varchar(50) CHARACTER SET utf8 COLLATE utf8_bin NULL DEFAULT '' COMMENT '操作系统',
  `status` char(1) CHARACTER SET utf8 COLLATE utf8_bin NULL DEFAULT '0' COMMENT '登录状态（0成功 1失败）',
  `msg` varchar(255) CHARACTER SET utf8 COLLATE utf8_bin NULL DEFAULT '' COMMENT '提示消息',
  `login_time` datetime(0) NULL DEFAULT NULL COMMENT '访问时间',
  PRIMARY KEY (`info_id`) USING BTREE
) ENGINE = InnoDB AUTO_INCREMENT = 101 CHARACTER SET = utf8 COLLATE = utf8_bin COMMENT = '系统访问记录' ROW_FORMAT = Compact;

-- ----------------------------
-- Records of sys_logininfor
-- ----------------------------
INSERT INTO `sys_logininfor` VALUES (1, 'admin', '127.0.0.1', '内网IP', 'Chrome', 'Windows 10', '0', '登录成功', '2020-04-22 14:09:06');
INSERT INTO `sys_logininfor` VALUES (2, 'admin', '127.0.0.1', '内网IP', 'Chrome', 'Windows 10', '0', '退出成功', '2020-04-22 15:13:32');
INSERT INTO `sys_logininfor` VALUES (3, 'admin', '127.0.0.1', '内网IP', 'Chrome', 'Windows 10', '0', '登录成功', '2020-04-22 15:13:51');
INSERT INTO `sys_logininfor` VALUES (4, 'admin', '127.0.0.1', '内网IP', 'Chrome', 'Windows 10', '0', '登录成功', '2020-04-22 20:37:24');
INSERT INTO `sys_logininfor` VALUES (5, 'admin', '127.0.0.1', '内网IP', 'Chrome', 'Windows 10', '0', '退出成功', '2020-04-22 20:53:45');
INSERT INTO `sys_logininfor` VALUES (6, 'admin', '127.0.0.1', '内网IP', 'Chrome', 'Windows 10', '0', '登录成功', '2020-04-22 20:53:50');
INSERT INTO `sys_logininfor` VALUES (7, 'admin', '127.0.0.1', '内网IP', 'Chrome', 'Windows 10', '0', '登录成功', '2020-04-23 09:33:07');
INSERT INTO `sys_logininfor` VALUES (8, 'admin', '127.0.0.1', '内网IP', 'Chrome', 'Windows 10', '0', '退出成功', '2020-04-23 10:22:55');
INSERT INTO `sys_logininfor` VALUES (9, 'admin', '127.0.0.1', '内网IP', 'Chrome', 'Windows 10', '0', '登录成功', '2020-04-23 10:23:00');
INSERT INTO `sys_logininfor` VALUES (10, 'admin', '127.0.0.1', '内网IP', 'Chrome', 'Windows 10', '0', '登录成功', '2020-04-23 13:10:14');
INSERT INTO `sys_logininfor` VALUES (11, 'admin', '127.0.0.1', '内网IP', 'Chrome', 'Windows 10', '0', '登录成功', '2020-04-23 14:09:16');
INSERT INTO `sys_logininfor` VALUES (12, 'admin', '127.0.0.1', '内网IP', 'Chrome', 'Windows 10', '0', '退出成功', '2020-04-23 15:12:26');
INSERT INTO `sys_logininfor` VALUES (13, 'admin', '127.0.0.1', '内网IP', 'Chrome', 'Windows 10', '0', '登录成功', '2020-04-23 15:12:35');
INSERT INTO `sys_logininfor` VALUES (14, 'admin', '127.0.0.1', '内网IP', 'Chrome', 'Windows 10', '0', '登录成功', '2020-04-24 15:30:39');
INSERT INTO `sys_logininfor` VALUES (15, 'admin', '127.0.0.1', '内网IP', 'Chrome', 'Windows 10', '0', '退出成功', '2020-04-24 16:48:03');
INSERT INTO `sys_logininfor` VALUES (16, 'admin', '127.0.0.1', '内网IP', 'Chrome', 'Windows 10', '0', '登录成功', '2020-04-24 16:48:12');
INSERT INTO `sys_logininfor` VALUES (17, 'admin', '127.0.0.1', '内网IP', 'Chrome', 'Windows 10', '0', '登录成功', '2020-04-25 09:19:22');
INSERT INTO `sys_logininfor` VALUES (18, 'admin', '127.0.0.1', '内网IP', 'Chrome', 'Windows 10', '0', '登录成功', '2020-05-05 10:55:49');
INSERT INTO `sys_logininfor` VALUES (19, 'admin', '127.0.0.1', '内网IP', 'Chrome', 'Windows 10', '0', '登录成功', '2020-05-05 15:28:49');
INSERT INTO `sys_logininfor` VALUES (20, 'admin', '127.0.0.1', '内网IP', 'Chrome', 'Windows 10', '0', '登录成功', '2020-05-06 11:25:15');
INSERT INTO `sys_logininfor` VALUES (21, 'admin', '127.0.0.1', '内网IP', 'Chrome', 'Windows 10', '0', '登录成功', '2020-05-06 20:08:13');
INSERT INTO `sys_logininfor` VALUES (22, 'admin', '127.0.0.1', '内网IP', 'Chrome', 'Windows 10', '0', '退出成功', '2020-05-06 20:11:39');
INSERT INTO `sys_logininfor` VALUES (23, 'mmy', '127.0.0.1', '内网IP', 'Chrome', 'Windows 10', '1', '验证码错误', '2020-05-06 20:11:48');
INSERT INTO `sys_logininfor` VALUES (24, 'mmy', '127.0.0.1', '内网IP', 'Chrome', 'Windows 10', '0', '登录成功', '2020-05-06 20:11:54');
INSERT INTO `sys_logininfor` VALUES (25, 'mmy', '127.0.0.1', '内网IP', 'Chrome', 'Windows 10', '0', '退出成功', '2020-05-06 20:15:35');
INSERT INTO `sys_logininfor` VALUES (26, 'admin', '127.0.0.1', '内网IP', 'Chrome', 'Windows 10', '1', '验证码错误', '2020-05-06 20:15:43');
INSERT INTO `sys_logininfor` VALUES (27, 'admin', '127.0.0.1', '内网IP', 'Chrome', 'Windows 10', '0', '登录成功', '2020-05-06 20:15:51');
INSERT INTO `sys_logininfor` VALUES (28, 'admin', '127.0.0.1', '内网IP', 'Chrome', 'Windows 10', '0', '登录成功', '2020-05-06 22:15:59');
INSERT INTO `sys_logininfor` VALUES (29, 'admin', '127.0.0.1', '内网IP', 'Chrome', 'Windows 10', '0', '登录成功', '2020-05-07 10:03:37');
INSERT INTO `sys_logininfor` VALUES (30, 'admin', '127.0.0.1', '内网IP', 'Chrome', 'Windows 10', '0', '退出成功', '2020-05-07 10:19:39');
INSERT INTO `sys_logininfor` VALUES (31, 'admin', '127.0.0.1', '内网IP', 'Chrome', 'Windows 10', '0', '登录成功', '2020-05-07 10:19:45');
INSERT INTO `sys_logininfor` VALUES (32, 'admin', '127.0.0.1', '内网IP', 'Chrome', 'Windows 10', '1', '验证码错误', '2020-05-07 12:05:36');
INSERT INTO `sys_logininfor` VALUES (33, 'admin', '127.0.0.1', '内网IP', 'Chrome', 'Windows 10', '1', '验证码错误', '2020-05-07 12:05:41');
INSERT INTO `sys_logininfor` VALUES (34, 'admin', '127.0.0.1', '内网IP', 'Chrome', 'Windows 10', '0', '登录成功', '2020-05-07 12:05:47');
INSERT INTO `sys_logininfor` VALUES (35, 'admin', '127.0.0.1', '内网IP', 'Chrome', 'Windows 10', '0', '登录成功', '2020-05-07 13:13:39');
INSERT INTO `sys_logininfor` VALUES (36, 'admin', '127.0.0.1', '内网IP', 'Chrome', 'Windows 10', '1', '验证码错误', '2020-05-07 15:23:34');
INSERT INTO `sys_logininfor` VALUES (37, 'admin', '127.0.0.1', '内网IP', 'Chrome', 'Windows 10', '0', '登录成功', '2020-05-07 15:23:39');
INSERT INTO `sys_logininfor` VALUES (38, 'admin', '127.0.0.1', '内网IP', 'Chrome', 'Windows 10', '0', '登录成功', '2020-05-07 19:15:26');
INSERT INTO `sys_logininfor` VALUES (39, 'admin', '127.0.0.1', '内网IP', 'Chrome', 'Windows 10', '0', '登录成功', '2020-05-07 20:38:00');
INSERT INTO `sys_logininfor` VALUES (40, 'admin', '127.0.0.1', '内网IP', 'Chrome', 'Windows 10', '0', '登录成功', '2020-05-07 22:00:24');
INSERT INTO `sys_logininfor` VALUES (41, 'admin', '127.0.0.1', '内网IP', 'Chrome', 'Windows 10', '1', '验证码错误', '2020-05-09 10:50:03');
INSERT INTO `sys_logininfor` VALUES (42, 'admin', '127.0.0.1', '内网IP', 'Chrome', 'Windows 10', '0', '登录成功', '2020-05-09 10:50:08');
INSERT INTO `sys_logininfor` VALUES (43, 'admin', '127.0.0.1', '内网IP', 'Chrome', 'Windows 10', '0', '登录成功', '2020-05-09 13:20:34');
INSERT INTO `sys_logininfor` VALUES (44, 'admin', '127.0.0.1', '内网IP', 'Chrome', 'Windows 10', '1', '验证码错误', '2020-05-09 14:52:36');
INSERT INTO `sys_logininfor` VALUES (45, 'admin', '127.0.0.1', '内网IP', 'Chrome', 'Windows 10', '0', '登录成功', '2020-05-09 14:52:41');
INSERT INTO `sys_logininfor` VALUES (46, 'admin', '127.0.0.1', '内网IP', 'Chrome', 'Windows 10', '0', '登录成功', '2020-05-09 15:28:58');
INSERT INTO `sys_logininfor` VALUES (47, 'admin', '127.0.0.1', '内网IP', 'Chrome', 'Windows 10', '0', '登录成功', '2020-05-09 15:32:06');
INSERT INTO `sys_logininfor` VALUES (48, 'admin', '127.0.0.1', '内网IP', 'Chrome', 'Windows 10', '0', '登录成功', '2020-05-09 19:29:46');
INSERT INTO `sys_logininfor` VALUES (49, 'admin', '127.0.0.1', '内网IP', 'Chrome', 'Windows 10', '0', '登录成功', '2020-05-09 20:07:06');
INSERT INTO `sys_logininfor` VALUES (50, 'admin', '127.0.0.1', '内网IP', 'Chrome', 'Windows 10', '0', '登录成功', '2020-05-10 10:11:25');
INSERT INTO `sys_logininfor` VALUES (51, 'admin', '127.0.0.1', '内网IP', 'Chrome', 'Windows 10', '1', '验证码错误', '2020-05-10 15:17:16');
INSERT INTO `sys_logininfor` VALUES (52, 'admin', '127.0.0.1', '内网IP', 'Chrome', 'Windows 10', '0', '登录成功', '2020-05-10 15:17:21');
INSERT INTO `sys_logininfor` VALUES (53, 'admin', '127.0.0.1', '内网IP', 'Chrome', 'Windows 10', '0', '登录成功', '2020-05-11 10:28:18');
INSERT INTO `sys_logininfor` VALUES (54, 'admin', '127.0.0.1', '内网IP', 'Chrome', 'Windows 10', '0', '登录成功', '2020-05-11 11:17:00');
INSERT INTO `sys_logininfor` VALUES (55, 'admin', '127.0.0.1', '内网IP', 'Chrome', 'Windows 10', '0', '登录成功', '2020-05-11 13:07:38');
INSERT INTO `sys_logininfor` VALUES (56, 'admin', '127.0.0.1', '内网IP', 'Chrome', 'Windows 10', '0', '登录成功', '2020-05-12 13:56:14');
INSERT INTO `sys_logininfor` VALUES (57, 'admin', '127.0.0.1', '内网IP', 'Chrome', 'Windows 10', '0', '登录成功', '2020-05-12 14:29:56');
INSERT INTO `sys_logininfor` VALUES (58, 'admin', '127.0.0.1', '内网IP', 'Chrome', 'Windows 10', '0', '登录成功', '2020-05-13 10:39:50');
INSERT INTO `sys_logininfor` VALUES (59, 'admin', '127.0.0.1', '内网IP', 'Chrome', 'Windows 10', '0', '退出成功', '2020-05-13 11:22:34');
INSERT INTO `sys_logininfor` VALUES (60, 'admin', '127.0.0.1', '内网IP', 'Chrome', 'Windows 10', '0', '登录成功', '2020-05-13 11:22:40');
INSERT INTO `sys_logininfor` VALUES (61, 'admin', '127.0.0.1', '内网IP', 'Chrome', 'Windows 10', '0', '登录成功', '2020-05-13 11:28:39');
INSERT INTO `sys_logininfor` VALUES (62, 'admin', '127.0.0.1', '内网IP', 'Chrome', 'Windows 10', '0', '登录成功', '2020-05-13 13:54:01');
INSERT INTO `sys_logininfor` VALUES (63, 'admin', '127.0.0.1', '内网IP', 'Chrome', 'Windows 10', '0', '登录成功', '2020-05-16 18:59:44');
INSERT INTO `sys_logininfor` VALUES (64, 'admin', '127.0.0.1', '内网IP', 'Chrome', 'Windows 10', '0', '登录成功', '2020-05-17 07:12:49');
INSERT INTO `sys_logininfor` VALUES (65, 'admin', '127.0.0.1', '内网IP', 'Chrome', 'Windows 10', '0', '登录成功', '2020-05-17 09:30:56');
INSERT INTO `sys_logininfor` VALUES (66, 'admin', '127.0.0.1', '内网IP', 'Chrome', 'Windows 10', '0', '登录成功', '2020-05-17 11:08:49');
INSERT INTO `sys_logininfor` VALUES (67, 'admin', '127.0.0.1', '内网IP', 'Chrome', 'Windows 10', '0', '登录成功', '2020-05-17 12:55:27');
INSERT INTO `sys_logininfor` VALUES (68, 'admin', '127.0.0.1', '内网IP', 'Chrome', 'Windows 10', '0', '登录成功', '2020-05-17 12:59:50');
INSERT INTO `sys_logininfor` VALUES (69, 'admin', '127.0.0.1', '内网IP', 'Chrome', 'Windows 10', '0', '退出成功', '2020-05-17 14:25:01');
INSERT INTO `sys_logininfor` VALUES (70, 'admin', '127.0.0.1', '内网IP', 'Chrome', 'Windows 10', '0', '登录成功', '2020-05-17 14:25:08');
INSERT INTO `sys_logininfor` VALUES (71, 'admin', '127.0.0.1', '内网IP', 'Chrome', 'Windows 10', '0', '登录成功', '2020-05-17 17:03:36');
INSERT INTO `sys_logininfor` VALUES (72, 'admin', '127.0.0.1', '内网IP', 'Chrome', 'Windows 10', '0', '登录成功', '2020-05-18 10:03:11');
INSERT INTO `sys_logininfor` VALUES (73, 'admin', '127.0.0.1', '内网IP', 'Chrome', 'Windows 10', '0', '登录成功', '2020-05-18 13:17:10');
INSERT INTO `sys_logininfor` VALUES (74, 'admin', '127.0.0.1', '内网IP', 'Chrome', 'Windows 10', '0', '登录成功', '2020-05-18 14:30:13');
INSERT INTO `sys_logininfor` VALUES (75, 'admin', '127.0.0.1', '内网IP', 'Chrome', 'Windows 10', '0', '登录成功', '2020-05-19 09:32:17');
INSERT INTO `sys_logininfor` VALUES (76, 'admin', '127.0.0.1', '内网IP', 'Chrome', 'Windows 10', '0', '登录成功', '2020-05-19 11:24:33');
INSERT INTO `sys_logininfor` VALUES (77, 'admin', '127.0.0.1', '内网IP', 'Chrome', 'Windows 10', '0', '登录成功', '2020-05-19 11:32:00');
INSERT INTO `sys_logininfor` VALUES (78, 'admin', '127.0.0.1', '内网IP', 'Chrome', 'Windows 10', '0', '登录成功', '2020-05-19 14:13:32');
INSERT INTO `sys_logininfor` VALUES (79, 'admin', '127.0.0.1', '内网IP', 'Chrome', 'Windows 10', '0', '登录成功', '2020-05-19 15:50:41');
INSERT INTO `sys_logininfor` VALUES (80, 'admin', '127.0.0.1', '内网IP', 'Chrome 8', 'Windows 10', '0', '登录成功', '2022-02-04 21:13:59');
INSERT INTO `sys_logininfor` VALUES (81, 'admin', '127.0.0.1', '内网IP', 'Chrome 8', 'Windows 10', '0', '退出成功', '2022-02-04 21:19:51');
INSERT INTO `sys_logininfor` VALUES (82, 'admin', '127.0.0.1', '内网IP', 'Chrome 8', 'Windows 10', '0', '登录成功', '2022-02-04 21:21:14');
INSERT INTO `sys_logininfor` VALUES (83, 'admin', '127.0.0.1', '内网IP', 'Chrome 8', 'Windows 10', '0', '退出成功', '2022-02-04 21:21:26');
INSERT INTO `sys_logininfor` VALUES (84, 'mmy', '127.0.0.1', '内网IP', 'Chrome 8', 'Windows 10', '0', '登录成功', '2022-02-04 21:21:36');
INSERT INTO `sys_logininfor` VALUES (85, 'mmy', '127.0.0.1', '内网IP', 'Chrome 8', 'Windows 10', '0', '退出成功', '2022-02-04 21:23:43');
INSERT INTO `sys_logininfor` VALUES (86, 'ry', '127.0.0.1', '内网IP', 'Chrome 8', 'Windows 10', '0', '登录成功', '2022-02-04 21:23:56');
INSERT INTO `sys_logininfor` VALUES (87, 'ry', '127.0.0.1', '内网IP', 'Chrome 8', 'Windows 10', '0', '退出成功', '2022-02-04 21:24:10');
INSERT INTO `sys_logininfor` VALUES (88, 'admin', '127.0.0.1', '内网IP', 'Chrome 8', 'Windows 10', '1', '验证码错误', '2022-02-04 21:24:17');
INSERT INTO `sys_logininfor` VALUES (89, 'admin', '127.0.0.1', '内网IP', 'Chrome 8', 'Windows 10', '0', '登录成功', '2022-02-04 21:24:21');
INSERT INTO `sys_logininfor` VALUES (90, 'admin', '127.0.0.1', '内网IP', 'Chrome 8', 'Windows 10', '0', '登录成功', '2022-02-04 23:12:25');
INSERT INTO `sys_logininfor` VALUES (91, 'admin', '127.0.0.1', '内网IP', 'Chrome 8', 'Windows 10', '0', '退出成功', '2022-02-04 23:26:45');
INSERT INTO `sys_logininfor` VALUES (92, 'ry', '127.0.0.1', '内网IP', 'Chrome 8', 'Windows 10', '1', '验证码错误', '2022-02-04 23:26:51');
INSERT INTO `sys_logininfor` VALUES (93, 'ry', '127.0.0.1', '内网IP', 'Chrome 8', 'Windows 10', '0', '登录成功', '2022-02-04 23:26:55');
INSERT INTO `sys_logininfor` VALUES (94, 'ry', '127.0.0.1', '内网IP', 'Chrome 8', 'Windows 10', '0', '退出成功', '2022-02-04 23:27:17');
INSERT INTO `sys_logininfor` VALUES (95, 'admin', '127.0.0.1', '内网IP', 'Chrome 8', 'Windows 10', '0', '登录成功', '2022-02-04 23:27:23');
INSERT INTO `sys_logininfor` VALUES (96, 'admin', '127.0.0.1', '内网IP', 'Chrome 8', 'Windows 10', '0', '退出成功', '2022-02-04 23:56:55');
INSERT INTO `sys_logininfor` VALUES (97, 'admin', '127.0.0.1', '内网IP', 'Firefox 9', 'Windows 10', '0', '登录成功', '2022-02-04 23:57:15');
INSERT INTO `sys_logininfor` VALUES (98, 'admin', '127.0.0.1', '内网IP', 'Firefox 9', 'Windows 10', '0', '登录成功', '2022-02-05 19:06:56');
INSERT INTO `sys_logininfor` VALUES (99, 'admin', '127.0.0.1', '内网IP', 'Firefox 9', 'Windows 10', '1', '验证码已失效', '2022-02-05 22:38:26');
INSERT INTO `sys_logininfor` VALUES (100, 'admin', '127.0.0.1', '内网IP', 'Firefox 9', 'Windows 10', '0', '登录成功', '2022-02-05 22:38:32');

-- ----------------------------
-- Table structure for sys_menu
-- ----------------------------
DROP TABLE IF EXISTS `sys_menu`;
CREATE TABLE `sys_menu`  (
  `menu_id` bigint(20) NOT NULL AUTO_INCREMENT COMMENT '菜单ID',
  `menu_name` varchar(50) CHARACTER SET utf8 COLLATE utf8_bin NOT NULL COMMENT '菜单名称',
  `parent_id` bigint(20) NULL DEFAULT 0 COMMENT '父菜单ID',
  `order_num` int(4) NULL DEFAULT 0 COMMENT '显示顺序',
  `path` varchar(200) CHARACTER SET utf8 COLLATE utf8_bin NULL DEFAULT '' COMMENT '路由地址',
  `component` varchar(255) CHARACTER SET utf8 COLLATE utf8_bin NULL DEFAULT NULL COMMENT '组件路径',
  `is_frame` int(1) NULL DEFAULT 1 COMMENT '是否为外链（0是 1否）',
  `menu_type` char(1) CHARACTER SET utf8 COLLATE utf8_bin NULL DEFAULT '' COMMENT '菜单类型（M目录 C菜单 F按钮）',
  `visible` char(1) CHARACTER SET utf8 COLLATE utf8_bin NULL DEFAULT '0' COMMENT '菜单状态（0显示 1隐藏）',
  `status` char(1) CHARACTER SET utf8 COLLATE utf8_bin NOT NULL COMMENT '菜单状态（0正常 1停用）',
  `perms` varchar(100) CHARACTER SET utf8 COLLATE utf8_bin NULL DEFAULT NULL COMMENT '权限标识',
  `icon` varchar(100) CHARACTER SET utf8 COLLATE utf8_bin NULL DEFAULT '#' COMMENT '菜单图标',
  `create_by` varchar(64) CHARACTER SET utf8 COLLATE utf8_bin NULL DEFAULT '' COMMENT '创建者',
  `create_time` datetime(0) NULL DEFAULT NULL COMMENT '创建时间',
  `update_by` varchar(64) CHARACTER SET utf8 COLLATE utf8_bin NULL DEFAULT '' COMMENT '更新者',
  `update_time` datetime(0) NULL DEFAULT NULL COMMENT '更新时间',
  `remark` varchar(500) CHARACTER SET utf8 COLLATE utf8_bin NULL DEFAULT '' COMMENT '备注',
  PRIMARY KEY (`menu_id`) USING BTREE
) ENGINE = InnoDB AUTO_INCREMENT = 1088 CHARACTER SET = utf8 COLLATE = utf8_bin COMMENT = '菜单权限表' ROW_FORMAT = Compact;

-- ----------------------------
-- Records of sys_menu
-- ----------------------------
INSERT INTO `sys_menu` VALUES (1, '基础管理', 0, 1, 'system', NULL, 1, 'M', '0', '0', '', 'system', 'admin', '2018-03-16 11:33:00', 'admin', '2020-04-24 16:02:18', '系统管理目录');
INSERT INTO `sys_menu` VALUES (2, '系统监控', 0, 2, 'monitor', NULL, 1, 'M', '1', '0', '', 'monitor', 'admin', '2018-03-16 11:33:00', 'admin', '2020-04-24 15:31:08', '系统监控目录');
INSERT INTO `sys_menu` VALUES (3, '其他管理', 0, 4, 'tool', NULL, 1, 'M', '0', '0', '', 'tool', 'admin', '2018-03-16 11:33:00', 'admin', '2020-05-13 10:45:42', '系统工具目录');
INSERT INTO `sys_menu` VALUES (4, '单据查询', 0, 11, 'bill', NULL, 1, 'M', '0', '0', '', 'guide', 'admin', '2018-03-16 11:33:00', 'admin', '2020-05-17 07:15:00', '若依官网地址');
INSERT INTO `sys_menu` VALUES (100, '用户管理', 1, 1, 'user', 'system/user/index', 1, 'C', '0', '0', 'system:user:list', 'user', 'admin', '2018-03-16 11:33:00', 'ry', '2018-03-16 11:33:00', '用户管理菜单');
INSERT INTO `sys_menu` VALUES (101, '角色管理', 1, 2, 'role', 'system/role/index', 1, 'C', '0', '0', 'system:role:list', 'peoples', 'admin', '2018-03-16 11:33:00', 'ry', '2018-03-16 11:33:00', '角色管理菜单');
INSERT INTO `sys_menu` VALUES (102, '菜单管理', 1, 3, 'menu', 'system/menu/index', 1, 'C', '0', '0', 'system:menu:list', 'tree-table', 'admin', '2018-03-16 11:33:00', 'ry', '2018-03-16 11:33:00', '菜单管理菜单');
INSERT INTO `sys_menu` VALUES (103, '部门管理', 1, 4, 'dept', 'system/dept/index', 1, 'C', '0', '0', 'system:dept:list', 'tree', 'admin', '2018-03-16 11:33:00', 'ry', '2018-03-16 11:33:00', '部门管理菜单');
INSERT INTO `sys_menu` VALUES (104, '岗位管理', 1, 5, 'post', 'system/post/index', 1, 'C', '0', '0', 'system:post:list', 'post', 'admin', '2018-03-16 11:33:00', 'ry', '2018-03-16 11:33:00', '岗位管理菜单');
INSERT INTO `sys_menu` VALUES (105, '字典管理', 1, 6, 'dict', 'system/dict/index', 1, 'C', '0', '0', 'system:dict:list', 'dict', 'admin', '2018-03-16 11:33:00', 'admin', '2020-05-17 11:31:08', '字典管理菜单');
INSERT INTO `sys_menu` VALUES (106, '参数设置', 1, 7, 'config', 'system/config/index', 1, 'C', '1', '0', 'system:config:list', 'edit', 'admin', '2018-03-16 11:33:00', 'admin', '2020-05-07 11:53:05', '参数设置菜单');
INSERT INTO `sys_menu` VALUES (107, '通知公告', 1, 8, 'notice', 'system/notice/index', 1, 'C', '1', '1', 'system:notice:list', 'message', 'admin', '2018-03-16 11:33:00', 'admin', '2020-04-23 13:31:53', '通知公告菜单');
INSERT INTO `sys_menu` VALUES (108, '日志管理', 1, 9, 'log', 'system/log/index', 1, 'M', '1', '1', '', 'log', 'admin', '2018-03-16 11:33:00', 'admin', '2020-04-23 13:31:18', '日志管理菜单');
INSERT INTO `sys_menu` VALUES (109, '在线用户', 2, 1, 'online', 'monitor/online/index', 1, 'C', '0', '0', 'monitor:online:list', 'online', 'admin', '2018-03-16 11:33:00', 'ry', '2018-03-16 11:33:00', '在线用户菜单');
INSERT INTO `sys_menu` VALUES (110, '定时任务', 2, 2, 'job', 'monitor/job/index', 1, 'C', '0', '0', 'monitor:job:list', 'job', 'admin', '2018-03-16 11:33:00', 'ry', '2018-03-16 11:33:00', '定时任务菜单');
INSERT INTO `sys_menu` VALUES (111, '数据监控', 2, 3, 'druid', 'monitor/druid/index', 1, 'C', '0', '0', 'monitor:druid:list', 'druid', 'admin', '2018-03-16 11:33:00', 'ry', '2018-03-16 11:33:00', '数据监控菜单');
INSERT INTO `sys_menu` VALUES (112, '服务监控', 2, 4, 'server', 'monitor/server/index', 1, 'C', '0', '0', 'monitor:server:list', 'server', 'admin', '2018-03-16 11:33:00', 'ry', '2018-03-16 11:33:00', '服务监控菜单');
INSERT INTO `sys_menu` VALUES (113, '表单构建', 3, 1, 'build', 'tool/build/index', 1, 'C', '0', '0', 'tool:build:list', 'build', 'admin', '2018-03-16 11:33:00', 'ry', '2018-03-16 11:33:00', '表单构建菜单');
INSERT INTO `sys_menu` VALUES (114, '代码生成', 3, 2, 'gen', 'tool/gen/index', 1, 'C', '0', '0', 'tool:gen:list', 'code', 'admin', '2018-03-16 11:33:00', 'admin', '2020-05-07 11:30:39', '代码生成菜单');
INSERT INTO `sys_menu` VALUES (115, '系统接口', 3, 3, 'swagger', 'tool/swagger/index', 1, 'C', '0', '0', 'tool:swagger:list', 'swagger', 'admin', '2018-03-16 11:33:00', 'ry', '2018-03-16 11:33:00', '系统接口菜单');
INSERT INTO `sys_menu` VALUES (500, '操作日志', 108, 1, 'operlog', 'monitor/operlog/index', 1, 'C', '0', '0', 'monitor:operlog:list', 'form', 'admin', '2018-03-16 11:33:00', 'ry', '2018-03-16 11:33:00', '操作日志菜单');
INSERT INTO `sys_menu` VALUES (501, '登录日志', 108, 2, 'logininfor', 'monitor/logininfor/index', 1, 'C', '0', '0', 'monitor:logininfor:list', 'logininfor', 'admin', '2018-03-16 11:33:00', 'ry', '2018-03-16 11:33:00', '登录日志菜单');
INSERT INTO `sys_menu` VALUES (1001, '用户查询', 100, 1, '', '', 1, 'F', '0', '0', 'system:user:query', '#', 'admin', '2018-03-16 11:33:00', 'ry', '2018-03-16 11:33:00', '');
INSERT INTO `sys_menu` VALUES (1002, '用户新增', 100, 2, '', '', 1, 'F', '0', '0', 'system:user:add', '#', 'admin', '2018-03-16 11:33:00', 'ry', '2018-03-16 11:33:00', '');
INSERT INTO `sys_menu` VALUES (1003, '用户修改', 100, 3, '', '', 1, 'F', '0', '0', 'system:user:edit', '#', 'admin', '2018-03-16 11:33:00', 'ry', '2018-03-16 11:33:00', '');
INSERT INTO `sys_menu` VALUES (1004, '用户删除', 100, 4, '', '', 1, 'F', '0', '0', 'system:user:remove', '#', 'admin', '2018-03-16 11:33:00', 'ry', '2018-03-16 11:33:00', '');
INSERT INTO `sys_menu` VALUES (1005, '用户导出', 100, 5, '', '', 1, 'F', '0', '0', 'system:user:export', '#', 'admin', '2018-03-16 11:33:00', 'ry', '2018-03-16 11:33:00', '');
INSERT INTO `sys_menu` VALUES (1006, '用户导入', 100, 6, '', '', 1, 'F', '0', '0', 'system:user:import', '#', 'admin', '2018-03-16 11:33:00', 'ry', '2018-03-16 11:33:00', '');
INSERT INTO `sys_menu` VALUES (1007, '重置密码', 100, 7, '', '', 1, 'F', '0', '0', 'system:user:resetPwd', '#', 'admin', '2018-03-16 11:33:00', 'ry', '2018-03-16 11:33:00', '');
INSERT INTO `sys_menu` VALUES (1008, '角色查询', 101, 1, '', '', 1, 'F', '0', '0', 'system:role:query', '#', 'admin', '2018-03-16 11:33:00', 'ry', '2018-03-16 11:33:00', '');
INSERT INTO `sys_menu` VALUES (1009, '角色新增', 101, 2, '', '', 1, 'F', '0', '0', 'system:role:add', '#', 'admin', '2018-03-16 11:33:00', 'ry', '2018-03-16 11:33:00', '');
INSERT INTO `sys_menu` VALUES (1010, '角色修改', 101, 3, '', '', 1, 'F', '0', '0', 'system:role:edit', '#', 'admin', '2018-03-16 11:33:00', 'ry', '2018-03-16 11:33:00', '');
INSERT INTO `sys_menu` VALUES (1011, '角色删除', 101, 4, '', '', 1, 'F', '0', '0', 'system:role:remove', '#', 'admin', '2018-03-16 11:33:00', 'ry', '2018-03-16 11:33:00', '');
INSERT INTO `sys_menu` VALUES (1012, '角色导出', 101, 5, '', '', 1, 'F', '0', '0', 'system:role:export', '#', 'admin', '2018-03-16 11:33:00', 'ry', '2018-03-16 11:33:00', '');
INSERT INTO `sys_menu` VALUES (1013, '菜单查询', 102, 1, '', '', 1, 'F', '0', '0', 'system:menu:query', '#', 'admin', '2018-03-16 11:33:00', 'ry', '2018-03-16 11:33:00', '');
INSERT INTO `sys_menu` VALUES (1014, '菜单新增', 102, 2, '', '', 1, 'F', '0', '0', 'system:menu:add', '#', 'admin', '2018-03-16 11:33:00', 'ry', '2018-03-16 11:33:00', '');
INSERT INTO `sys_menu` VALUES (1015, '菜单修改', 102, 3, '', '', 1, 'F', '0', '0', 'system:menu:edit', '#', 'admin', '2018-03-16 11:33:00', 'ry', '2018-03-16 11:33:00', '');
INSERT INTO `sys_menu` VALUES (1016, '菜单删除', 102, 4, '', '', 1, 'F', '0', '0', 'system:menu:remove', '#', 'admin', '2018-03-16 11:33:00', 'ry', '2018-03-16 11:33:00', '');
INSERT INTO `sys_menu` VALUES (1017, '部门查询', 103, 1, '', '', 1, 'F', '0', '0', 'system:dept:query', '#', 'admin', '2018-03-16 11:33:00', 'ry', '2018-03-16 11:33:00', '');
INSERT INTO `sys_menu` VALUES (1018, '部门新增', 103, 2, '', '', 1, 'F', '0', '0', 'system:dept:add', '#', 'admin', '2018-03-16 11:33:00', 'ry', '2018-03-16 11:33:00', '');
INSERT INTO `sys_menu` VALUES (1019, '部门修改', 103, 3, '', '', 1, 'F', '0', '0', 'system:dept:edit', '#', 'admin', '2018-03-16 11:33:00', 'ry', '2018-03-16 11:33:00', '');
INSERT INTO `sys_menu` VALUES (1020, '部门删除', 103, 4, '', '', 1, 'F', '0', '0', 'system:dept:remove', '#', 'admin', '2018-03-16 11:33:00', 'ry', '2018-03-16 11:33:00', '');
INSERT INTO `sys_menu` VALUES (1021, '岗位查询', 104, 1, '', '', 1, 'F', '0', '0', 'system:post:query', '#', 'admin', '2018-03-16 11:33:00', 'ry', '2018-03-16 11:33:00', '');
INSERT INTO `sys_menu` VALUES (1022, '岗位新增', 104, 2, '', '', 1, 'F', '0', '0', 'system:post:add', '#', 'admin', '2018-03-16 11:33:00', 'ry', '2018-03-16 11:33:00', '');
INSERT INTO `sys_menu` VALUES (1023, '岗位修改', 104, 3, '', '', 1, 'F', '0', '0', 'system:post:edit', '#', 'admin', '2018-03-16 11:33:00', 'ry', '2018-03-16 11:33:00', '');
INSERT INTO `sys_menu` VALUES (1024, '岗位删除', 104, 4, '', '', 1, 'F', '0', '0', 'system:post:remove', '#', 'admin', '2018-03-16 11:33:00', 'ry', '2018-03-16 11:33:00', '');
INSERT INTO `sys_menu` VALUES (1025, '岗位导出', 104, 5, '', '', 1, 'F', '0', '0', 'system:post:export', '#', 'admin', '2018-03-16 11:33:00', 'ry', '2018-03-16 11:33:00', '');
INSERT INTO `sys_menu` VALUES (1026, '字典查询', 105, 1, '#', '', 1, 'F', '0', '0', 'system:dict:query', '#', 'admin', '2018-03-16 11:33:00', 'ry', '2018-03-16 11:33:00', '');
INSERT INTO `sys_menu` VALUES (1027, '字典新增', 105, 2, '#', '', 1, 'F', '0', '0', 'system:dict:add', '#', 'admin', '2018-03-16 11:33:00', 'ry', '2018-03-16 11:33:00', '');
INSERT INTO `sys_menu` VALUES (1028, '字典修改', 105, 3, '#', '', 1, 'F', '0', '0', 'system:dict:edit', '#', 'admin', '2018-03-16 11:33:00', 'ry', '2018-03-16 11:33:00', '');
INSERT INTO `sys_menu` VALUES (1029, '字典删除', 105, 4, '#', '', 1, 'F', '0', '0', 'system:dict:remove', '#', 'admin', '2018-03-16 11:33:00', 'ry', '2018-03-16 11:33:00', '');
INSERT INTO `sys_menu` VALUES (1030, '字典导出', 105, 5, '#', '', 1, 'F', '0', '0', 'system:dict:export', '#', 'admin', '2018-03-16 11:33:00', 'ry', '2018-03-16 11:33:00', '');
INSERT INTO `sys_menu` VALUES (1031, '参数查询', 106, 1, '#', '', 1, 'F', '0', '0', 'system:config:query', '#', 'admin', '2018-03-16 11:33:00', 'ry', '2018-03-16 11:33:00', '');
INSERT INTO `sys_menu` VALUES (1032, '参数新增', 106, 2, '#', '', 1, 'F', '0', '0', 'system:config:add', '#', 'admin', '2018-03-16 11:33:00', 'ry', '2018-03-16 11:33:00', '');
INSERT INTO `sys_menu` VALUES (1033, '参数修改', 106, 3, '#', '', 1, 'F', '0', '0', 'system:config:edit', '#', 'admin', '2018-03-16 11:33:00', 'ry', '2018-03-16 11:33:00', '');
INSERT INTO `sys_menu` VALUES (1034, '参数删除', 106, 4, '#', '', 1, 'F', '0', '0', 'system:config:remove', '#', 'admin', '2018-03-16 11:33:00', 'ry', '2018-03-16 11:33:00', '');
INSERT INTO `sys_menu` VALUES (1035, '参数导出', 106, 5, '#', '', 1, 'F', '0', '0', 'system:config:export', '#', 'admin', '2018-03-16 11:33:00', 'ry', '2018-03-16 11:33:00', '');
INSERT INTO `sys_menu` VALUES (1036, '公告查询', 107, 1, '#', '', 1, 'F', '0', '0', 'system:notice:query', '#', 'admin', '2018-03-16 11:33:00', 'ry', '2018-03-16 11:33:00', '');
INSERT INTO `sys_menu` VALUES (1037, '公告新增', 107, 2, '#', '', 1, 'F', '0', '0', 'system:notice:add', '#', 'admin', '2018-03-16 11:33:00', 'ry', '2018-03-16 11:33:00', '');
INSERT INTO `sys_menu` VALUES (1038, '公告修改', 107, 3, '#', '', 1, 'F', '0', '0', 'system:notice:edit', '#', 'admin', '2018-03-16 11:33:00', 'ry', '2018-03-16 11:33:00', '');
INSERT INTO `sys_menu` VALUES (1039, '公告删除', 107, 4, '#', '', 1, 'F', '0', '0', 'system:notice:remove', '#', 'admin', '2018-03-16 11:33:00', 'ry', '2018-03-16 11:33:00', '');
INSERT INTO `sys_menu` VALUES (1040, '操作查询', 500, 1, '#', '', 1, 'F', '0', '0', 'monitor:operlog:query', '#', 'admin', '2018-03-16 11:33:00', 'ry', '2018-03-16 11:33:00', '');
INSERT INTO `sys_menu` VALUES (1041, '操作删除', 500, 2, '#', '', 1, 'F', '0', '0', 'monitor:operlog:remove', '#', 'admin', '2018-03-16 11:33:00', 'ry', '2018-03-16 11:33:00', '');
INSERT INTO `sys_menu` VALUES (1042, '日志导出', 500, 4, '#', '', 1, 'F', '0', '0', 'monitor:operlog:export', '#', 'admin', '2018-03-16 11:33:00', 'ry', '2018-03-16 11:33:00', '');
INSERT INTO `sys_menu` VALUES (1043, '登录查询', 501, 1, '#', '', 1, 'F', '0', '0', 'monitor:logininfor:query', '#', 'admin', '2018-03-16 11:33:00', 'ry', '2018-03-16 11:33:00', '');
INSERT INTO `sys_menu` VALUES (1044, '登录删除', 501, 2, '#', '', 1, 'F', '0', '0', 'monitor:logininfor:remove', '#', 'admin', '2018-03-16 11:33:00', 'ry', '2018-03-16 11:33:00', '');
INSERT INTO `sys_menu` VALUES (1045, '日志导出', 501, 3, '#', '', 1, 'F', '0', '0', 'monitor:logininfor:export', '#', 'admin', '2018-03-16 11:33:00', 'ry', '2018-03-16 11:33:00', '');
INSERT INTO `sys_menu` VALUES (1046, '在线查询', 109, 1, '#', '', 1, 'F', '0', '0', 'monitor:online:query', '#', 'admin', '2018-03-16 11:33:00', 'ry', '2018-03-16 11:33:00', '');
INSERT INTO `sys_menu` VALUES (1047, '批量强退', 109, 2, '#', '', 1, 'F', '0', '0', 'monitor:online:batchLogout', '#', 'admin', '2018-03-16 11:33:00', 'ry', '2018-03-16 11:33:00', '');
INSERT INTO `sys_menu` VALUES (1048, '单条强退', 109, 3, '#', '', 1, 'F', '0', '0', 'monitor:online:forceLogout', '#', 'admin', '2018-03-16 11:33:00', 'ry', '2018-03-16 11:33:00', '');
INSERT INTO `sys_menu` VALUES (1049, '任务查询', 110, 1, '#', '', 1, 'F', '0', '0', 'monitor:job:query', '#', 'admin', '2018-03-16 11:33:00', 'ry', '2018-03-16 11:33:00', '');
INSERT INTO `sys_menu` VALUES (1050, '任务新增', 110, 2, '#', '', 1, 'F', '0', '0', 'monitor:job:add', '#', 'admin', '2018-03-16 11:33:00', 'ry', '2018-03-16 11:33:00', '');
INSERT INTO `sys_menu` VALUES (1051, '任务修改', 110, 3, '#', '', 1, 'F', '0', '0', 'monitor:job:edit', '#', 'admin', '2018-03-16 11:33:00', 'ry', '2018-03-16 11:33:00', '');
INSERT INTO `sys_menu` VALUES (1052, '任务删除', 110, 4, '#', '', 1, 'F', '0', '0', 'monitor:job:remove', '#', 'admin', '2018-03-16 11:33:00', 'ry', '2018-03-16 11:33:00', '');
INSERT INTO `sys_menu` VALUES (1053, '状态修改', 110, 5, '#', '', 1, 'F', '0', '0', 'monitor:job:changeStatus', '#', 'admin', '2018-03-16 11:33:00', 'ry', '2018-03-16 11:33:00', '');
INSERT INTO `sys_menu` VALUES (1054, '任务导出', 110, 7, '#', '', 1, 'F', '0', '0', 'monitor:job:export', '#', 'admin', '2018-03-16 11:33:00', 'ry', '2018-03-16 11:33:00', '');
INSERT INTO `sys_menu` VALUES (1055, '生成查询', 114, 1, '#', '', 1, 'F', '0', '0', 'tool:gen:query', '#', 'admin', '2018-03-16 11:33:00', 'ry', '2018-03-16 11:33:00', '');
INSERT INTO `sys_menu` VALUES (1056, '生成修改', 114, 2, '#', '', 1, 'F', '0', '0', 'tool:gen:edit', '#', 'admin', '2018-03-16 11:33:00', 'ry', '2018-03-16 11:33:00', '');
INSERT INTO `sys_menu` VALUES (1057, '生成删除', 114, 3, '#', '', 1, 'F', '0', '0', 'tool:gen:remove', '#', 'admin', '2018-03-16 11:33:00', 'ry', '2018-03-16 11:33:00', '');
INSERT INTO `sys_menu` VALUES (1058, '导入代码', 114, 2, '#', '', 1, 'F', '0', '0', 'tool:gen:import', '#', 'admin', '2018-03-16 11:33:00', 'ry', '2018-03-16 11:33:00', '');
INSERT INTO `sys_menu` VALUES (1059, '预览代码', 114, 4, '#', '', 1, 'F', '0', '0', 'tool:gen:preview', '#', 'admin', '2018-03-16 11:33:00', 'ry', '2018-03-16 11:33:00', '');
INSERT INTO `sys_menu` VALUES (1060, '生成代码', 114, 5, '#', '', 1, 'F', '0', '0', 'tool:gen:code', '#', 'admin', '2018-03-16 11:33:00', 'ry', '2018-03-16 11:33:00', '');
INSERT INTO `sys_menu` VALUES (1061, '商品管理', 1, 1, 'goods', 'system/goods/index', 1, 'C', '0', '0', 'system:goods:list', 'shopping', 'admin', '2020-04-22 21:09:04', 'admin', '2020-04-22 21:11:22', '');
INSERT INTO `sys_menu` VALUES (1065, '供应商管理', 1078, 2, 'provider', 'system/provider/index', 1, 'C', '0', '0', 'system:provider:list', 'peoples', 'admin', '2020-04-24 16:12:47', 'admin', '2020-05-19 15:03:05', '');
INSERT INTO `sys_menu` VALUES (1066, '采购入库', 1081, 4, 'inport', 'system/inport/index', 1, 'C', '0', '0', 'system:inport:list', 'shopping', 'admin', '2020-04-24 16:19:13', 'admin', '2020-05-17 11:57:50', '');
INSERT INTO `sys_menu` VALUES (1067, '客户管理', 1, 4, 'customer', 'system/customer/index', 1, 'C', '0', '0', 'system:customer:list', 'people', 'admin', '2020-05-05 11:15:27', '', NULL, '');
INSERT INTO `sys_menu` VALUES (1068, '物料出库', 1082, 6, 'outport', 'system/outport/index', 1, 'C', '0', '0', 'system:outport:list', 'shopping', 'admin', '2020-05-07 12:03:06', 'admin', '2020-05-17 12:08:28', '');
INSERT INTO `sys_menu` VALUES (1069, '配送任务', 1079, 6, 'delivery', 'system/delivery/index', 1, 'C', '0', '0', 'system:delivery:list', 'drag', 'admin', '2020-05-07 12:32:17', 'admin', '2020-05-17 11:10:18', '');
INSERT INTO `sys_menu` VALUES (1070, '到货单据', 4, 6, 'shippingdoc', 'system/shippingdoc/index', 1, 'C', '0', '0', 'system:shippingdoc:list', 'search', 'admin', '2020-05-07 13:16:34', 'admin', '2020-05-17 07:15:32', '');
INSERT INTO `sys_menu` VALUES (1072, '库存管理', 0, 4, 'doc', NULL, 1, 'M', '0', '0', '', 'edit', 'admin', '2020-05-12 15:00:17', 'admin', '2020-05-17 09:37:16', '');
INSERT INTO `sys_menu` VALUES (1073, '客户单据', 4, 2, 'customorder', 'system/customorder/index', 1, 'C', '0', '0', 'system:customorder:list', 'user', 'admin', '2020-05-13 10:52:21', 'admin', '2020-05-17 07:15:25', '');
INSERT INTO `sys_menu` VALUES (1075, '仓库检查', 1072, 0, 'check', 'system/check/index', 1, 'C', '0', '0', 'system:check:list', 'message', 'admin', '2020-05-13 11:15:52', 'admin', '2020-05-13 11:38:33', '');
INSERT INTO `sys_menu` VALUES (1077, '物料报废', 1072, 4, 'scrap', 'system/scrap/index', 1, 'C', '0', '0', 'system:scrap:list', 'dashboard', 'admin', '2020-05-13 14:12:20', 'admin', '2020-05-13 14:13:24', '');
INSERT INTO `sys_menu` VALUES (1078, '采购管理', 0, 4, 'purchase', NULL, 1, 'M', '0', '0', NULL, 'shopping', 'admin', '2020-05-17 07:19:01', '', NULL, '');
INSERT INTO `sys_menu` VALUES (1079, '配送运输', 0, 5, 'delivery', NULL, 1, 'M', '0', '0', '', 'example', 'admin', '2020-05-17 09:39:05', 'admin', '2020-05-17 11:12:27', '');
INSERT INTO `sys_menu` VALUES (1080, '采购申请', 1086, 2, 'purchase', 'system/purchase/index', 1, 'C', '0', '0', 'system:purchase:list', 'nested', 'admin', '2020-05-17 11:17:20', 'admin', '2020-05-19 15:03:13', '');
INSERT INTO `sys_menu` VALUES (1081, '入库管理', 0, 6, 'warehousing', NULL, 1, 'M', '0', '0', NULL, 'theme', 'admin', '2020-05-17 11:20:08', '', NULL, '');
INSERT INTO `sys_menu` VALUES (1082, '出库管理', 0, 7, 'outbound', NULL, 1, 'M', '0', '0', NULL, 'star', 'admin', '2020-05-17 11:47:27', '', NULL, '');
INSERT INTO `sys_menu` VALUES (1083, '入库接单', 1081, 2, 'ruku', 'system/ruku/index', 1, 'C', '0', '0', 'system:ruku:list', 'example', 'admin', '2020-05-17 13:59:35', 'admin', '2020-05-17 14:06:59', '');
INSERT INTO `sys_menu` VALUES (1084, '采购订单', 1078, 3, 'cgOrder', 'system/cgOrder/index', 1, 'C', '0', '0', 'system:cgOrder:list', 'example', 'admin', '2020-05-17 14:21:24', 'admin', '2020-05-17 14:26:43', '');
INSERT INTO `sys_menu` VALUES (1085, '物料申请明细', 1086, 2, 'purchaseInfo', 'system/purchaseInfo/index', 1, 'C', '0', '0', 'system:purchaseInfo:list', 'education', 'admin', '2020-05-18 10:47:55', 'admin', '2020-05-19 15:03:22', '');
INSERT INTO `sys_menu` VALUES (1086, '供应商管理', 0, 4, 'supplier', NULL, 1, 'M', '0', '0', '', 'theme', 'admin', '2020-05-19 15:01:46', 'admin', '2020-05-19 15:03:46', '');
INSERT INTO `sys_menu` VALUES (1087, '采购物料明细', 1078, 3, 'cgOrderInfo', 'system/cgOrderInfo/index', 1, 'C', '0', '0', 'system:cgOrderInfo:list', 'component', 'admin', '2020-05-19 16:03:57', '', NULL, '');

-- ----------------------------
-- Table structure for sys_notice
-- ----------------------------
DROP TABLE IF EXISTS `sys_notice`;
CREATE TABLE `sys_notice`  (
  `notice_id` int(4) NOT NULL AUTO_INCREMENT COMMENT '公告ID',
  `notice_title` varchar(50) CHARACTER SET utf8 COLLATE utf8_bin NOT NULL COMMENT '公告标题',
  `notice_type` char(1) CHARACTER SET utf8 COLLATE utf8_bin NOT NULL COMMENT '公告类型（1通知 2公告）',
  `notice_content` varchar(2000) CHARACTER SET utf8 COLLATE utf8_bin NULL DEFAULT NULL COMMENT '公告内容',
  `status` char(1) CHARACTER SET utf8 COLLATE utf8_bin NULL DEFAULT '0' COMMENT '公告状态（0正常 1关闭）',
  `create_by` varchar(64) CHARACTER SET utf8 COLLATE utf8_bin NULL DEFAULT '' COMMENT '创建者',
  `create_time` datetime(0) NULL DEFAULT NULL COMMENT '创建时间',
  `update_by` varchar(64) CHARACTER SET utf8 COLLATE utf8_bin NULL DEFAULT '' COMMENT '更新者',
  `update_time` datetime(0) NULL DEFAULT NULL COMMENT '更新时间',
  `remark` varchar(255) CHARACTER SET utf8 COLLATE utf8_bin NULL DEFAULT NULL COMMENT '备注',
  PRIMARY KEY (`notice_id`) USING BTREE
) ENGINE = InnoDB AUTO_INCREMENT = 3 CHARACTER SET = utf8 COLLATE = utf8_bin COMMENT = '通知公告表' ROW_FORMAT = Compact;

-- ----------------------------
-- Records of sys_notice
-- ----------------------------
INSERT INTO `sys_notice` VALUES (1, '温馨提醒：2018-07-01 若依新版本发布啦', '2', '新版本内容', '0', 'admin', '2018-03-16 11:33:00', 'ry', '2018-03-16 11:33:00', '管理员');
INSERT INTO `sys_notice` VALUES (2, '维护通知：2018-07-01 若依系统凌晨维护', '1', '维护内容', '0', 'admin', '2018-03-16 11:33:00', 'ry', '2018-03-16 11:33:00', '管理员');

-- ----------------------------
-- Table structure for sys_oper_log
-- ----------------------------
DROP TABLE IF EXISTS `sys_oper_log`;
CREATE TABLE `sys_oper_log`  (
  `oper_id` bigint(20) NOT NULL AUTO_INCREMENT COMMENT '日志主键',
  `title` varchar(50) CHARACTER SET utf8 COLLATE utf8_bin NULL DEFAULT '' COMMENT '模块标题',
  `business_type` int(2) NULL DEFAULT 0 COMMENT '业务类型（0其它 1新增 2修改 3删除）',
  `method` varchar(100) CHARACTER SET utf8 COLLATE utf8_bin NULL DEFAULT '' COMMENT '方法名称',
  `request_method` varchar(10) CHARACTER SET utf8 COLLATE utf8_bin NULL DEFAULT '' COMMENT '请求方式',
  `operator_type` int(1) NULL DEFAULT 0 COMMENT '操作类别（0其它 1后台用户 2手机端用户）',
  `oper_name` varchar(50) CHARACTER SET utf8 COLLATE utf8_bin NULL DEFAULT '' COMMENT '操作人员',
  `dept_name` varchar(50) CHARACTER SET utf8 COLLATE utf8_bin NULL DEFAULT '' COMMENT '部门名称',
  `oper_url` varchar(255) CHARACTER SET utf8 COLLATE utf8_bin NULL DEFAULT '' COMMENT '请求URL',
  `oper_ip` varchar(50) CHARACTER SET utf8 COLLATE utf8_bin NULL DEFAULT '' COMMENT '主机地址',
  `oper_location` varchar(255) CHARACTER SET utf8 COLLATE utf8_bin NULL DEFAULT '' COMMENT '操作地点',
  `oper_param` varchar(2000) CHARACTER SET utf8 COLLATE utf8_bin NULL DEFAULT '' COMMENT '请求参数',
  `json_result` varchar(2000) CHARACTER SET utf8 COLLATE utf8_bin NULL DEFAULT '' COMMENT '返回参数',
  `status` int(1) NULL DEFAULT 0 COMMENT '操作状态（0正常 1异常）',
  `error_msg` varchar(2000) CHARACTER SET utf8 COLLATE utf8_bin NULL DEFAULT '' COMMENT '错误消息',
  `oper_time` datetime(0) NULL DEFAULT NULL COMMENT '操作时间',
  PRIMARY KEY (`oper_id`) USING BTREE
) ENGINE = InnoDB AUTO_INCREMENT = 387 CHARACTER SET = utf8 COLLATE = utf8_bin COMMENT = '操作日志记录' ROW_FORMAT = Compact;

-- ----------------------------
-- Records of sys_oper_log
-- ----------------------------
INSERT INTO `sys_oper_log` VALUES (1, '用户管理', 1, 'com.ruoyi.project.system.controller.SysUserController.add()', 'POST', 1, 'admin', NULL, '/system/user', '127.0.0.1', '内网IP', '{\"phonenumber\":\"18981722787\",\"admin\":false,\"password\":\"admin123\",\"postIds\":[2],\"email\":\"331887602@qq.com\",\"nickName\":\"mmy\",\"sex\":\"0\",\"deptId\":100,\"params\":{},\"userName\":\"admin\",\"roleIds\":[1],\"status\":\"0\"}', '{\"msg\":\"新增用户\'admin\'失败，登录账号已存在\",\"code\":500}', 0, NULL, '2020-04-22 14:47:09');
INSERT INTO `sys_oper_log` VALUES (2, '用户管理', 1, 'com.ruoyi.project.system.controller.SysUserController.add()', 'POST', 1, 'admin', NULL, '/system/user', '127.0.0.1', '内网IP', '{\"phonenumber\":\"18981722787\",\"admin\":false,\"password\":\"$2a$10$hoQiKAh27xK1EBwhP7E6DexFbFfbV/tjAytDFeNPf5rIzxg5CbiF.\",\"postIds\":[2],\"email\":\"331887602@qq.com\",\"nickName\":\"mmy\",\"sex\":\"0\",\"deptId\":100,\"params\":{},\"userName\":\"mmy\",\"userId\":3,\"createBy\":\"admin\",\"roleIds\":[2],\"status\":\"0\"}', '{\"msg\":\"操作成功\",\"code\":200}', 0, NULL, '2020-04-22 14:47:26');
INSERT INTO `sys_oper_log` VALUES (3, '代码生成', 6, 'com.ruoyi.project.tool.gen.controller.GenController.importTableSave()', 'POST', 1, 'admin', NULL, '/tool/gen/importTable', '127.0.0.1', '内网IP', 'bus_goods', '{\"msg\":\"操作成功\",\"code\":200}', 0, NULL, '2020-04-22 14:57:16');
INSERT INTO `sys_oper_log` VALUES (4, '代码生成', 8, 'com.ruoyi.project.tool.gen.controller.GenController.batchGenCode()', 'GET', 1, 'admin', NULL, '/tool/gen/batchGenCode', '127.0.0.1', '内网IP', '{}', 'null', 0, NULL, '2020-04-22 14:57:35');
INSERT INTO `sys_oper_log` VALUES (5, '菜单管理', 1, 'com.ruoyi.project.system.controller.SysMenuController.add()', 'POST', 1, 'admin', NULL, '/system/menu', '127.0.0.1', '内网IP', '{\"visible\":\"0\",\"icon\":\"shopping\",\"orderNum\":\"1\",\"menuName\":\"商品管理\",\"params\":{},\"parentId\":1,\"path\":\"goods\",\"createBy\":\"admin\",\"children\":[],\"isFrame\":\"1\",\"menuType\":\"M\",\"status\":\"0\"}', '{\"msg\":\"操作成功\",\"code\":200}', 0, NULL, '2020-04-22 21:09:04');
INSERT INTO `sys_oper_log` VALUES (6, '菜单管理', 2, 'com.ruoyi.project.system.controller.SysMenuController.edit()', 'PUT', 1, 'admin', NULL, '/system/menu', '127.0.0.1', '内网IP', '{\"visible\":\"0\",\"icon\":\"shopping\",\"orderNum\":\"1\",\"menuName\":\"商品管理\",\"params\":{},\"parentId\":1,\"path\":\"goods\",\"component\":\"system/user/index\",\"children\":[],\"createTime\":1587560944000,\"updateBy\":\"admin\",\"isFrame\":\"1\",\"menuId\":1061,\"menuType\":\"C\",\"perms\":\"\",\"status\":\"0\"}', '{\"msg\":\"操作成功\",\"code\":200}', 0, NULL, '2020-04-22 21:10:08');
INSERT INTO `sys_oper_log` VALUES (7, '菜单管理', 2, 'com.ruoyi.project.system.controller.SysMenuController.edit()', 'PUT', 1, 'admin', NULL, '/system/menu', '127.0.0.1', '内网IP', '{\"visible\":\"0\",\"icon\":\"shopping\",\"orderNum\":\"1\",\"menuName\":\"商品管理\",\"params\":{},\"parentId\":1,\"path\":\"goods\",\"component\":\"system/user/index\",\"children\":[],\"createTime\":1587560944000,\"updateBy\":\"admin\",\"isFrame\":\"1\",\"menuId\":1061,\"menuType\":\"C\",\"perms\":\"system:goods:list\",\"status\":\"0\"}', '{\"msg\":\"操作成功\",\"code\":200}', 0, NULL, '2020-04-22 21:10:33');
INSERT INTO `sys_oper_log` VALUES (8, '菜单管理', 2, 'com.ruoyi.project.system.controller.SysMenuController.edit()', 'PUT', 1, 'admin', NULL, '/system/menu', '127.0.0.1', '内网IP', '{\"visible\":\"0\",\"icon\":\"shopping\",\"orderNum\":\"1\",\"menuName\":\"商品管理\",\"params\":{},\"parentId\":1,\"path\":\"goods\",\"component\":\"system/goods/index\",\"children\":[],\"createTime\":1587560944000,\"updateBy\":\"admin\",\"isFrame\":\"1\",\"menuId\":1061,\"menuType\":\"C\",\"perms\":\"system:goods:list\",\"status\":\"0\"}', '{\"msg\":\"操作成功\",\"code\":200}', 0, NULL, '2020-04-22 21:11:22');
INSERT INTO `sys_oper_log` VALUES (9, '代码生成', 8, 'com.ruoyi.project.tool.gen.controller.GenController.batchGenCode()', 'GET', 1, 'admin', NULL, '/tool/gen/batchGenCode', '127.0.0.1', '内网IP', '{}', 'null', 0, NULL, '2020-04-23 09:33:16');
INSERT INTO `sys_oper_log` VALUES (10, '代码生成', 6, 'com.ruoyi.project.tool.gen.controller.GenController.importTableSave()', 'POST', 1, 'admin', NULL, '/tool/gen/importTable', '127.0.0.1', '内网IP', 'sys_dept', '{\"msg\":\"操作成功\",\"code\":200}', 0, NULL, '2020-04-23 09:34:38');
INSERT INTO `sys_oper_log` VALUES (11, '代码生成', 2, 'com.ruoyi.project.tool.gen.controller.GenController.editSave()', 'PUT', 1, 'admin', NULL, '/tool/gen', '127.0.0.1', '内网IP', '{\"functionAuthor\":\"ruoyi\",\"columns\":[{\"usableColumn\":false,\"columnId\":15,\"isIncrement\":\"1\",\"increment\":true,\"insert\":true,\"dictType\":\"\",\"required\":false,\"superColumn\":false,\"updateBy\":\"\",\"isInsert\":\"1\",\"javaField\":\"deptId\",\"htmlType\":\"input\",\"edit\":false,\"query\":false,\"columnComment\":\"部门id\",\"sort\":1,\"list\":false,\"params\":{},\"javaType\":\"Long\",\"queryType\":\"EQ\",\"columnType\":\"bigint(20)\",\"createBy\":\"admin\",\"isPk\":\"1\",\"createTime\":1587605678000,\"tableId\":2,\"pk\":true,\"columnName\":\"dept_id\"},{\"usableColumn\":true,\"columnId\":16,\"isIncrement\":\"0\",\"increment\":false,\"insert\":true,\"isList\":\"1\",\"dictType\":\"\",\"required\":false,\"superColumn\":true,\"updateBy\":\"\",\"isInsert\":\"1\",\"javaField\":\"parentId\",\"htmlType\":\"input\",\"edit\":true,\"query\":true,\"columnComment\":\"父部门id\",\"isQuery\":\"1\",\"sort\":2,\"list\":true,\"params\":{},\"javaType\":\"Long\",\"queryType\":\"EQ\",\"columnType\":\"bigint(20)\",\"createBy\":\"admin\",\"isPk\":\"0\",\"createTime\":1587605678000,\"isEdit\":\"1\",\"tableId\":2,\"pk\":false,\"columnName\":\"parent_id\"},{\"usableColumn\":false,\"columnId\":17,\"isIncrement\":\"0\",\"increment\":false,\"insert\":true,\"isList\":\"1\",\"dictType\":\"\",\"required\":false,\"superColumn\":true,\"updateBy\":\"\",\"isInsert\":\"1\",\"javaField\":\"ancestors\",\"htmlType\":\"input\",\"edit\":true,\"query\":true,\"columnComment\":\"祖级列表\",\"isQuery\":\"1\",\"sort\":3,\"list\":true,\"params\":{},\"javaType\":\"String\",\"queryType\":\"EQ\",\"columnType\":\"varchar(50)\",\"createBy\":\"admin\",\"isPk\":\"0\",\"createTime\":1587605678000,\"isEdit\":\"1\",\"tableId\":2,\"pk\":false,\"columnName\":\"ancestors\"},{\"usableColumn\":false,\"columnId\":18,\"isIncrement\":\"0\",\"increment\":false,\"insert\":true,\"isList\":\"1\",\"dictType\":\"\",\"required\":false,\"superColumn\":false,\"updateBy\":\"\",\"isInsert\":\"1\",\"javaField\":\"deptName\",\"htmlType\":\"input\",\"edit\":true,\"query\":true,\"columnComment\":\"部门名称\",\"isQuery\":\"1\",\"sort\":4,\"list\":true,\"params\":{},\"javaType\":\"String\",\"queryType\":\"LIKE\",\"columnType\":\"varchar(30)\",\"createBy\":\"admin\",\"isPk\":\"0\",\"createTime\":1587605678000,\"isEdit\":\"1\",\"tableId\":2,\"pk\":false,\"columnName\":\"dept_name\"},{\"usableColumn\"', '{\"msg\":\"操作成功\",\"code\":200}', 0, NULL, '2020-04-23 09:46:06');
INSERT INTO `sys_oper_log` VALUES (12, '代码生成', 2, 'com.ruoyi.project.tool.gen.controller.GenController.editSave()', 'PUT', 1, 'admin', NULL, '/tool/gen', '127.0.0.1', '内网IP', '{\"functionAuthor\":\"ruoyi\",\"columns\":[{\"usableColumn\":false,\"columnId\":15,\"isIncrement\":\"1\",\"increment\":true,\"insert\":true,\"dictType\":\"\",\"required\":false,\"superColumn\":false,\"updateBy\":\"\",\"isInsert\":\"1\",\"javaField\":\"deptId\",\"htmlType\":\"input\",\"edit\":false,\"query\":false,\"columnComment\":\"部门id\",\"updateTime\":1587606365000,\"sort\":1,\"list\":false,\"params\":{},\"javaType\":\"Long\",\"queryType\":\"EQ\",\"columnType\":\"bigint(20)\",\"createBy\":\"admin\",\"isPk\":\"1\",\"createTime\":1587605678000,\"tableId\":2,\"pk\":true,\"columnName\":\"dept_id\"},{\"usableColumn\":true,\"columnId\":16,\"isIncrement\":\"0\",\"increment\":false,\"insert\":true,\"isList\":\"1\",\"dictType\":\"\",\"required\":false,\"superColumn\":true,\"updateBy\":\"\",\"isInsert\":\"1\",\"javaField\":\"parentId\",\"htmlType\":\"input\",\"edit\":true,\"query\":true,\"columnComment\":\"父部门id\",\"isQuery\":\"1\",\"updateTime\":1587606365000,\"sort\":2,\"list\":true,\"params\":{},\"javaType\":\"Long\",\"queryType\":\"EQ\",\"columnType\":\"bigint(20)\",\"createBy\":\"admin\",\"isPk\":\"0\",\"createTime\":1587605678000,\"isEdit\":\"1\",\"tableId\":2,\"pk\":false,\"columnName\":\"parent_id\"},{\"usableColumn\":false,\"columnId\":17,\"isIncrement\":\"0\",\"increment\":false,\"insert\":true,\"isList\":\"1\",\"dictType\":\"\",\"required\":false,\"superColumn\":true,\"updateBy\":\"\",\"isInsert\":\"1\",\"javaField\":\"ancestors\",\"htmlType\":\"input\",\"edit\":true,\"query\":true,\"columnComment\":\"祖级列表\",\"isQuery\":\"1\",\"updateTime\":1587606365000,\"sort\":3,\"list\":true,\"params\":{},\"javaType\":\"String\",\"queryType\":\"EQ\",\"columnType\":\"varchar(50)\",\"createBy\":\"admin\",\"isPk\":\"0\",\"createTime\":1587605678000,\"isEdit\":\"1\",\"tableId\":2,\"pk\":false,\"columnName\":\"ancestors\"},{\"usableColumn\":false,\"columnId\":18,\"isIncrement\":\"0\",\"increment\":false,\"insert\":true,\"isList\":\"1\",\"dictType\":\"\",\"required\":false,\"superColumn\":false,\"updateBy\":\"\",\"isInsert\":\"1\",\"javaField\":\"deptName\",\"htmlType\":\"input\",\"edit\":true,\"query\":true,\"columnComment\":\"部门名称\",\"isQuery\":\"1\",\"updateTime\":1587606365000,\"sort\":4,\"list\":true,\"params\":{},\"javaType\":\"String\",\"queryType\":\"LIKE\",\"columnType\":\"varchar(30)\",\"createBy\":\"admin\",\"isPk\":', '{\"msg\":\"操作成功\",\"code\":200}', 0, NULL, '2020-04-23 09:51:29');
INSERT INTO `sys_oper_log` VALUES (13, '代码生成', 2, 'com.ruoyi.project.tool.gen.controller.GenController.editSave()', 'PUT', 1, 'admin', NULL, '/tool/gen', '127.0.0.1', '内网IP', '{\"functionAuthor\":\"ruoyi\",\"columns\":[{\"usableColumn\":false,\"columnId\":15,\"isIncrement\":\"1\",\"increment\":true,\"insert\":true,\"dictType\":\"\",\"required\":false,\"superColumn\":false,\"updateBy\":\"\",\"isInsert\":\"1\",\"javaField\":\"deptId\",\"htmlType\":\"input\",\"edit\":false,\"query\":false,\"columnComment\":\"部门id\",\"updateTime\":1587606689000,\"sort\":1,\"list\":false,\"params\":{},\"javaType\":\"Long\",\"queryType\":\"EQ\",\"columnType\":\"bigint(20)\",\"createBy\":\"admin\",\"isPk\":\"1\",\"createTime\":1587605678000,\"tableId\":2,\"pk\":true,\"columnName\":\"dept_id\"},{\"usableColumn\":true,\"columnId\":16,\"isIncrement\":\"0\",\"increment\":false,\"insert\":true,\"isList\":\"1\",\"dictType\":\"\",\"required\":false,\"superColumn\":true,\"updateBy\":\"\",\"isInsert\":\"1\",\"javaField\":\"parentId\",\"htmlType\":\"input\",\"edit\":true,\"query\":true,\"columnComment\":\"父部门id\",\"isQuery\":\"1\",\"updateTime\":1587606689000,\"sort\":2,\"list\":true,\"params\":{},\"javaType\":\"Long\",\"queryType\":\"EQ\",\"columnType\":\"bigint(20)\",\"createBy\":\"admin\",\"isPk\":\"0\",\"createTime\":1587605678000,\"isEdit\":\"1\",\"tableId\":2,\"pk\":false,\"columnName\":\"parent_id\"},{\"usableColumn\":false,\"columnId\":17,\"isIncrement\":\"0\",\"increment\":false,\"insert\":true,\"isList\":\"1\",\"dictType\":\"\",\"required\":false,\"superColumn\":true,\"updateBy\":\"\",\"isInsert\":\"1\",\"javaField\":\"ancestors\",\"htmlType\":\"input\",\"edit\":true,\"query\":true,\"columnComment\":\"祖级列表\",\"isQuery\":\"1\",\"updateTime\":1587606689000,\"sort\":3,\"list\":true,\"params\":{},\"javaType\":\"String\",\"queryType\":\"EQ\",\"columnType\":\"varchar(50)\",\"createBy\":\"admin\",\"isPk\":\"0\",\"createTime\":1587605678000,\"isEdit\":\"1\",\"tableId\":2,\"pk\":false,\"columnName\":\"ancestors\"},{\"usableColumn\":false,\"columnId\":18,\"isIncrement\":\"0\",\"increment\":false,\"insert\":true,\"isList\":\"1\",\"dictType\":\"\",\"required\":false,\"superColumn\":false,\"updateBy\":\"\",\"isInsert\":\"1\",\"javaField\":\"deptName\",\"htmlType\":\"input\",\"edit\":true,\"query\":true,\"columnComment\":\"部门名称\",\"isQuery\":\"1\",\"updateTime\":1587606689000,\"sort\":4,\"list\":true,\"params\":{},\"javaType\":\"String\",\"queryType\":\"LIKE\",\"columnType\":\"varchar(30)\",\"createBy\":\"admin\",\"isPk\":', '{\"msg\":\"操作成功\",\"code\":200}', 0, NULL, '2020-04-23 09:51:39');
INSERT INTO `sys_oper_log` VALUES (14, '代码生成', 3, 'com.ruoyi.project.tool.gen.controller.GenController.remove()', 'DELETE', 1, 'admin', NULL, '/tool/gen/1', '127.0.0.1', '内网IP', '{tableIds=1}', '{\"msg\":\"操作成功\",\"code\":200}', 0, NULL, '2020-04-23 10:02:58');
INSERT INTO `sys_oper_log` VALUES (15, '代码生成', 6, 'com.ruoyi.project.tool.gen.controller.GenController.importTableSave()', 'POST', 1, 'admin', NULL, '/tool/gen/importTable', '127.0.0.1', '内网IP', 'bus_goods', '{\"msg\":\"操作成功\",\"code\":200}', 0, NULL, '2020-04-23 10:03:43');
INSERT INTO `sys_oper_log` VALUES (16, '代码生成', 2, 'com.ruoyi.project.tool.gen.controller.GenController.editSave()', 'PUT', 1, 'admin', NULL, '/tool/gen', '127.0.0.1', '内网IP', '{\"functionAuthor\":\"ruoyi\",\"columns\":[{\"usableColumn\":false,\"columnId\":29,\"isIncrement\":\"1\",\"increment\":true,\"insert\":true,\"dictType\":\"\",\"required\":false,\"superColumn\":false,\"updateBy\":\"\",\"isInsert\":\"1\",\"javaField\":\"goodId\",\"htmlType\":\"input\",\"edit\":false,\"query\":false,\"columnComment\":\"订单d\",\"sort\":1,\"list\":false,\"params\":{},\"javaType\":\"Long\",\"queryType\":\"EQ\",\"columnType\":\"int(11)\",\"createBy\":\"admin\",\"isPk\":\"1\",\"createTime\":1587607423000,\"tableId\":3,\"pk\":true,\"columnName\":\"good_id\"},{\"usableColumn\":false,\"columnId\":30,\"isIncrement\":\"0\",\"increment\":false,\"insert\":true,\"isList\":\"1\",\"dictType\":\"\",\"required\":false,\"superColumn\":false,\"updateBy\":\"\",\"isInsert\":\"1\",\"javaField\":\"goodsName\",\"htmlType\":\"input\",\"edit\":true,\"query\":true,\"columnComment\":\"阿迪\",\"isQuery\":\"1\",\"sort\":2,\"list\":true,\"params\":{},\"javaType\":\"String\",\"queryType\":\"LIKE\",\"columnType\":\"varchar(255)\",\"createBy\":\"admin\",\"isPk\":\"0\",\"createTime\":1587607423000,\"isEdit\":\"1\",\"tableId\":3,\"pk\":false,\"columnName\":\"goods_name\"},{\"usableColumn\":false,\"columnId\":31,\"isIncrement\":\"0\",\"increment\":false,\"insert\":true,\"isList\":\"1\",\"dictType\":\"\",\"required\":false,\"superColumn\":false,\"updateBy\":\"\",\"isInsert\":\"1\",\"javaField\":\"producePlace\",\"htmlType\":\"input\",\"edit\":true,\"query\":true,\"columnComment\":\"阿凡达\",\"isQuery\":\"1\",\"sort\":3,\"list\":true,\"params\":{},\"javaType\":\"String\",\"queryType\":\"EQ\",\"columnType\":\"varchar(255)\",\"createBy\":\"admin\",\"isPk\":\"0\",\"createTime\":1587607423000,\"isEdit\":\"1\",\"tableId\":3,\"pk\":false,\"columnName\":\"produce_place\"},{\"usableColumn\":false,\"columnId\":32,\"isIncrement\":\"0\",\"increment\":false,\"insert\":true,\"isList\":\"1\",\"dictType\":\"\",\"required\":false,\"superColumn\":false,\"updateBy\":\"\",\"isInsert\":\"1\",\"javaField\":\"size\",\"htmlType\":\"input\",\"edit\":true,\"query\":true,\"columnComment\":\"阿凡达\",\"isQuery\":\"1\",\"sort\":4,\"list\":true,\"params\":{},\"javaType\":\"String\",\"queryType\":\"EQ\",\"columnType\":\"varchar(255)\",\"createBy\":\"admin\",\"isPk\":\"0\",\"createTime\":1587607423000,\"isEdit\":\"1\",\"tableId\":3,\"pk\":false,\"columnName\":\"size\"},{\"usableColumn\"', '{\"msg\":\"操作成功\",\"code\":200}', 0, NULL, '2020-04-23 10:05:54');
INSERT INTO `sys_oper_log` VALUES (17, '代码生成', 2, 'com.ruoyi.project.tool.gen.controller.GenController.editSave()', 'PUT', 1, 'admin', NULL, '/tool/gen', '127.0.0.1', '内网IP', '{\"functionAuthor\":\"ruoyi\",\"columns\":[{\"usableColumn\":false,\"columnId\":29,\"isIncrement\":\"1\",\"increment\":true,\"insert\":true,\"dictType\":\"\",\"required\":false,\"superColumn\":false,\"updateBy\":\"\",\"isInsert\":\"1\",\"javaField\":\"goodId\",\"htmlType\":\"input\",\"edit\":false,\"query\":false,\"columnComment\":\"商品ID\",\"updateTime\":1587607554000,\"sort\":1,\"list\":false,\"params\":{},\"javaType\":\"Long\",\"queryType\":\"EQ\",\"columnType\":\"int(11)\",\"createBy\":\"admin\",\"isPk\":\"1\",\"createTime\":1587607423000,\"tableId\":3,\"pk\":true,\"columnName\":\"good_id\"},{\"usableColumn\":false,\"columnId\":30,\"isIncrement\":\"0\",\"increment\":false,\"insert\":true,\"isList\":\"1\",\"dictType\":\"\",\"required\":false,\"superColumn\":false,\"updateBy\":\"\",\"isInsert\":\"1\",\"javaField\":\"goodsName\",\"htmlType\":\"input\",\"edit\":true,\"query\":true,\"columnComment\":\"商品名称\",\"isQuery\":\"1\",\"updateTime\":1587607554000,\"sort\":2,\"list\":true,\"params\":{},\"javaType\":\"String\",\"queryType\":\"LIKE\",\"columnType\":\"varchar(255)\",\"createBy\":\"admin\",\"isPk\":\"0\",\"createTime\":1587607423000,\"isEdit\":\"1\",\"tableId\":3,\"pk\":false,\"columnName\":\"goods_name\"},{\"usableColumn\":false,\"columnId\":31,\"isIncrement\":\"0\",\"increment\":false,\"insert\":true,\"isList\":\"1\",\"dictType\":\"\",\"required\":false,\"superColumn\":false,\"updateBy\":\"\",\"isInsert\":\"1\",\"javaField\":\"producePlace\",\"htmlType\":\"input\",\"edit\":true,\"query\":true,\"columnComment\":\"商品产地\",\"isQuery\":\"1\",\"updateTime\":1587607554000,\"sort\":3,\"list\":true,\"params\":{},\"javaType\":\"String\",\"queryType\":\"EQ\",\"columnType\":\"varchar(255)\",\"createBy\":\"admin\",\"isPk\":\"0\",\"createTime\":1587607423000,\"isEdit\":\"1\",\"tableId\":3,\"pk\":false,\"columnName\":\"produce_place\"},{\"usableColumn\":false,\"columnId\":32,\"isIncrement\":\"0\",\"increment\":false,\"insert\":true,\"isList\":\"1\",\"dictType\":\"\",\"required\":false,\"superColumn\":false,\"updateBy\":\"\",\"isInsert\":\"1\",\"javaField\":\"size\",\"htmlType\":\"input\",\"edit\":true,\"query\":true,\"columnComment\":\"规格\",\"isQuery\":\"1\",\"updateTime\":1587607554000,\"sort\":4,\"list\":true,\"params\":{},\"javaType\":\"String\",\"queryType\":\"EQ\",\"columnType\":\"varchar(255)\",\"createBy\":\"admin\"', '{\"msg\":\"操作成功\",\"code\":200}', 0, NULL, '2020-04-23 10:09:54');
INSERT INTO `sys_oper_log` VALUES (18, '代码生成', 2, 'com.ruoyi.project.tool.gen.controller.GenController.editSave()', 'PUT', 1, 'admin', NULL, '/tool/gen', '127.0.0.1', '内网IP', '{\"functionAuthor\":\"nuoyi\",\"columns\":[{\"usableColumn\":false,\"columnId\":29,\"isIncrement\":\"1\",\"increment\":true,\"insert\":true,\"dictType\":\"\",\"required\":false,\"superColumn\":false,\"updateBy\":\"\",\"isInsert\":\"1\",\"javaField\":\"goodId\",\"htmlType\":\"input\",\"edit\":false,\"query\":false,\"columnComment\":\"商品ID\",\"updateTime\":1587607794000,\"sort\":1,\"list\":false,\"params\":{},\"javaType\":\"Long\",\"queryType\":\"EQ\",\"columnType\":\"int(11)\",\"createBy\":\"admin\",\"isPk\":\"1\",\"createTime\":1587607423000,\"tableId\":3,\"pk\":true,\"columnName\":\"good_id\"},{\"usableColumn\":false,\"columnId\":30,\"isIncrement\":\"0\",\"increment\":false,\"insert\":true,\"isList\":\"1\",\"dictType\":\"\",\"required\":false,\"superColumn\":false,\"updateBy\":\"\",\"isInsert\":\"1\",\"javaField\":\"goodsName\",\"htmlType\":\"input\",\"edit\":true,\"query\":true,\"columnComment\":\"商品名称\",\"isQuery\":\"1\",\"updateTime\":1587607794000,\"sort\":2,\"list\":true,\"params\":{},\"javaType\":\"String\",\"queryType\":\"LIKE\",\"columnType\":\"varchar(255)\",\"createBy\":\"admin\",\"isPk\":\"0\",\"createTime\":1587607423000,\"isEdit\":\"1\",\"tableId\":3,\"pk\":false,\"columnName\":\"goods_name\"},{\"usableColumn\":false,\"columnId\":31,\"isIncrement\":\"0\",\"increment\":false,\"insert\":true,\"isList\":\"1\",\"dictType\":\"\",\"required\":false,\"superColumn\":false,\"updateBy\":\"\",\"isInsert\":\"1\",\"javaField\":\"producePlace\",\"htmlType\":\"input\",\"edit\":true,\"query\":true,\"columnComment\":\"商品产地\",\"isQuery\":\"1\",\"updateTime\":1587607794000,\"sort\":3,\"list\":true,\"params\":{},\"javaType\":\"String\",\"queryType\":\"EQ\",\"columnType\":\"varchar(255)\",\"createBy\":\"admin\",\"isPk\":\"0\",\"createTime\":1587607423000,\"isEdit\":\"1\",\"tableId\":3,\"pk\":false,\"columnName\":\"produce_place\"},{\"usableColumn\":false,\"columnId\":32,\"isIncrement\":\"0\",\"increment\":false,\"insert\":true,\"isList\":\"1\",\"dictType\":\"\",\"required\":false,\"superColumn\":false,\"updateBy\":\"\",\"isInsert\":\"1\",\"javaField\":\"size\",\"htmlType\":\"input\",\"edit\":true,\"query\":true,\"columnComment\":\"规格\",\"isQuery\":\"1\",\"updateTime\":1587607794000,\"sort\":4,\"list\":true,\"params\":{},\"javaType\":\"String\",\"queryType\":\"EQ\",\"columnType\":\"varchar(255)\",\"createBy\":\"admin\"', '{\"msg\":\"操作成功\",\"code\":200}', 0, NULL, '2020-04-23 10:11:32');
INSERT INTO `sys_oper_log` VALUES (19, '代码生成', 8, 'com.ruoyi.project.tool.gen.controller.GenController.batchGenCode()', 'GET', 1, 'admin', NULL, '/tool/gen/batchGenCode', '127.0.0.1', '内网IP', '{}', 'null', 0, NULL, '2020-04-23 10:11:38');
INSERT INTO `sys_oper_log` VALUES (20, '代码生成', 3, 'com.ruoyi.project.tool.gen.controller.GenController.remove()', 'DELETE', 1, 'admin', NULL, '/tool/gen/3', '127.0.0.1', '内网IP', '{tableIds=3}', '{\"msg\":\"操作成功\",\"code\":200}', 0, NULL, '2020-04-23 10:20:22');
INSERT INTO `sys_oper_log` VALUES (21, '代码生成', 6, 'com.ruoyi.project.tool.gen.controller.GenController.importTableSave()', 'POST', 1, 'admin', NULL, '/tool/gen/importTable', '127.0.0.1', '内网IP', 'bus_goods', '{\"msg\":\"操作成功\",\"code\":200}', 0, NULL, '2020-04-23 10:20:27');
INSERT INTO `sys_oper_log` VALUES (22, '代码生成', 3, 'com.ruoyi.project.tool.gen.controller.GenController.remove()', 'DELETE', 1, 'admin', NULL, '/tool/gen/4', '127.0.0.1', '内网IP', '{tableIds=4}', '{\"msg\":\"操作成功\",\"code\":200}', 0, NULL, '2020-04-23 10:21:50');
INSERT INTO `sys_oper_log` VALUES (23, '代码生成', 6, 'com.ruoyi.project.tool.gen.controller.GenController.importTableSave()', 'POST', 1, 'admin', NULL, '/tool/gen/importTable', '127.0.0.1', '内网IP', 'bus_goods', '{\"msg\":\"操作成功\",\"code\":200}', 0, NULL, '2020-04-23 10:23:09');
INSERT INTO `sys_oper_log` VALUES (24, '代码生成', 2, 'com.ruoyi.project.tool.gen.controller.GenController.editSave()', 'PUT', 1, 'admin', NULL, '/tool/gen', '127.0.0.1', '内网IP', '{\"functionAuthor\":\"ruoyi\",\"columns\":[{\"usableColumn\":false,\"columnId\":57,\"isIncrement\":\"1\",\"increment\":true,\"insert\":true,\"dictType\":\"\",\"required\":false,\"superColumn\":false,\"updateBy\":\"\",\"isInsert\":\"1\",\"javaField\":\"id\",\"htmlType\":\"input\",\"edit\":false,\"query\":false,\"columnComment\":\"商品ID\",\"sort\":1,\"list\":false,\"params\":{},\"javaType\":\"Long\",\"queryType\":\"EQ\",\"columnType\":\"int(11)\",\"createBy\":\"admin\",\"isPk\":\"1\",\"createTime\":1587608589000,\"tableId\":5,\"pk\":true,\"columnName\":\"id\"},{\"usableColumn\":false,\"columnId\":58,\"isIncrement\":\"0\",\"increment\":false,\"insert\":true,\"isList\":\"1\",\"dictType\":\"\",\"required\":false,\"superColumn\":false,\"updateBy\":\"\",\"isInsert\":\"1\",\"javaField\":\"goodsname\",\"htmlType\":\"input\",\"edit\":true,\"query\":true,\"columnComment\":\"商品名称\",\"isQuery\":\"1\",\"sort\":2,\"list\":true,\"params\":{},\"javaType\":\"String\",\"queryType\":\"LIKE\",\"columnType\":\"varchar(255)\",\"createBy\":\"admin\",\"isPk\":\"0\",\"createTime\":1587608589000,\"isEdit\":\"1\",\"tableId\":5,\"pk\":false,\"columnName\":\"goodsname\"},{\"usableColumn\":false,\"columnId\":59,\"isIncrement\":\"0\",\"increment\":false,\"insert\":true,\"isList\":\"1\",\"dictType\":\"\",\"required\":false,\"superColumn\":false,\"updateBy\":\"\",\"isInsert\":\"1\",\"javaField\":\"produceplace\",\"htmlType\":\"input\",\"edit\":true,\"query\":true,\"columnComment\":\"商品产地\",\"isQuery\":\"1\",\"sort\":3,\"list\":true,\"params\":{},\"javaType\":\"String\",\"queryType\":\"EQ\",\"columnType\":\"varchar(255)\",\"createBy\":\"admin\",\"isPk\":\"0\",\"createTime\":1587608589000,\"isEdit\":\"1\",\"tableId\":5,\"pk\":false,\"columnName\":\"produceplace\"},{\"usableColumn\":false,\"columnId\":60,\"isIncrement\":\"0\",\"increment\":false,\"insert\":true,\"isList\":\"1\",\"dictType\":\"\",\"required\":false,\"superColumn\":false,\"updateBy\":\"\",\"isInsert\":\"1\",\"javaField\":\"size\",\"htmlType\":\"input\",\"edit\":true,\"query\":true,\"columnComment\":\"规格\",\"isQuery\":\"1\",\"sort\":4,\"list\":true,\"params\":{},\"javaType\":\"String\",\"queryType\":\"EQ\",\"columnType\":\"varchar(255)\",\"createBy\":\"admin\",\"isPk\":\"0\",\"createTime\":1587608589000,\"isEdit\":\"1\",\"tableId\":5,\"pk\":false,\"columnName\":\"size\"},{\"usableColumn\":false,\"', '{\"msg\":\"操作成功\",\"code\":200}', 0, NULL, '2020-04-23 10:26:16');
INSERT INTO `sys_oper_log` VALUES (25, '代码生成', 2, 'com.ruoyi.project.tool.gen.controller.GenController.editSave()', 'PUT', 1, 'admin', NULL, '/tool/gen', '127.0.0.1', '内网IP', '{\"functionAuthor\":\"nuoyi\",\"columns\":[{\"usableColumn\":false,\"columnId\":57,\"isIncrement\":\"1\",\"increment\":true,\"insert\":true,\"dictType\":\"\",\"required\":false,\"superColumn\":false,\"updateBy\":\"\",\"isInsert\":\"1\",\"javaField\":\"id\",\"htmlType\":\"input\",\"edit\":false,\"query\":false,\"columnComment\":\"商品ID\",\"updateTime\":1587608776000,\"sort\":1,\"list\":false,\"params\":{},\"javaType\":\"Long\",\"queryType\":\"EQ\",\"columnType\":\"int(11)\",\"createBy\":\"admin\",\"isPk\":\"1\",\"createTime\":1587608589000,\"tableId\":5,\"pk\":true,\"columnName\":\"id\"},{\"usableColumn\":false,\"columnId\":58,\"isIncrement\":\"0\",\"increment\":false,\"insert\":true,\"isList\":\"1\",\"dictType\":\"\",\"required\":false,\"superColumn\":false,\"updateBy\":\"\",\"isInsert\":\"1\",\"javaField\":\"goodsname\",\"htmlType\":\"input\",\"edit\":true,\"query\":true,\"columnComment\":\"商品名称\",\"isQuery\":\"1\",\"updateTime\":1587608776000,\"sort\":2,\"list\":true,\"params\":{},\"javaType\":\"String\",\"queryType\":\"LIKE\",\"columnType\":\"varchar(255)\",\"createBy\":\"admin\",\"isPk\":\"0\",\"createTime\":1587608589000,\"isEdit\":\"1\",\"tableId\":5,\"pk\":false,\"columnName\":\"goodsname\"},{\"usableColumn\":false,\"columnId\":59,\"isIncrement\":\"0\",\"increment\":false,\"insert\":true,\"isList\":\"1\",\"dictType\":\"\",\"required\":false,\"superColumn\":false,\"updateBy\":\"\",\"isInsert\":\"1\",\"javaField\":\"produceplace\",\"htmlType\":\"input\",\"edit\":true,\"query\":true,\"columnComment\":\"商品产地\",\"isQuery\":\"1\",\"updateTime\":1587608776000,\"sort\":3,\"list\":true,\"params\":{},\"javaType\":\"String\",\"queryType\":\"EQ\",\"columnType\":\"varchar(255)\",\"createBy\":\"admin\",\"isPk\":\"0\",\"createTime\":1587608589000,\"isEdit\":\"1\",\"tableId\":5,\"pk\":false,\"columnName\":\"produceplace\"},{\"usableColumn\":false,\"columnId\":60,\"isIncrement\":\"0\",\"increment\":false,\"insert\":true,\"isList\":\"1\",\"dictType\":\"\",\"required\":false,\"superColumn\":false,\"updateBy\":\"\",\"isInsert\":\"1\",\"javaField\":\"size\",\"htmlType\":\"input\",\"edit\":true,\"query\":true,\"columnComment\":\"规格\",\"isQuery\":\"1\",\"updateTime\":1587608776000,\"sort\":4,\"list\":true,\"params\":{},\"javaType\":\"String\",\"queryType\":\"EQ\",\"columnType\":\"varchar(255)\",\"createBy\":\"admin\",\"isPk\":\"0\"', '{\"msg\":\"操作成功\",\"code\":200}', 0, NULL, '2020-04-23 10:26:33');
INSERT INTO `sys_oper_log` VALUES (26, '代码生成', 2, 'com.ruoyi.project.tool.gen.controller.GenController.editSave()', 'PUT', 1, 'admin', NULL, '/tool/gen', '127.0.0.1', '内网IP', '{\"functionAuthor\":\"nuoyi\",\"columns\":[{\"usableColumn\":false,\"columnId\":57,\"isIncrement\":\"1\",\"increment\":true,\"insert\":true,\"dictType\":\"\",\"required\":false,\"superColumn\":false,\"updateBy\":\"\",\"isInsert\":\"1\",\"javaField\":\"id\",\"htmlType\":\"input\",\"edit\":false,\"query\":false,\"columnComment\":\"商品ID\",\"updateTime\":1587608793000,\"sort\":1,\"list\":false,\"params\":{},\"javaType\":\"Long\",\"queryType\":\"EQ\",\"columnType\":\"int(11)\",\"createBy\":\"admin\",\"isPk\":\"1\",\"createTime\":1587608589000,\"tableId\":5,\"pk\":true,\"columnName\":\"id\"},{\"usableColumn\":false,\"columnId\":58,\"isIncrement\":\"0\",\"increment\":false,\"insert\":true,\"isList\":\"1\",\"dictType\":\"\",\"required\":false,\"superColumn\":false,\"updateBy\":\"\",\"isInsert\":\"1\",\"javaField\":\"goodsname\",\"htmlType\":\"input\",\"edit\":true,\"query\":true,\"columnComment\":\"商品名称\",\"isQuery\":\"1\",\"updateTime\":1587608793000,\"sort\":2,\"list\":true,\"params\":{},\"javaType\":\"String\",\"queryType\":\"LIKE\",\"columnType\":\"varchar(255)\",\"createBy\":\"admin\",\"isPk\":\"0\",\"createTime\":1587608589000,\"isEdit\":\"1\",\"tableId\":5,\"pk\":false,\"columnName\":\"goodsname\"},{\"usableColumn\":false,\"columnId\":59,\"isIncrement\":\"0\",\"increment\":false,\"insert\":true,\"isList\":\"1\",\"dictType\":\"\",\"required\":false,\"superColumn\":false,\"updateBy\":\"\",\"isInsert\":\"1\",\"javaField\":\"produceplace\",\"htmlType\":\"input\",\"edit\":true,\"query\":true,\"columnComment\":\"商品产地\",\"isQuery\":\"1\",\"updateTime\":1587608793000,\"sort\":3,\"list\":true,\"params\":{},\"javaType\":\"String\",\"queryType\":\"EQ\",\"columnType\":\"varchar(255)\",\"createBy\":\"admin\",\"isPk\":\"0\",\"createTime\":1587608589000,\"isEdit\":\"1\",\"tableId\":5,\"pk\":false,\"columnName\":\"produceplace\"},{\"usableColumn\":false,\"columnId\":60,\"isIncrement\":\"0\",\"increment\":false,\"insert\":true,\"isList\":\"1\",\"dictType\":\"\",\"required\":false,\"superColumn\":false,\"updateBy\":\"\",\"isInsert\":\"1\",\"javaField\":\"size\",\"htmlType\":\"input\",\"edit\":true,\"query\":false,\"columnComment\":\"规格\",\"updateTime\":1587608793000,\"sort\":4,\"list\":true,\"params\":{},\"javaType\":\"String\",\"queryType\":\"EQ\",\"columnType\":\"varchar(255)\",\"createBy\":\"admin\",\"isPk\":\"0\",\"createTime\"', '{\"msg\":\"操作成功\",\"code\":200}', 0, NULL, '2020-04-23 10:27:56');
INSERT INTO `sys_oper_log` VALUES (27, '代码生成', 8, 'com.ruoyi.project.tool.gen.controller.GenController.batchGenCode()', 'GET', 1, 'admin', NULL, '/tool/gen/batchGenCode', '127.0.0.1', '内网IP', '{}', 'null', 0, NULL, '2020-04-23 10:28:01');
INSERT INTO `sys_oper_log` VALUES (28, '商品', 3, 'com.ruoyi.project.system.controller.BusGoodsController.remove()', 'DELETE', 1, 'admin', NULL, '/system/goods/5', '127.0.0.1', '内网IP', '{ids=5}', '{\"msg\":\"操作成功\",\"code\":200}', 0, NULL, '2020-04-23 10:33:08');
INSERT INTO `sys_oper_log` VALUES (29, '菜单管理', 2, 'com.ruoyi.project.system.controller.SysMenuController.edit()', 'PUT', 1, 'admin', NULL, '/system/menu', '127.0.0.1', '内网IP', '{\"visible\":\"0\",\"icon\":\"guide\",\"orderNum\":\"4\",\"menuName\":\"若依官网\",\"params\":{},\"parentId\":0,\"path\":\"http://ruoyi.vip\",\"children\":[],\"createTime\":1521171180000,\"updateBy\":\"admin\",\"isFrame\":\"0\",\"menuId\":4,\"menuType\":\"M\",\"perms\":\"\",\"status\":\"1\"}', '{\"msg\":\"操作成功\",\"code\":200}', 0, NULL, '2020-04-23 10:42:28');
INSERT INTO `sys_oper_log` VALUES (30, '菜单管理', 2, 'com.ruoyi.project.system.controller.SysMenuController.edit()', 'PUT', 1, 'admin', NULL, '/system/menu', '127.0.0.1', '内网IP', '{\"visible\":\"1\",\"icon\":\"log\",\"orderNum\":\"9\",\"menuName\":\"日志管理\",\"params\":{},\"parentId\":1,\"path\":\"log\",\"component\":\"system/log/index\",\"children\":[],\"createTime\":1521171180000,\"updateBy\":\"admin\",\"isFrame\":\"1\",\"menuId\":108,\"menuType\":\"M\",\"perms\":\"\",\"status\":\"1\"}', '{\"msg\":\"操作成功\",\"code\":200}', 0, NULL, '2020-04-23 13:31:18');
INSERT INTO `sys_oper_log` VALUES (31, '菜单管理', 2, 'com.ruoyi.project.system.controller.SysMenuController.edit()', 'PUT', 1, 'admin', NULL, '/system/menu', '127.0.0.1', '内网IP', '{\"visible\":\"1\",\"icon\":\"message\",\"orderNum\":\"8\",\"menuName\":\"通知公告\",\"params\":{},\"parentId\":1,\"path\":\"notice\",\"component\":\"system/notice/index\",\"children\":[],\"createTime\":1521171180000,\"updateBy\":\"admin\",\"isFrame\":\"1\",\"menuId\":107,\"menuType\":\"C\",\"perms\":\"system:notice:list\",\"status\":\"1\"}', '{\"msg\":\"操作成功\",\"code\":200}', 0, NULL, '2020-04-23 13:31:53');
INSERT INTO `sys_oper_log` VALUES (32, '菜单管理', 1, 'com.ruoyi.project.system.controller.SysMenuController.add()', 'POST', 1, 'admin', NULL, '/system/menu', '127.0.0.1', '内网IP', '{\"visible\":\"0\",\"icon\":\"download\",\"orderNum\":\"4\",\"menuName\":\"库房管理\",\"params\":{},\"parentId\":0,\"path\":\"storage\",\"createBy\":\"admin\",\"children\":[],\"isFrame\":\"1\",\"menuType\":\"M\",\"status\":\"0\"}', '{\"msg\":\"操作成功\",\"code\":200}', 0, NULL, '2020-04-23 14:37:59');
INSERT INTO `sys_oper_log` VALUES (33, '菜单管理', 1, 'com.ruoyi.project.system.controller.SysMenuController.add()', 'POST', 1, 'admin', NULL, '/system/menu', '127.0.0.1', '内网IP', '{\"visible\":\"0\",\"icon\":\"shopping\",\"orderNum\":\"1\",\"menuName\":\"入口管理\",\"params\":{},\"parentId\":1062,\"path\":\"storage\",\"component\":\"storage/in/index\",\"createBy\":\"admin\",\"children\":[],\"isFrame\":\"1\",\"menuType\":\"C\",\"perms\":\"system:goods:list\",\"status\":\"0\"}', '{\"msg\":\"操作成功\",\"code\":200}', 0, NULL, '2020-04-23 14:41:32');
INSERT INTO `sys_oper_log` VALUES (34, '菜单管理', 2, 'com.ruoyi.project.system.controller.SysMenuController.edit()', 'PUT', 1, 'admin', NULL, '/system/menu', '127.0.0.1', '内网IP', '{\"visible\":\"0\",\"icon\":\"shopping\",\"orderNum\":\"4\",\"menuName\":\"库房管理\",\"params\":{},\"parentId\":0,\"path\":\"storage\",\"children\":[],\"createTime\":1587623879000,\"updateBy\":\"admin\",\"isFrame\":\"1\",\"menuId\":1062,\"menuType\":\"M\",\"perms\":\"\",\"status\":\"0\"}', '{\"msg\":\"操作成功\",\"code\":200}', 0, NULL, '2020-04-23 14:42:09');
INSERT INTO `sys_oper_log` VALUES (35, '菜单管理', 2, 'com.ruoyi.project.system.controller.SysMenuController.edit()', 'PUT', 1, 'admin', NULL, '/system/menu', '127.0.0.1', '内网IP', '{\"visible\":\"0\",\"icon\":\"shopping\",\"orderNum\":\"1\",\"menuName\":\"入库管理\",\"params\":{},\"parentId\":1062,\"path\":\"storage\",\"component\":\"storage/in/index\",\"children\":[],\"createTime\":1587624092000,\"updateBy\":\"admin\",\"isFrame\":\"1\",\"menuId\":1063,\"menuType\":\"C\",\"perms\":\"system:goods:list\",\"status\":\"0\"}', '{\"msg\":\"操作成功\",\"code\":200}', 0, NULL, '2020-04-23 14:42:52');
INSERT INTO `sys_oper_log` VALUES (36, '菜单管理', 3, 'com.ruoyi.project.system.controller.SysMenuController.remove()', 'DELETE', 1, 'admin', NULL, '/system/menu/4', '127.0.0.1', '内网IP', '{menuId=4}', '{\"msg\":\"菜单已分配,不允许删除\",\"code\":500}', 0, NULL, '2020-04-23 14:47:25');
INSERT INTO `sys_oper_log` VALUES (37, '菜单管理', 2, 'com.ruoyi.project.system.controller.SysMenuController.edit()', 'PUT', 1, 'admin', NULL, '/system/menu', '127.0.0.1', '内网IP', '{\"visible\":\"0\",\"icon\":\"guide\",\"orderNum\":\"11\",\"menuName\":\"在线文档\",\"params\":{},\"parentId\":0,\"path\":\"http://www.baidu.com\",\"children\":[],\"createTime\":1521171180000,\"updateBy\":\"admin\",\"isFrame\":\"0\",\"menuId\":4,\"menuType\":\"M\",\"perms\":\"\",\"status\":\"1\"}', '{\"msg\":\"操作成功\",\"code\":200}', 0, NULL, '2020-04-23 14:48:15');
INSERT INTO `sys_oper_log` VALUES (38, '菜单管理', 2, 'com.ruoyi.project.system.controller.SysMenuController.edit()', 'PUT', 1, 'admin', NULL, '/system/menu', '127.0.0.1', '内网IP', '{\"visible\":\"1\",\"icon\":\"monitor\",\"orderNum\":\"2\",\"menuName\":\"系统监控\",\"params\":{},\"parentId\":0,\"path\":\"monitor\",\"children\":[],\"createTime\":1521171180000,\"updateBy\":\"admin\",\"isFrame\":\"1\",\"menuId\":2,\"menuType\":\"M\",\"perms\":\"\",\"status\":\"0\"}', '{\"msg\":\"操作成功\",\"code\":200}', 0, NULL, '2020-04-24 15:31:08');
INSERT INTO `sys_oper_log` VALUES (39, '代码生成', 2, 'com.ruoyi.project.tool.gen.controller.GenController.editSave()', 'PUT', 1, 'admin', NULL, '/tool/gen', '127.0.0.1', '内网IP', '{\"functionAuthor\":\"nuoyi\",\"columns\":[{\"usableColumn\":false,\"columnId\":57,\"isIncrement\":\"1\",\"increment\":true,\"insert\":true,\"dictType\":\"\",\"required\":false,\"superColumn\":false,\"updateBy\":\"\",\"isInsert\":\"1\",\"javaField\":\"id\",\"htmlType\":\"input\",\"edit\":false,\"query\":false,\"columnComment\":\"商品ID\",\"updateTime\":1587608876000,\"sort\":1,\"list\":false,\"params\":{},\"javaType\":\"Long\",\"queryType\":\"EQ\",\"columnType\":\"int(11)\",\"createBy\":\"admin\",\"isPk\":\"1\",\"createTime\":1587608589000,\"tableId\":5,\"pk\":true,\"columnName\":\"id\"},{\"usableColumn\":false,\"columnId\":58,\"isIncrement\":\"0\",\"increment\":false,\"insert\":true,\"isList\":\"1\",\"dictType\":\"\",\"required\":false,\"superColumn\":false,\"updateBy\":\"\",\"isInsert\":\"1\",\"javaField\":\"goodsname\",\"htmlType\":\"input\",\"edit\":true,\"query\":true,\"columnComment\":\"商品名称\",\"isQuery\":\"1\",\"updateTime\":1587608876000,\"sort\":2,\"list\":true,\"params\":{},\"javaType\":\"String\",\"queryType\":\"LIKE\",\"columnType\":\"varchar(255)\",\"createBy\":\"admin\",\"isPk\":\"0\",\"createTime\":1587608589000,\"isEdit\":\"1\",\"tableId\":5,\"pk\":false,\"columnName\":\"goodsname\"},{\"usableColumn\":false,\"columnId\":59,\"isIncrement\":\"0\",\"increment\":false,\"insert\":true,\"isList\":\"1\",\"dictType\":\"\",\"required\":false,\"superColumn\":false,\"updateBy\":\"\",\"isInsert\":\"1\",\"javaField\":\"produceplace\",\"htmlType\":\"input\",\"edit\":true,\"query\":true,\"columnComment\":\"商品产地\",\"isQuery\":\"1\",\"updateTime\":1587608876000,\"sort\":3,\"list\":true,\"params\":{},\"javaType\":\"String\",\"queryType\":\"EQ\",\"columnType\":\"varchar(255)\",\"createBy\":\"admin\",\"isPk\":\"0\",\"createTime\":1587608589000,\"isEdit\":\"1\",\"tableId\":5,\"pk\":false,\"columnName\":\"produceplace\"},{\"usableColumn\":false,\"columnId\":60,\"isIncrement\":\"0\",\"increment\":false,\"insert\":true,\"isList\":\"1\",\"dictType\":\"\",\"required\":false,\"superColumn\":false,\"updateBy\":\"\",\"isInsert\":\"1\",\"javaField\":\"size\",\"htmlType\":\"input\",\"edit\":true,\"query\":false,\"columnComment\":\"规格\",\"updateTime\":1587608876000,\"sort\":4,\"list\":true,\"params\":{},\"javaType\":\"String\",\"queryType\":\"EQ\",\"columnType\":\"varchar(255)\",\"createBy\":\"admin\",\"isPk\":\"0\",\"createTime\"', '{\"msg\":\"操作成功\",\"code\":200}', 0, NULL, '2020-04-24 15:41:26');
INSERT INTO `sys_oper_log` VALUES (40, '代码生成', 8, 'com.ruoyi.project.tool.gen.controller.GenController.batchGenCode()', 'GET', 1, 'admin', NULL, '/tool/gen/batchGenCode', '127.0.0.1', '内网IP', '{}', 'null', 0, NULL, '2020-04-24 15:42:02');
INSERT INTO `sys_oper_log` VALUES (41, '菜单管理', 2, 'com.ruoyi.project.system.controller.SysMenuController.edit()', 'PUT', 1, 'admin', NULL, '/system/menu', '127.0.0.1', '内网IP', '{\"visible\":\"0\",\"icon\":\"shopping\",\"orderNum\":\"1\",\"menuName\":\"入库管理\",\"params\":{},\"parentId\":1062,\"path\":\"enter\",\"component\":\"storage/enter/index\",\"children\":[],\"createTime\":1587624092000,\"updateBy\":\"admin\",\"isFrame\":\"1\",\"menuId\":1063,\"menuType\":\"C\",\"perms\":\"storage:enter:list\",\"status\":\"0\"}', '{\"msg\":\"操作成功\",\"code\":200}', 0, NULL, '2020-04-24 15:54:39');
INSERT INTO `sys_oper_log` VALUES (42, '菜单管理', 1, 'com.ruoyi.project.system.controller.SysMenuController.add()', 'POST', 1, 'admin', NULL, '/system/menu', '127.0.0.1', '内网IP', '{\"visible\":\"0\",\"icon\":\"shopping\",\"orderNum\":\"2\",\"menuName\":\"出库管理\",\"params\":{},\"parentId\":1062,\"path\":\"out\",\"component\":\"storage/out/index\",\"createBy\":\"admin\",\"children\":[],\"isFrame\":\"1\",\"menuType\":\"C\",\"perms\":\"storage:out:list\",\"status\":\"0\"}', '{\"msg\":\"操作成功\",\"code\":200}', 0, NULL, '2020-04-24 15:56:52');
INSERT INTO `sys_oper_log` VALUES (43, '菜单管理', 2, 'com.ruoyi.project.system.controller.SysMenuController.edit()', 'PUT', 1, 'admin', NULL, '/system/menu', '127.0.0.1', '内网IP', '{\"visible\":\"0\",\"icon\":\"shopping\",\"orderNum\":\"3\",\"menuName\":\"库房管理\",\"params\":{},\"parentId\":0,\"path\":\"storage\",\"children\":[],\"createTime\":1587623879000,\"updateBy\":\"admin\",\"isFrame\":\"1\",\"menuId\":1062,\"menuType\":\"M\",\"perms\":\"\",\"status\":\"0\"}', '{\"msg\":\"操作成功\",\"code\":200}', 0, NULL, '2020-04-24 15:57:34');
INSERT INTO `sys_oper_log` VALUES (44, '菜单管理', 2, 'com.ruoyi.project.system.controller.SysMenuController.edit()', 'PUT', 1, 'admin', NULL, '/system/menu', '127.0.0.1', '内网IP', '{\"visible\":\"0\",\"icon\":\"tool\",\"orderNum\":\"4\",\"menuName\":\"系统工具\",\"params\":{},\"parentId\":0,\"path\":\"tool\",\"children\":[],\"createTime\":1521171180000,\"updateBy\":\"admin\",\"isFrame\":\"1\",\"menuId\":3,\"menuType\":\"M\",\"perms\":\"\",\"status\":\"0\"}', '{\"msg\":\"操作成功\",\"code\":200}', 0, NULL, '2020-04-24 15:57:41');
INSERT INTO `sys_oper_log` VALUES (45, '菜单管理', 2, 'com.ruoyi.project.system.controller.SysMenuController.edit()', 'PUT', 1, 'admin', NULL, '/system/menu', '127.0.0.1', '内网IP', '{\"visible\":\"0\",\"icon\":\"system\",\"orderNum\":\"1\",\"menuName\":\"基础管理\",\"params\":{},\"parentId\":0,\"path\":\"system\",\"children\":[],\"createTime\":1521171180000,\"updateBy\":\"admin\",\"isFrame\":\"1\",\"menuId\":1,\"menuType\":\"M\",\"perms\":\"\",\"status\":\"0\"}', '{\"msg\":\"操作成功\",\"code\":200}', 0, NULL, '2020-04-24 16:02:18');
INSERT INTO `sys_oper_log` VALUES (46, '菜单管理', 1, 'com.ruoyi.project.system.controller.SysMenuController.add()', 'POST', 1, 'admin', NULL, '/system/menu', '127.0.0.1', '内网IP', '{\"visible\":\"0\",\"icon\":\"peoples\",\"orderNum\":\"2\",\"menuName\":\"供应商官库\",\"params\":{},\"parentId\":1,\"path\":\"provider\",\"component\":\"system/provider/index\",\"createBy\":\"admin\",\"children\":[],\"isFrame\":\"1\",\"menuType\":\"C\",\"perms\":\"system:provider:list\",\"status\":\"0\"}', '{\"msg\":\"操作成功\",\"code\":200}', 0, NULL, '2020-04-24 16:12:47');
INSERT INTO `sys_oper_log` VALUES (47, '菜单管理', 2, 'com.ruoyi.project.system.controller.SysMenuController.edit()', 'PUT', 1, 'admin', NULL, '/system/menu', '127.0.0.1', '内网IP', '{\"visible\":\"0\",\"icon\":\"peoples\",\"orderNum\":\"2\",\"menuName\":\"供应商管理\",\"params\":{},\"parentId\":1,\"path\":\"provider\",\"component\":\"system/provider/index\",\"children\":[],\"createTime\":1587715967000,\"updateBy\":\"admin\",\"isFrame\":\"1\",\"menuId\":1065,\"menuType\":\"C\",\"perms\":\"system:provider:list\",\"status\":\"0\"}', '{\"msg\":\"操作成功\",\"code\":200}', 0, NULL, '2020-04-24 16:13:23');
INSERT INTO `sys_oper_log` VALUES (48, '菜单管理', 1, 'com.ruoyi.project.system.controller.SysMenuController.add()', 'POST', 1, 'admin', NULL, '/system/menu', '127.0.0.1', '内网IP', '{\"visible\":\"0\",\"icon\":\"shopping\",\"orderNum\":\"4\",\"menuName\":\"采购管理\",\"params\":{},\"parentId\":1,\"path\":\"purchase\",\"component\":\"system/purchase/index\",\"createBy\":\"admin\",\"children\":[],\"isFrame\":\"1\",\"menuType\":\"C\",\"perms\":\"system:purchase:list\",\"status\":\"0\"}', '{\"msg\":\"操作成功\",\"code\":200}', 0, NULL, '2020-04-24 16:19:13');
INSERT INTO `sys_oper_log` VALUES (49, '菜单管理', 2, 'com.ruoyi.project.system.controller.SysMenuController.edit()', 'PUT', 1, 'admin', NULL, '/system/menu', '127.0.0.1', '内网IP', '{\"visible\":\"0\",\"icon\":\"shopping\",\"orderNum\":\"9\",\"menuName\":\"库房管理\",\"params\":{},\"parentId\":0,\"path\":\"storage\",\"children\":[],\"createTime\":1587623879000,\"updateBy\":\"admin\",\"isFrame\":\"1\",\"menuId\":1062,\"menuType\":\"M\",\"perms\":\"\",\"status\":\"0\"}', '{\"msg\":\"操作成功\",\"code\":200}', 0, NULL, '2020-04-24 16:19:37');
INSERT INTO `sys_oper_log` VALUES (50, '菜单管理', 2, 'com.ruoyi.project.system.controller.SysMenuController.edit()', 'PUT', 1, 'admin', NULL, '/system/menu', '127.0.0.1', '内网IP', '{\"visible\":\"0\",\"icon\":\"shopping\",\"orderNum\":\"6\",\"menuName\":\"库房管理\",\"params\":{},\"parentId\":0,\"path\":\"storage\",\"children\":[],\"createTime\":1587623879000,\"updateBy\":\"admin\",\"isFrame\":\"1\",\"menuId\":1062,\"menuType\":\"M\",\"perms\":\"\",\"status\":\"0\"}', '{\"msg\":\"操作成功\",\"code\":200}', 0, NULL, '2020-04-24 16:19:56');
INSERT INTO `sys_oper_log` VALUES (51, '用户管理', 2, 'com.ruoyi.project.system.controller.SysUserController.edit()', 'PUT', 1, 'admin', NULL, '/system/user', '127.0.0.1', '内网IP', '{\"roles\":[{\"flag\":false,\"roleId\":1,\"admin\":true,\"dataScope\":\"1\",\"params\":{},\"roleSort\":\"1\",\"roleKey\":\"admin\",\"roleName\":\"管理员\",\"status\":\"0\"}],\"phonenumber\":\"15888888888\",\"admin\":true,\"loginDate\":1521171180000,\"remark\":\"管理员\",\"delFlag\":\"0\",\"password\":\"\",\"postIds\":[1],\"loginIp\":\"127.0.0.1\",\"email\":\"ry@163.com\",\"nickName\":\"诺一\",\"sex\":\"1\",\"deptId\":103,\"avatar\":\"\",\"dept\":{\"deptName\":\"研发部门\",\"leader\":\"若依\",\"deptId\":103,\"orderNum\":\"1\",\"params\":{},\"parentId\":101,\"children\":[],\"status\":\"0\"},\"params\":{},\"userName\":\"admin\",\"userId\":1,\"createBy\":\"admin\",\"roleIds\":[1],\"createTime\":1521171180000,\"status\":\"0\"}', 'null', 1, '不允许操作超级管理员用户', '2020-04-24 16:22:00');
INSERT INTO `sys_oper_log` VALUES (52, '用户管理', 2, 'com.ruoyi.project.system.controller.SysUserController.edit()', 'PUT', 1, 'admin', NULL, '/system/user', '127.0.0.1', '内网IP', '{\"roles\":[{\"flag\":false,\"roleId\":2,\"admin\":false,\"dataScope\":\"2\",\"params\":{},\"roleSort\":\"2\",\"roleKey\":\"common\",\"roleName\":\"普通角色\",\"status\":\"0\"}],\"phonenumber\":\"15666666666\",\"admin\":false,\"loginDate\":1521171180000,\"remark\":\"测试员\",\"delFlag\":\"0\",\"password\":\"\",\"updateBy\":\"admin\",\"postIds\":[2],\"loginIp\":\"127.0.0.1\",\"email\":\"ry@qq.com\",\"nickName\":\"诺一\",\"sex\":\"0\",\"deptId\":105,\"avatar\":\"\",\"dept\":{\"deptName\":\"测试部门\",\"leader\":\"若依\",\"deptId\":105,\"orderNum\":\"3\",\"params\":{},\"parentId\":101,\"children\":[],\"status\":\"0\"},\"params\":{},\"userName\":\"ry\",\"userId\":2,\"createBy\":\"admin\",\"roleIds\":[2],\"createTime\":1521171180000,\"status\":\"0\"}', '{\"msg\":\"操作成功\",\"code\":200}', 0, NULL, '2020-04-24 16:22:19');
INSERT INTO `sys_oper_log` VALUES (53, '部门管理', 2, 'com.ruoyi.project.system.controller.SysDeptController.edit()', 'PUT', 1, 'admin', NULL, '/system/dept', '127.0.0.1', '内网IP', '{\"deptName\":\"深圳总公司\",\"leader\":\"诺一\",\"deptId\":101,\"orderNum\":\"1\",\"delFlag\":\"0\",\"params\":{},\"parentId\":100,\"createBy\":\"admin\",\"children\":[],\"createTime\":1521171180000,\"phone\":\"13800880000\",\"updateBy\":\"admin\",\"ancestors\":\"0,100\",\"email\":\"ry@qq.com\",\"status\":\"0\"}', '{\"msg\":\"操作成功\",\"code\":200}', 0, NULL, '2020-04-24 16:23:07');
INSERT INTO `sys_oper_log` VALUES (54, '菜单管理', 2, 'com.ruoyi.project.system.controller.SysMenuController.edit()', 'PUT', 1, 'admin', NULL, '/system/menu', '127.0.0.1', '内网IP', '{\"visible\":\"0\",\"icon\":\"tool\",\"orderNum\":\"4\",\"menuName\":\"其他管理\",\"params\":{},\"parentId\":0,\"path\":\"tool\",\"children\":[],\"createTime\":1521171180000,\"updateBy\":\"admin\",\"isFrame\":\"1\",\"menuId\":3,\"menuType\":\"M\",\"perms\":\"\",\"status\":\"0\"}', '{\"msg\":\"操作成功\",\"code\":200}', 0, NULL, '2020-04-24 16:24:32');
INSERT INTO `sys_oper_log` VALUES (55, '用户管理', 2, 'com.ruoyi.project.system.controller.SysUserController.edit()', 'PUT', 1, 'admin', NULL, '/system/user', '127.0.0.1', '内网IP', '{\"roles\":[{\"flag\":false,\"roleId\":1,\"admin\":true,\"dataScope\":\"1\",\"params\":{},\"roleSort\":\"1\",\"roleKey\":\"admin\",\"roleName\":\"管理员\",\"status\":\"0\"}],\"phonenumber\":\"15888888888\",\"admin\":true,\"loginDate\":1521171180000,\"remark\":\"管理员\",\"delFlag\":\"0\",\"password\":\"\",\"postIds\":[1],\"loginIp\":\"127.0.0.1\",\"email\":\"ry@163.com\",\"nickName\":\"ruoyi\",\"sex\":\"1\",\"deptId\":103,\"avatar\":\"\",\"dept\":{\"deptName\":\"研发部门\",\"leader\":\"若依\",\"deptId\":103,\"orderNum\":\"1\",\"params\":{},\"parentId\":101,\"children\":[],\"status\":\"0\"},\"params\":{},\"userName\":\"admin\",\"userId\":1,\"createBy\":\"admin\",\"roleIds\":[1],\"createTime\":1521171180000,\"status\":\"0\"}', 'null', 1, '不允许操作超级管理员用户', '2020-05-05 10:56:39');
INSERT INTO `sys_oper_log` VALUES (56, '菜单管理', 1, 'com.ruoyi.project.system.controller.SysMenuController.add()', 'POST', 1, 'admin', NULL, '/system/menu', '127.0.0.1', '内网IP', '{\"visible\":\"0\",\"icon\":\"people\",\"orderNum\":\"4\",\"menuName\":\"客户管理\",\"params\":{},\"parentId\":1,\"path\":\"customer\",\"component\":\"system/customer/index\",\"createBy\":\"admin\",\"children\":[],\"isFrame\":\"1\",\"menuType\":\"C\",\"perms\":\"system:customer:list\",\"status\":\"0\"}', '{\"msg\":\"操作成功\",\"code\":200}', 0, NULL, '2020-05-05 11:15:27');
INSERT INTO `sys_oper_log` VALUES (57, '代码生成', 6, 'com.ruoyi.project.tool.gen.controller.GenController.importTableSave()', 'POST', 1, 'admin', NULL, '/tool/gen/importTable', '127.0.0.1', '内网IP', 'bus_customer,bus_provider', '{\"msg\":\"操作成功\",\"code\":200}', 0, NULL, '2020-05-05 11:21:10');
INSERT INTO `sys_oper_log` VALUES (58, '代码生成', 2, 'com.ruoyi.project.tool.gen.controller.GenController.editSave()', 'PUT', 1, 'admin', NULL, '/tool/gen', '127.0.0.1', '内网IP', '{\"functionAuthor\":\"nuoyi\",\"columns\":[{\"usableColumn\":false,\"columnId\":71,\"isIncrement\":\"1\",\"increment\":true,\"insert\":true,\"dictType\":\"\",\"required\":false,\"superColumn\":false,\"updateBy\":\"\",\"isInsert\":\"1\",\"javaField\":\"id\",\"htmlType\":\"input\",\"edit\":false,\"query\":false,\"columnComment\":\"客户ID\",\"sort\":1,\"list\":false,\"params\":{},\"javaType\":\"Long\",\"queryType\":\"EQ\",\"columnType\":\"int(11)\",\"createBy\":\"admin\",\"isPk\":\"1\",\"createTime\":1588648870000,\"tableId\":6,\"pk\":true,\"columnName\":\"id\"},{\"usableColumn\":false,\"columnId\":72,\"isIncrement\":\"0\",\"increment\":false,\"insert\":true,\"isList\":\"1\",\"dictType\":\"\",\"required\":false,\"superColumn\":false,\"updateBy\":\"\",\"isInsert\":\"1\",\"javaField\":\"customername\",\"htmlType\":\"input\",\"edit\":true,\"query\":true,\"columnComment\":\"客户名称\",\"isQuery\":\"1\",\"sort\":2,\"list\":true,\"params\":{},\"javaType\":\"String\",\"queryType\":\"LIKE\",\"columnType\":\"varchar(255)\",\"createBy\":\"admin\",\"isPk\":\"0\",\"createTime\":1588648870000,\"isEdit\":\"1\",\"tableId\":6,\"pk\":false,\"columnName\":\"customername\"},{\"usableColumn\":false,\"columnId\":73,\"isIncrement\":\"0\",\"increment\":false,\"insert\":true,\"dictType\":\"\",\"required\":false,\"superColumn\":false,\"updateBy\":\"\",\"isInsert\":\"1\",\"javaField\":\"zip\",\"htmlType\":\"input\",\"edit\":true,\"query\":false,\"columnComment\":\"传真\",\"sort\":3,\"list\":false,\"params\":{},\"javaType\":\"String\",\"queryType\":\"EQ\",\"columnType\":\"varchar(255)\",\"createBy\":\"admin\",\"isPk\":\"0\",\"createTime\":1588648870000,\"isEdit\":\"1\",\"tableId\":6,\"pk\":false,\"columnName\":\"zip\"},{\"usableColumn\":false,\"columnId\":74,\"isIncrement\":\"0\",\"increment\":false,\"insert\":true,\"isList\":\"1\",\"dictType\":\"\",\"required\":false,\"superColumn\":false,\"updateBy\":\"\",\"isInsert\":\"1\",\"javaField\":\"address\",\"htmlType\":\"input\",\"edit\":true,\"query\":true,\"columnComment\":\"地址\",\"isQuery\":\"1\",\"sort\":4,\"list\":true,\"params\":{},\"javaType\":\"String\",\"queryType\":\"EQ\",\"columnType\":\"varchar(255)\",\"createBy\":\"admin\",\"isPk\":\"0\",\"createTime\":1588648870000,\"isEdit\":\"1\",\"tableId\":6,\"pk\":false,\"columnName\":\"address\"},{\"usableColumn\":false,\"columnId\":75,\"isIncrement\":\"0\",\"i', '{\"msg\":\"操作成功\",\"code\":200}', 0, NULL, '2020-05-05 11:30:19');
INSERT INTO `sys_oper_log` VALUES (59, '代码生成', 8, 'com.ruoyi.project.tool.gen.controller.GenController.batchGenCode()', 'GET', 1, 'admin', NULL, '/tool/gen/batchGenCode', '127.0.0.1', '内网IP', '{}', 'null', 0, NULL, '2020-05-05 11:32:45');
INSERT INTO `sys_oper_log` VALUES (60, '客户', 2, 'com.ruoyi.project.system.controller.BusCustomerController.edit()', 'PUT', 1, 'admin', NULL, '/system/customer', '127.0.0.1', '内网IP', '{\"zip\":\"222\",\"address\":\"武汉\",\"available\":\"1\",\"telephone\":\"027-9123131\",\"params\":{},\"bank\":\"中国银行\",\"connectionpersion\":\"张大明\",\"phone\":\"15279230588\",\"id\":1,\"customername\":\"小张超市\",\"fax\":\"430001\",\"account\":\"654431331343413\",\"email\":\"213123@sina.com\"}', '{\"msg\":\"操作成功\",\"code\":200}', 0, NULL, '2020-05-05 11:37:53');
INSERT INTO `sys_oper_log` VALUES (61, '代码生成', 6, 'com.ruoyi.project.tool.gen.controller.GenController.importTableSave()', 'POST', 1, 'admin', NULL, '/tool/gen/importTable', '127.0.0.1', '内网IP', 'sys_user', '{\"msg\":\"操作成功\",\"code\":200}', 0, NULL, '2020-05-05 15:38:40');
INSERT INTO `sys_oper_log` VALUES (62, '代码生成', 3, 'com.ruoyi.project.tool.gen.controller.GenController.remove()', 'DELETE', 1, 'admin', NULL, '/tool/gen/8', '127.0.0.1', '内网IP', '{tableIds=8}', '{\"msg\":\"操作成功\",\"code\":200}', 0, NULL, '2020-05-05 15:45:16');
INSERT INTO `sys_oper_log` VALUES (63, '代码生成', 6, 'com.ruoyi.project.tool.gen.controller.GenController.importTableSave()', 'POST', 1, 'admin', NULL, '/tool/gen/importTable', '127.0.0.1', '内网IP', 'sys_user', '{\"msg\":\"操作成功\",\"code\":200}', 0, NULL, '2020-05-05 15:47:32');
INSERT INTO `sys_oper_log` VALUES (64, '代码生成', 2, 'com.ruoyi.project.tool.gen.controller.GenController.editSave()', 'PUT', 1, 'admin', NULL, '/tool/gen', '127.0.0.1', '内网IP', '{\"functionAuthor\":\"nuoyi\",\"columns\":[{\"usableColumn\":false,\"columnId\":83,\"isIncrement\":\"1\",\"increment\":true,\"insert\":true,\"dictType\":\"\",\"required\":false,\"superColumn\":false,\"updateBy\":\"\",\"isInsert\":\"1\",\"javaField\":\"id\",\"htmlType\":\"input\",\"edit\":false,\"query\":false,\"columnComment\":\"供应商ID\",\"sort\":1,\"list\":false,\"params\":{},\"javaType\":\"Long\",\"queryType\":\"EQ\",\"columnType\":\"int(11)\",\"createBy\":\"admin\",\"isPk\":\"1\",\"createTime\":1588648870000,\"tableId\":7,\"pk\":true,\"columnName\":\"id\"},{\"usableColumn\":false,\"columnId\":84,\"isIncrement\":\"0\",\"increment\":false,\"insert\":true,\"isList\":\"1\",\"dictType\":\"\",\"required\":false,\"superColumn\":false,\"updateBy\":\"\",\"isInsert\":\"1\",\"javaField\":\"providername\",\"htmlType\":\"input\",\"edit\":true,\"query\":true,\"columnComment\":\"供应商名称\",\"isQuery\":\"1\",\"sort\":2,\"list\":true,\"params\":{},\"javaType\":\"String\",\"queryType\":\"LIKE\",\"columnType\":\"varchar(255)\",\"createBy\":\"admin\",\"isPk\":\"0\",\"createTime\":1588648870000,\"isEdit\":\"1\",\"tableId\":7,\"pk\":false,\"columnName\":\"providername\"},{\"usableColumn\":false,\"columnId\":85,\"isIncrement\":\"0\",\"increment\":false,\"insert\":true,\"dictType\":\"\",\"required\":false,\"superColumn\":false,\"updateBy\":\"\",\"isInsert\":\"1\",\"javaField\":\"zip\",\"htmlType\":\"input\",\"edit\":true,\"query\":false,\"sort\":3,\"list\":false,\"params\":{},\"javaType\":\"String\",\"queryType\":\"EQ\",\"columnType\":\"varchar(255)\",\"createBy\":\"admin\",\"isPk\":\"0\",\"createTime\":1588648870000,\"isEdit\":\"1\",\"tableId\":7,\"pk\":false,\"columnName\":\"zip\"},{\"usableColumn\":false,\"columnId\":86,\"isIncrement\":\"0\",\"increment\":false,\"insert\":true,\"isList\":\"1\",\"dictType\":\"\",\"required\":false,\"superColumn\":false,\"updateBy\":\"\",\"isInsert\":\"1\",\"javaField\":\"address\",\"htmlType\":\"input\",\"edit\":true,\"query\":true,\"columnComment\":\"供应商地址\",\"isQuery\":\"1\",\"sort\":4,\"list\":true,\"params\":{},\"javaType\":\"String\",\"queryType\":\"LIKE\",\"columnType\":\"varchar(255)\",\"createBy\":\"admin\",\"isPk\":\"0\",\"createTime\":1588648870000,\"isEdit\":\"1\",\"tableId\":7,\"pk\":false,\"columnName\":\"address\"},{\"usableColumn\":false,\"columnId\":87,\"isIncrement\":\"0\",\"increment\":fals', '{\"msg\":\"操作成功\",\"code\":200}', 0, NULL, '2020-05-05 15:49:34');
INSERT INTO `sys_oper_log` VALUES (65, '代码生成', 3, 'com.ruoyi.project.tool.gen.controller.GenController.remove()', 'DELETE', 1, 'admin', NULL, '/tool/gen/9', '127.0.0.1', '内网IP', '{tableIds=9}', '{\"msg\":\"操作成功\",\"code\":200}', 0, NULL, '2020-05-05 15:49:39');
INSERT INTO `sys_oper_log` VALUES (66, '代码生成', 8, 'com.ruoyi.project.tool.gen.controller.GenController.batchGenCode()', 'GET', 1, 'admin', NULL, '/tool/gen/batchGenCode', '127.0.0.1', '内网IP', '{}', 'null', 0, NULL, '2020-05-05 15:50:16');
INSERT INTO `sys_oper_log` VALUES (67, '代码生成', 2, 'com.ruoyi.project.tool.gen.controller.GenController.editSave()', 'PUT', 1, 'admin', NULL, '/tool/gen', '127.0.0.1', '内网IP', '{\"functionAuthor\":\"nuoyi\",\"columns\":[{\"usableColumn\":false,\"columnId\":83,\"isIncrement\":\"1\",\"increment\":true,\"insert\":true,\"dictType\":\"\",\"required\":false,\"superColumn\":false,\"updateBy\":\"\",\"isInsert\":\"1\",\"javaField\":\"id\",\"htmlType\":\"input\",\"edit\":false,\"query\":false,\"columnComment\":\"供应商ID\",\"updateTime\":1588664973000,\"sort\":1,\"list\":false,\"params\":{},\"javaType\":\"Long\",\"queryType\":\"EQ\",\"columnType\":\"int(11)\",\"createBy\":\"admin\",\"isPk\":\"1\",\"createTime\":1588648870000,\"tableId\":7,\"pk\":true,\"columnName\":\"id\"},{\"usableColumn\":false,\"columnId\":84,\"isIncrement\":\"0\",\"increment\":false,\"insert\":true,\"isList\":\"1\",\"dictType\":\"\",\"required\":false,\"superColumn\":false,\"updateBy\":\"\",\"isInsert\":\"1\",\"javaField\":\"providername\",\"htmlType\":\"input\",\"edit\":true,\"query\":true,\"columnComment\":\"供应商名称\",\"isQuery\":\"1\",\"updateTime\":1588664973000,\"sort\":2,\"list\":true,\"params\":{},\"javaType\":\"String\",\"queryType\":\"LIKE\",\"columnType\":\"varchar(255)\",\"createBy\":\"admin\",\"isPk\":\"0\",\"createTime\":1588648870000,\"isEdit\":\"1\",\"tableId\":7,\"pk\":false,\"columnName\":\"providername\"},{\"usableColumn\":false,\"columnId\":85,\"isIncrement\":\"0\",\"increment\":false,\"insert\":true,\"dictType\":\"\",\"required\":false,\"superColumn\":false,\"updateBy\":\"\",\"isInsert\":\"1\",\"javaField\":\"zip\",\"htmlType\":\"input\",\"edit\":true,\"query\":false,\"updateTime\":1588664973000,\"sort\":3,\"list\":false,\"params\":{},\"javaType\":\"String\",\"queryType\":\"EQ\",\"columnType\":\"varchar(255)\",\"createBy\":\"admin\",\"isPk\":\"0\",\"createTime\":1588648870000,\"isEdit\":\"1\",\"tableId\":7,\"pk\":false,\"columnName\":\"zip\"},{\"usableColumn\":false,\"columnId\":86,\"isIncrement\":\"0\",\"increment\":false,\"insert\":true,\"isList\":\"1\",\"dictType\":\"\",\"required\":false,\"superColumn\":false,\"updateBy\":\"\",\"isInsert\":\"1\",\"javaField\":\"address\",\"htmlType\":\"input\",\"edit\":true,\"query\":true,\"columnComment\":\"供应商地址\",\"isQuery\":\"1\",\"updateTime\":1588664974000,\"sort\":4,\"list\":true,\"params\":{},\"javaType\":\"String\",\"queryType\":\"LIKE\",\"columnType\":\"varchar(255)\",\"createBy\":\"admin\",\"isPk\":\"0\",\"createTime\":1588648870000,\"isEdit\":\"1\",\"tableId\"', '{\"msg\":\"操作成功\",\"code\":200}', 0, NULL, '2020-05-06 11:28:29');
INSERT INTO `sys_oper_log` VALUES (68, '代码生成', 8, 'com.ruoyi.project.tool.gen.controller.GenController.batchGenCode()', 'GET', 1, 'admin', NULL, '/tool/gen/batchGenCode', '127.0.0.1', '内网IP', '{}', 'null', 0, NULL, '2020-05-06 11:28:33');
INSERT INTO `sys_oper_log` VALUES (69, '商品', 5, 'com.ruoyi.project.system.controller.BusGoodsController.export()', 'GET', 1, 'admin', NULL, '/system/goods/export', '127.0.0.1', '内网IP', '{}', '{\"msg\":\"946f4044-bc84-4805-af40-e461f5639214_goods.xlsx\",\"code\":200}', 0, NULL, '2020-05-06 12:27:25');
INSERT INTO `sys_oper_log` VALUES (70, '部门管理', 2, 'com.ruoyi.project.system.controller.SysDeptController.edit()', 'PUT', 1, 'admin', NULL, '/system/dept', '127.0.0.1', '内网IP', '{\"deptName\":\"仓储部门\",\"leader\":\"若依\",\"deptId\":105,\"orderNum\":\"3\",\"delFlag\":\"0\",\"params\":{},\"parentId\":101,\"createBy\":\"admin\",\"children\":[],\"createTime\":1521171180000,\"phone\":\"15888888888\",\"updateBy\":\"admin\",\"ancestors\":\"0,100,101\",\"email\":\"ry@qq.com\",\"status\":\"0\"}', '{\"msg\":\"操作成功\",\"code\":200}', 0, NULL, '2020-05-06 12:29:40');
INSERT INTO `sys_oper_log` VALUES (71, '部门管理', 2, 'com.ruoyi.project.system.controller.SysDeptController.edit()', 'PUT', 1, 'admin', NULL, '/system/dept', '127.0.0.1', '内网IP', '{\"deptName\":\" 保卫部门\",\"leader\":\"若依\",\"deptId\":107,\"orderNum\":\"5\",\"delFlag\":\"0\",\"params\":{},\"parentId\":101,\"createBy\":\"admin\",\"children\":[],\"createTime\":1521171180000,\"phone\":\"15888888888\",\"updateBy\":\"admin\",\"ancestors\":\"0,100,101\",\"email\":\"ry@qq.com\",\"status\":\"0\"}', '{\"msg\":\"操作成功\",\"code\":200}', 0, NULL, '2020-05-06 12:30:07');
INSERT INTO `sys_oper_log` VALUES (72, '部门管理', 2, 'com.ruoyi.project.system.controller.SysDeptController.edit()', 'PUT', 1, 'admin', NULL, '/system/dept', '127.0.0.1', '内网IP', '{\"deptName\":\"物流部门\",\"leader\":\"若依\",\"deptId\":103,\"orderNum\":\"1\",\"delFlag\":\"0\",\"params\":{},\"parentId\":101,\"createBy\":\"admin\",\"children\":[],\"createTime\":1521171180000,\"phone\":\"15888888888\",\"updateBy\":\"admin\",\"ancestors\":\"0,100,101\",\"email\":\"ry@qq.com\",\"status\":\"0\"}', '{\"msg\":\"操作成功\",\"code\":200}', 0, NULL, '2020-05-06 12:30:23');
INSERT INTO `sys_oper_log` VALUES (73, '代码生成', 6, 'com.ruoyi.project.tool.gen.controller.GenController.importTableSave()', 'POST', 1, 'admin', NULL, '/tool/gen/importTable', '127.0.0.1', '内网IP', 'bus_inport,bus_outport', '{\"msg\":\"操作成功\",\"code\":200}', 0, NULL, '2020-05-06 12:48:00');
INSERT INTO `sys_oper_log` VALUES (74, '菜单管理', 2, 'com.ruoyi.project.system.controller.SysMenuController.edit()', 'PUT', 1, 'admin', NULL, '/system/menu', '127.0.0.1', '内网IP', '{\"visible\":\"0\",\"icon\":\"shopping\",\"orderNum\":\"4\",\"menuName\":\"采购管理\",\"params\":{},\"parentId\":1,\"path\":\"purchase\",\"component\":\"system/purchase/index\",\"children\":[],\"createTime\":1587716353000,\"updateBy\":\"admin\",\"isFrame\":\"1\",\"menuId\":1066,\"menuType\":\"M\",\"perms\":\"system:purchase:list\",\"status\":\"0\"}', '{\"msg\":\"操作成功\",\"code\":200}', 0, NULL, '2020-05-06 12:54:08');
INSERT INTO `sys_oper_log` VALUES (75, '菜单管理', 2, 'com.ruoyi.project.system.controller.SysMenuController.edit()', 'PUT', 1, 'admin', NULL, '/system/menu', '127.0.0.1', '内网IP', '{\"visible\":\"0\",\"icon\":\"shopping\",\"orderNum\":\"4\",\"menuName\":\"采购管理\",\"params\":{},\"parentId\":1,\"path\":\"purchase\",\"component\":\"system/purchase/index\",\"children\":[],\"createTime\":1587716353000,\"updateBy\":\"admin\",\"isFrame\":\"1\",\"menuId\":1066,\"menuType\":\"C\",\"perms\":\"system:purchase:list\",\"status\":\"0\"}', '{\"msg\":\"操作成功\",\"code\":200}', 0, NULL, '2020-05-06 12:59:18');
INSERT INTO `sys_oper_log` VALUES (76, '代码生成', 2, 'com.ruoyi.project.tool.gen.controller.GenController.editSave()', 'PUT', 1, 'admin', NULL, '/tool/gen', '127.0.0.1', '内网IP', '{\"functionAuthor\":\"nuoyi\",\"columns\":[{\"usableColumn\":false,\"columnId\":133,\"isIncrement\":\"1\",\"increment\":true,\"insert\":true,\"dictType\":\"\",\"required\":false,\"superColumn\":false,\"updateBy\":\"\",\"isInsert\":\"1\",\"javaField\":\"id\",\"htmlType\":\"input\",\"edit\":false,\"query\":false,\"columnComment\":\"进货ID\",\"sort\":1,\"list\":false,\"params\":{},\"javaType\":\"Long\",\"queryType\":\"EQ\",\"columnType\":\"int(11)\",\"createBy\":\"admin\",\"isPk\":\"1\",\"createTime\":1588740480000,\"tableId\":10,\"pk\":true,\"columnName\":\"id\"},{\"usableColumn\":false,\"columnId\":134,\"isIncrement\":\"0\",\"increment\":false,\"insert\":true,\"isList\":\"1\",\"dictType\":\"\",\"required\":false,\"superColumn\":false,\"updateBy\":\"\",\"isInsert\":\"1\",\"javaField\":\"paytype\",\"htmlType\":\"select\",\"edit\":true,\"query\":true,\"columnComment\":\"支付类型\",\"isQuery\":\"1\",\"sort\":2,\"list\":true,\"params\":{},\"javaType\":\"String\",\"queryType\":\"EQ\",\"columnType\":\"varchar(255)\",\"createBy\":\"admin\",\"isPk\":\"0\",\"createTime\":1588740480000,\"isEdit\":\"1\",\"tableId\":10,\"pk\":false,\"columnName\":\"paytype\"},{\"usableColumn\":false,\"columnId\":135,\"isIncrement\":\"0\",\"increment\":false,\"insert\":true,\"isList\":\"1\",\"dictType\":\"\",\"required\":false,\"superColumn\":false,\"updateBy\":\"\",\"isInsert\":\"1\",\"javaField\":\"inporttime\",\"htmlType\":\"datetime\",\"edit\":true,\"query\":true,\"columnComment\":\"进货时间\",\"isQuery\":\"1\",\"sort\":3,\"list\":true,\"params\":{},\"javaType\":\"Date\",\"queryType\":\"EQ\",\"columnType\":\"datetime\",\"createBy\":\"admin\",\"isPk\":\"0\",\"createTime\":1588740480000,\"isEdit\":\"1\",\"tableId\":10,\"pk\":false,\"columnName\":\"inporttime\"},{\"usableColumn\":false,\"columnId\":136,\"isIncrement\":\"0\",\"increment\":false,\"insert\":true,\"isList\":\"1\",\"dictType\":\"\",\"required\":false,\"superColumn\":false,\"updateBy\":\"\",\"isInsert\":\"1\",\"javaField\":\"operateperson\",\"htmlType\":\"input\",\"edit\":true,\"query\":true,\"columnComment\":\"操作员\",\"isQuery\":\"1\",\"sort\":4,\"list\":true,\"params\":{},\"javaType\":\"String\",\"queryType\":\"EQ\",\"columnType\":\"varchar(255)\",\"createBy\":\"admin\",\"isPk\":\"0\",\"createTime\":1588740480000,\"isEdit\":\"1\",\"tableId\":10,\"pk\":false,\"columnName\":\"operateperson\"},{\"usable', '{\"msg\":\"操作成功\",\"code\":200}', 0, NULL, '2020-05-06 13:05:24');
INSERT INTO `sys_oper_log` VALUES (77, '代码生成', 3, 'com.ruoyi.project.tool.gen.controller.GenController.remove()', 'DELETE', 1, 'admin', NULL, '/tool/gen/10', '127.0.0.1', '内网IP', '{tableIds=10}', '{\"msg\":\"操作成功\",\"code\":200}', 0, NULL, '2020-05-06 13:05:40');
INSERT INTO `sys_oper_log` VALUES (78, '代码生成', 6, 'com.ruoyi.project.tool.gen.controller.GenController.importTableSave()', 'POST', 1, 'admin', NULL, '/tool/gen/importTable', '127.0.0.1', '内网IP', 'bus_inport', '{\"msg\":\"操作成功\",\"code\":200}', 0, NULL, '2020-05-06 13:05:47');
INSERT INTO `sys_oper_log` VALUES (79, '代码生成', 3, 'com.ruoyi.project.tool.gen.controller.GenController.remove()', 'DELETE', 1, 'admin', NULL, '/tool/gen/12', '127.0.0.1', '内网IP', '{tableIds=12}', '{\"msg\":\"操作成功\",\"code\":200}', 0, NULL, '2020-05-06 13:07:37');
INSERT INTO `sys_oper_log` VALUES (80, '代码生成', 6, 'com.ruoyi.project.tool.gen.controller.GenController.importTableSave()', 'POST', 1, 'admin', NULL, '/tool/gen/importTable', '127.0.0.1', '内网IP', 'bus_inport', '{\"msg\":\"操作成功\",\"code\":200}', 0, NULL, '2020-05-06 13:07:42');
INSERT INTO `sys_oper_log` VALUES (81, '代码生成', 2, 'com.ruoyi.project.tool.gen.controller.GenController.editSave()', 'PUT', 1, 'admin', NULL, '/tool/gen', '127.0.0.1', '内网IP', '{\"functionAuthor\":\"nuoyi\",\"columns\":[{\"usableColumn\":false,\"columnId\":161,\"isIncrement\":\"1\",\"increment\":true,\"insert\":true,\"dictType\":\"\",\"required\":false,\"superColumn\":false,\"updateBy\":\"\",\"isInsert\":\"1\",\"javaField\":\"id\",\"htmlType\":\"input\",\"edit\":false,\"query\":false,\"columnComment\":\"id\",\"sort\":1,\"list\":false,\"params\":{},\"javaType\":\"Long\",\"queryType\":\"EQ\",\"columnType\":\"int(11)\",\"createBy\":\"admin\",\"isPk\":\"1\",\"createTime\":1588741662000,\"tableId\":13,\"pk\":true,\"columnName\":\"id\"},{\"usableColumn\":false,\"columnId\":162,\"isIncrement\":\"0\",\"increment\":false,\"insert\":true,\"isList\":\"1\",\"dictType\":\"\",\"required\":false,\"superColumn\":false,\"updateBy\":\"\",\"isInsert\":\"1\",\"javaField\":\"paytype\",\"htmlType\":\"select\",\"edit\":true,\"query\":false,\"columnComment\":\"支付类型\",\"sort\":2,\"list\":true,\"params\":{},\"javaType\":\"String\",\"queryType\":\"EQ\",\"columnType\":\"varchar(255)\",\"createBy\":\"admin\",\"isPk\":\"0\",\"createTime\":1588741662000,\"isEdit\":\"1\",\"tableId\":13,\"pk\":false,\"columnName\":\"paytype\"},{\"usableColumn\":false,\"columnId\":163,\"isIncrement\":\"0\",\"increment\":false,\"insert\":true,\"isList\":\"1\",\"dictType\":\"\",\"required\":false,\"superColumn\":false,\"updateBy\":\"\",\"isInsert\":\"1\",\"javaField\":\"inporttime\",\"htmlType\":\"datetime\",\"edit\":true,\"query\":false,\"columnComment\":\"进货时间\",\"sort\":3,\"list\":true,\"params\":{},\"javaType\":\"Date\",\"queryType\":\"EQ\",\"columnType\":\"datetime\",\"createBy\":\"admin\",\"isPk\":\"0\",\"createTime\":1588741662000,\"isEdit\":\"1\",\"tableId\":13,\"pk\":false,\"columnName\":\"inporttime\"},{\"usableColumn\":false,\"columnId\":164,\"isIncrement\":\"0\",\"increment\":false,\"insert\":true,\"isList\":\"1\",\"dictType\":\"\",\"required\":false,\"superColumn\":false,\"updateBy\":\"\",\"isInsert\":\"1\",\"javaField\":\"operateperson\",\"htmlType\":\"input\",\"edit\":true,\"query\":false,\"columnComment\":\"操作员\",\"sort\":4,\"list\":true,\"params\":{},\"javaType\":\"String\",\"queryType\":\"EQ\",\"columnType\":\"varchar(255)\",\"createBy\":\"admin\",\"isPk\":\"0\",\"createTime\":1588741662000,\"isEdit\":\"1\",\"tableId\":13,\"pk\":false,\"columnName\":\"operateperson\"},{\"usableColumn\":false,\"columnId\":165,\"isIncrement', '{\"msg\":\"操作成功\",\"code\":200}', 0, NULL, '2020-05-06 13:09:06');
INSERT INTO `sys_oper_log` VALUES (82, '代码生成', 2, 'com.ruoyi.project.tool.gen.controller.GenController.editSave()', 'PUT', 1, 'admin', NULL, '/tool/gen', '127.0.0.1', '内网IP', '{\"functionAuthor\":\"nuoyi\",\"columns\":[{\"usableColumn\":false,\"columnId\":161,\"isIncrement\":\"1\",\"increment\":true,\"insert\":true,\"dictType\":\"\",\"required\":false,\"superColumn\":false,\"updateBy\":\"\",\"isInsert\":\"1\",\"javaField\":\"id\",\"htmlType\":\"input\",\"edit\":false,\"query\":false,\"columnComment\":\"id\",\"updateTime\":1588741746000,\"sort\":1,\"list\":false,\"params\":{},\"javaType\":\"Long\",\"queryType\":\"EQ\",\"columnType\":\"int(11)\",\"createBy\":\"admin\",\"isPk\":\"1\",\"createTime\":1588741662000,\"tableId\":13,\"pk\":true,\"columnName\":\"id\"},{\"usableColumn\":false,\"columnId\":162,\"isIncrement\":\"0\",\"increment\":false,\"insert\":true,\"isList\":\"1\",\"dictType\":\"\",\"required\":false,\"superColumn\":false,\"updateBy\":\"\",\"isInsert\":\"1\",\"javaField\":\"paytype\",\"htmlType\":\"select\",\"edit\":true,\"query\":false,\"columnComment\":\"支付类型\",\"updateTime\":1588741746000,\"sort\":2,\"list\":true,\"params\":{},\"javaType\":\"String\",\"queryType\":\"EQ\",\"columnType\":\"varchar(255)\",\"createBy\":\"admin\",\"isPk\":\"0\",\"createTime\":1588741662000,\"isEdit\":\"1\",\"tableId\":13,\"pk\":false,\"columnName\":\"paytype\"},{\"usableColumn\":false,\"columnId\":163,\"isIncrement\":\"0\",\"increment\":false,\"insert\":true,\"isList\":\"1\",\"dictType\":\"\",\"required\":false,\"superColumn\":false,\"updateBy\":\"\",\"isInsert\":\"1\",\"javaField\":\"inporttime\",\"htmlType\":\"datetime\",\"edit\":true,\"query\":false,\"columnComment\":\"进货时间\",\"updateTime\":1588741746000,\"sort\":3,\"list\":true,\"params\":{},\"javaType\":\"Date\",\"queryType\":\"EQ\",\"columnType\":\"datetime\",\"createBy\":\"admin\",\"isPk\":\"0\",\"createTime\":1588741662000,\"isEdit\":\"1\",\"tableId\":13,\"pk\":false,\"columnName\":\"inporttime\"},{\"usableColumn\":false,\"columnId\":164,\"isIncrement\":\"0\",\"increment\":false,\"insert\":true,\"isList\":\"1\",\"dictType\":\"\",\"required\":false,\"superColumn\":false,\"updateBy\":\"\",\"isInsert\":\"1\",\"javaField\":\"operateperson\",\"htmlType\":\"input\",\"edit\":true,\"query\":false,\"columnComment\":\"操作员\",\"updateTime\":1588741746000,\"sort\":4,\"list\":true,\"params\":{},\"javaType\":\"String\",\"queryType\":\"EQ\",\"columnType\":\"varchar(255)\",\"createBy\":\"admin\",\"isPk\":\"0\",\"createTime\":1588741662000,\"isEdit\"', '{\"msg\":\"操作成功\",\"code\":200}', 0, NULL, '2020-05-06 13:11:51');
INSERT INTO `sys_oper_log` VALUES (83, '代码生成', 8, 'com.ruoyi.project.tool.gen.controller.GenController.batchGenCode()', 'GET', 1, 'admin', NULL, '/tool/gen/batchGenCode', '127.0.0.1', '内网IP', '{}', 'null', 0, NULL, '2020-05-06 13:11:56');
INSERT INTO `sys_oper_log` VALUES (84, '菜单管理', 2, 'com.ruoyi.project.system.controller.SysMenuController.edit()', 'PUT', 1, 'admin', NULL, '/system/menu', '127.0.0.1', '内网IP', '{\"visible\":\"0\",\"icon\":\"shopping\",\"orderNum\":\"4\",\"menuName\":\"采购管理\",\"params\":{},\"parentId\":1,\"path\":\"inport\",\"component\":\"system/inport/index\",\"children\":[],\"createTime\":1587716353000,\"updateBy\":\"admin\",\"isFrame\":\"1\",\"menuId\":1066,\"menuType\":\"C\",\"perms\":\"system:inport:list\",\"status\":\"0\"}', '{\"msg\":\"操作成功\",\"code\":200}', 0, NULL, '2020-05-06 13:16:19');
INSERT INTO `sys_oper_log` VALUES (85, '字典类型', 1, 'com.ruoyi.project.system.controller.SysDictTypeController.add()', 'POST', 1, 'admin', NULL, '/system/dict/type', '127.0.0.1', '内网IP', '{\"remark\":\"支付类型\",\"params\":{},\"dictType\":\"sys_zf_type\",\"createBy\":\"admin\",\"dictName\":\"支付类别\",\"status\":\"0\"}', '{\"msg\":\"操作成功\",\"code\":200}', 0, NULL, '2020-05-06 20:19:59');
INSERT INTO `sys_oper_log` VALUES (86, '字典数据', 1, 'com.ruoyi.project.system.controller.SysDictDataController.add()', 'POST', 1, 'admin', NULL, '/system/dict/data', '127.0.0.1', '内网IP', '{\"dictValue\":\"0\",\"dictSort\":0,\"params\":{},\"dictType\":\"sys_zf_type\",\"dictLabel\":\"微信支付\",\"createBy\":\"admin\",\"default\":false,\"status\":\"0\"}', '{\"msg\":\"操作成功\",\"code\":200}', 0, NULL, '2020-05-06 20:20:46');
INSERT INTO `sys_oper_log` VALUES (87, '字典数据', 1, 'com.ruoyi.project.system.controller.SysDictDataController.add()', 'POST', 1, 'admin', NULL, '/system/dict/data', '127.0.0.1', '内网IP', '{\"dictValue\":\"1\",\"dictSort\":1,\"params\":{},\"dictType\":\"sys_zf_type\",\"dictLabel\":\"支付宝支付\",\"createBy\":\"admin\",\"default\":false,\"status\":\"0\"}', '{\"msg\":\"操作成功\",\"code\":200}', 0, NULL, '2020-05-06 20:20:56');
INSERT INTO `sys_oper_log` VALUES (88, '代码生成', 2, 'com.ruoyi.project.tool.gen.controller.GenController.editSave()', 'PUT', 1, 'admin', NULL, '/tool/gen', '127.0.0.1', '内网IP', '{\"functionAuthor\":\"nuoyi\",\"columns\":[{\"usableColumn\":false,\"columnId\":161,\"isIncrement\":\"1\",\"increment\":true,\"insert\":true,\"dictType\":\"\",\"required\":false,\"superColumn\":false,\"updateBy\":\"\",\"isInsert\":\"1\",\"javaField\":\"id\",\"htmlType\":\"input\",\"edit\":false,\"query\":false,\"columnComment\":\"id\",\"updateTime\":1588741911000,\"sort\":1,\"list\":false,\"params\":{},\"javaType\":\"Long\",\"queryType\":\"EQ\",\"columnType\":\"int(11)\",\"createBy\":\"admin\",\"isPk\":\"1\",\"createTime\":1588741662000,\"tableId\":13,\"pk\":true,\"columnName\":\"id\"},{\"usableColumn\":false,\"columnId\":162,\"isIncrement\":\"0\",\"increment\":false,\"insert\":true,\"isList\":\"1\",\"dictType\":\"sys_zf_type\",\"required\":false,\"superColumn\":false,\"updateBy\":\"\",\"isInsert\":\"1\",\"javaField\":\"paytype\",\"htmlType\":\"select\",\"edit\":true,\"query\":false,\"columnComment\":\"支付类型\",\"updateTime\":1588741911000,\"sort\":2,\"list\":true,\"params\":{},\"javaType\":\"String\",\"queryType\":\"EQ\",\"columnType\":\"varchar(255)\",\"createBy\":\"admin\",\"isPk\":\"0\",\"createTime\":1588741662000,\"isEdit\":\"1\",\"tableId\":13,\"pk\":false,\"columnName\":\"paytype\"},{\"usableColumn\":false,\"columnId\":163,\"isIncrement\":\"0\",\"increment\":false,\"insert\":true,\"isList\":\"1\",\"dictType\":\"\",\"required\":false,\"superColumn\":false,\"updateBy\":\"\",\"isInsert\":\"1\",\"javaField\":\"inporttime\",\"htmlType\":\"datetime\",\"edit\":true,\"query\":false,\"columnComment\":\"进货时间\",\"updateTime\":1588741911000,\"sort\":3,\"list\":true,\"params\":{},\"javaType\":\"Date\",\"queryType\":\"EQ\",\"columnType\":\"datetime\",\"createBy\":\"admin\",\"isPk\":\"0\",\"createTime\":1588741662000,\"isEdit\":\"1\",\"tableId\":13,\"pk\":false,\"columnName\":\"inporttime\"},{\"usableColumn\":false,\"columnId\":164,\"isIncrement\":\"0\",\"increment\":false,\"insert\":true,\"isList\":\"1\",\"dictType\":\"\",\"required\":false,\"superColumn\":false,\"updateBy\":\"\",\"isInsert\":\"1\",\"javaField\":\"operateperson\",\"htmlType\":\"input\",\"edit\":true,\"query\":false,\"columnComment\":\"操作员\",\"updateTime\":1588741911000,\"sort\":4,\"list\":true,\"params\":{},\"javaType\":\"String\",\"queryType\":\"EQ\",\"columnType\":\"varchar(255)\",\"createBy\":\"admin\",\"isPk\":\"0\",\"createTime\":15887416620', '{\"msg\":\"操作成功\",\"code\":200}', 0, NULL, '2020-05-06 20:22:09');
INSERT INTO `sys_oper_log` VALUES (89, '代码生成', 2, 'com.ruoyi.project.tool.gen.controller.GenController.editSave()', 'PUT', 1, 'admin', NULL, '/tool/gen', '127.0.0.1', '内网IP', '{\"functionAuthor\":\"nuoyi\",\"columns\":[{\"usableColumn\":false,\"columnId\":161,\"isIncrement\":\"1\",\"increment\":true,\"insert\":true,\"dictType\":\"\",\"required\":false,\"superColumn\":false,\"updateBy\":\"\",\"isInsert\":\"1\",\"javaField\":\"id\",\"htmlType\":\"input\",\"edit\":false,\"query\":false,\"columnComment\":\"id\",\"updateTime\":1588767728000,\"sort\":1,\"list\":false,\"params\":{},\"javaType\":\"Long\",\"queryType\":\"EQ\",\"columnType\":\"int(11)\",\"createBy\":\"admin\",\"isPk\":\"1\",\"createTime\":1588741662000,\"tableId\":13,\"pk\":true,\"columnName\":\"id\"},{\"usableColumn\":false,\"columnId\":162,\"isIncrement\":\"0\",\"increment\":false,\"insert\":true,\"isList\":\"1\",\"dictType\":\"sys_zf_type\",\"required\":false,\"superColumn\":false,\"updateBy\":\"\",\"isInsert\":\"1\",\"javaField\":\"paytype\",\"htmlType\":\"select\",\"edit\":true,\"query\":false,\"columnComment\":\"支付类型\",\"updateTime\":1588767728000,\"sort\":2,\"list\":true,\"params\":{},\"javaType\":\"String\",\"queryType\":\"EQ\",\"columnType\":\"varchar(255)\",\"createBy\":\"admin\",\"isPk\":\"0\",\"createTime\":1588741662000,\"isEdit\":\"1\",\"tableId\":13,\"pk\":false,\"columnName\":\"paytype\"},{\"usableColumn\":false,\"columnId\":163,\"isIncrement\":\"0\",\"increment\":false,\"insert\":true,\"isList\":\"1\",\"dictType\":\"\",\"required\":false,\"superColumn\":false,\"updateBy\":\"\",\"isInsert\":\"1\",\"javaField\":\"inporttime\",\"htmlType\":\"datetime\",\"edit\":true,\"query\":false,\"columnComment\":\"进货时间\",\"updateTime\":1588767728000,\"sort\":3,\"list\":true,\"params\":{},\"javaType\":\"Date\",\"queryType\":\"EQ\",\"columnType\":\"datetime\",\"createBy\":\"admin\",\"isPk\":\"0\",\"createTime\":1588741662000,\"isEdit\":\"1\",\"tableId\":13,\"pk\":false,\"columnName\":\"inporttime\"},{\"usableColumn\":false,\"columnId\":164,\"isIncrement\":\"0\",\"increment\":false,\"insert\":true,\"isList\":\"1\",\"dictType\":\"\",\"required\":false,\"superColumn\":false,\"updateBy\":\"\",\"isInsert\":\"1\",\"javaField\":\"operateperson\",\"htmlType\":\"input\",\"edit\":true,\"query\":false,\"columnComment\":\"操作员\",\"updateTime\":1588767728000,\"sort\":4,\"list\":true,\"params\":{},\"javaType\":\"String\",\"queryType\":\"EQ\",\"columnType\":\"varchar(255)\",\"createBy\":\"admin\",\"isPk\":\"0\",\"createTime\":15887416620', '{\"msg\":\"操作成功\",\"code\":200}', 0, NULL, '2020-05-06 20:43:35');
INSERT INTO `sys_oper_log` VALUES (90, '代码生成', 2, 'com.ruoyi.project.tool.gen.controller.GenController.editSave()', 'PUT', 1, 'admin', NULL, '/tool/gen', '127.0.0.1', '内网IP', '{\"functionAuthor\":\"nuoyi\",\"columns\":[{\"usableColumn\":false,\"columnId\":161,\"isIncrement\":\"1\",\"increment\":true,\"insert\":true,\"dictType\":\"\",\"required\":false,\"superColumn\":false,\"updateBy\":\"\",\"isInsert\":\"1\",\"javaField\":\"id\",\"htmlType\":\"input\",\"edit\":false,\"query\":false,\"columnComment\":\"id\",\"updateTime\":1588769015000,\"sort\":1,\"list\":false,\"params\":{},\"javaType\":\"Long\",\"queryType\":\"EQ\",\"columnType\":\"int(11)\",\"createBy\":\"admin\",\"isPk\":\"1\",\"createTime\":1588741662000,\"tableId\":13,\"pk\":true,\"columnName\":\"id\"},{\"usableColumn\":false,\"columnId\":162,\"isIncrement\":\"0\",\"increment\":false,\"insert\":true,\"isList\":\"1\",\"dictType\":\"sys_zf_type\",\"required\":false,\"superColumn\":false,\"updateBy\":\"\",\"isInsert\":\"1\",\"javaField\":\"paytype\",\"htmlType\":\"select\",\"edit\":true,\"query\":false,\"columnComment\":\"支付类型\",\"updateTime\":1588769015000,\"sort\":2,\"list\":true,\"params\":{},\"javaType\":\"String\",\"queryType\":\"EQ\",\"columnType\":\"varchar(255)\",\"createBy\":\"admin\",\"isPk\":\"0\",\"createTime\":1588741662000,\"isEdit\":\"1\",\"tableId\":13,\"pk\":false,\"columnName\":\"paytype\"},{\"usableColumn\":false,\"columnId\":163,\"isIncrement\":\"0\",\"increment\":false,\"insert\":true,\"isList\":\"1\",\"dictType\":\"\",\"required\":false,\"superColumn\":false,\"updateBy\":\"\",\"isInsert\":\"1\",\"javaField\":\"inporttime\",\"htmlType\":\"datetime\",\"edit\":true,\"query\":false,\"columnComment\":\"进货时间\",\"updateTime\":1588769015000,\"sort\":3,\"list\":true,\"params\":{},\"javaType\":\"Date\",\"queryType\":\"EQ\",\"columnType\":\"datetime\",\"createBy\":\"admin\",\"isPk\":\"0\",\"createTime\":1588741662000,\"isEdit\":\"1\",\"tableId\":13,\"pk\":false,\"columnName\":\"inporttime\"},{\"usableColumn\":false,\"columnId\":164,\"isIncrement\":\"0\",\"increment\":false,\"insert\":true,\"isList\":\"1\",\"dictType\":\"\",\"required\":false,\"superColumn\":false,\"updateBy\":\"\",\"isInsert\":\"1\",\"javaField\":\"operateperson\",\"htmlType\":\"input\",\"edit\":true,\"query\":false,\"columnComment\":\"操作员\",\"updateTime\":1588769015000,\"sort\":4,\"list\":true,\"params\":{},\"javaType\":\"String\",\"queryType\":\"EQ\",\"columnType\":\"varchar(255)\",\"createBy\":\"admin\",\"isPk\":\"0\",\"createTime\":15887416620', '{\"msg\":\"操作成功\",\"code\":200}', 0, NULL, '2020-05-06 20:44:54');
INSERT INTO `sys_oper_log` VALUES (91, '代码生成', 3, 'com.ruoyi.project.tool.gen.controller.GenController.remove()', 'DELETE', 1, 'admin', NULL, '/tool/gen/13', '127.0.0.1', '内网IP', '{tableIds=13}', '{\"msg\":\"操作成功\",\"code\":200}', 0, NULL, '2020-05-07 10:08:10');
INSERT INTO `sys_oper_log` VALUES (92, '代码生成', 6, 'com.ruoyi.project.tool.gen.controller.GenController.importTableSave()', 'POST', 1, 'admin', NULL, '/tool/gen/importTable', '127.0.0.1', '内网IP', 'bus_inport', '{\"msg\":\"操作成功\",\"code\":200}', 0, NULL, '2020-05-07 10:08:16');
INSERT INTO `sys_oper_log` VALUES (93, '代码生成', 2, 'com.ruoyi.project.tool.gen.controller.GenController.editSave()', 'PUT', 1, 'admin', NULL, '/tool/gen', '127.0.0.1', '内网IP', '{\"functionAuthor\":\"nuoyi\",\"columns\":[{\"usableColumn\":false,\"columnId\":171,\"isIncrement\":\"1\",\"increment\":true,\"insert\":true,\"dictType\":\"\",\"required\":false,\"superColumn\":false,\"updateBy\":\"\",\"isInsert\":\"1\",\"javaField\":\"id\",\"htmlType\":\"input\",\"edit\":false,\"query\":false,\"columnComment\":\"id\",\"sort\":1,\"list\":false,\"params\":{},\"javaType\":\"Long\",\"queryType\":\"EQ\",\"columnType\":\"int(11)\",\"createBy\":\"admin\",\"isPk\":\"1\",\"createTime\":1588817296000,\"tableId\":14,\"pk\":true,\"columnName\":\"id\"},{\"usableColumn\":false,\"columnId\":172,\"isIncrement\":\"0\",\"increment\":false,\"insert\":true,\"isList\":\"1\",\"dictType\":\"sys_zf_type\",\"required\":false,\"superColumn\":false,\"updateBy\":\"\",\"isInsert\":\"1\",\"javaField\":\"paytype\",\"htmlType\":\"select\",\"edit\":true,\"query\":true,\"columnComment\":\"支付类型\",\"isQuery\":\"1\",\"sort\":2,\"list\":true,\"params\":{},\"javaType\":\"String\",\"queryType\":\"EQ\",\"columnType\":\"varchar(255)\",\"createBy\":\"admin\",\"isPk\":\"0\",\"createTime\":1588817296000,\"isEdit\":\"1\",\"tableId\":14,\"pk\":false,\"columnName\":\"paytype\"},{\"usableColumn\":false,\"columnId\":173,\"isIncrement\":\"0\",\"increment\":false,\"insert\":true,\"isList\":\"1\",\"dictType\":\"\",\"required\":false,\"superColumn\":false,\"updateBy\":\"\",\"isInsert\":\"1\",\"javaField\":\"inporttime\",\"htmlType\":\"datetime\",\"edit\":true,\"query\":true,\"columnComment\":\"进货时间\",\"isQuery\":\"1\",\"sort\":3,\"list\":true,\"params\":{},\"javaType\":\"Date\",\"queryType\":\"EQ\",\"columnType\":\"datetime\",\"createBy\":\"admin\",\"isPk\":\"0\",\"createTime\":1588817296000,\"isEdit\":\"1\",\"tableId\":14,\"pk\":false,\"columnName\":\"inporttime\"},{\"usableColumn\":false,\"columnId\":174,\"isIncrement\":\"0\",\"increment\":false,\"insert\":true,\"isList\":\"1\",\"dictType\":\"\",\"required\":false,\"superColumn\":false,\"updateBy\":\"\",\"isInsert\":\"1\",\"javaField\":\"operateperson\",\"htmlType\":\"input\",\"edit\":true,\"query\":false,\"columnComment\":\"操作员\",\"sort\":4,\"list\":true,\"params\":{},\"javaType\":\"String\",\"queryType\":\"EQ\",\"columnType\":\"varchar(255)\",\"createBy\":\"admin\",\"isPk\":\"0\",\"createTime\":1588817296000,\"isEdit\":\"1\",\"tableId\":14,\"pk\":false,\"columnName\":\"operateperson\"},{\"usableColu', '{\"msg\":\"操作成功\",\"code\":200}', 0, NULL, '2020-05-07 10:14:02');
INSERT INTO `sys_oper_log` VALUES (94, '代码生成', 8, 'com.ruoyi.project.tool.gen.controller.GenController.batchGenCode()', 'GET', 1, 'admin', NULL, '/tool/gen/batchGenCode', '127.0.0.1', '内网IP', '{}', 'null', 0, NULL, '2020-05-07 10:14:10');
INSERT INTO `sys_oper_log` VALUES (95, '采购管理', 2, 'com.ruoyi.project.system.controller.BusInportController.edit()', 'PUT', 1, 'admin', NULL, '/system/inport', '127.0.0.1', '内网IP', '{\"inportprice\":3.5,\"goodsid\":1,\"remark\":\"备注\",\"inporttime\":1525622400000,\"params\":{},\"number\":100,\"providerid\":1,\"id\":1,\"paytype\":\"微信\",\"operateperson\":\"张三\"}', '{\"msg\":\"操作成功\",\"code\":200}', 0, NULL, '2020-05-07 10:38:50');
INSERT INTO `sys_oper_log` VALUES (96, '采购管理', 2, 'com.ruoyi.project.system.controller.BusInportController.edit()', 'PUT', 1, 'admin', NULL, '/system/inport', '127.0.0.1', '内网IP', '{\"inportprice\":21.0,\"goodsid\":3,\"remark\":\"21\",\"inporttime\":1537113600000,\"params\":{},\"number\":21,\"providerid\":1,\"id\":11,\"paytype\":\"支付宝\",\"operateperson\":\"超级管理员\"}', '{\"msg\":\"操作成功\",\"code\":200}', 0, NULL, '2020-05-07 10:39:23');
INSERT INTO `sys_oper_log` VALUES (97, '采购管理', 2, 'com.ruoyi.project.system.controller.BusInportController.edit()', 'PUT', 1, 'admin', NULL, '/system/inport', '127.0.0.1', '内网IP', '{\"inportprice\":3.5,\"goodsid\":1,\"remark\":\"备注\",\"inporttime\":1525622400000,\"params\":{},\"number\":100,\"providerid\":1,\"id\":1,\"paytype\":\"1\",\"operateperson\":\"张三\"}', '{\"msg\":\"操作成功\",\"code\":200}', 0, NULL, '2020-05-07 10:39:56');
INSERT INTO `sys_oper_log` VALUES (98, '菜单管理', 2, 'com.ruoyi.project.system.controller.SysMenuController.edit()', 'PUT', 1, 'admin', NULL, '/system/menu', '127.0.0.1', '内网IP', '{\"visible\":\"1\",\"icon\":\"code\",\"orderNum\":\"2\",\"menuName\":\"代码生成\",\"params\":{},\"parentId\":3,\"path\":\"gen\",\"component\":\"tool/gen/index\",\"children\":[],\"createTime\":1521171180000,\"updateBy\":\"admin\",\"isFrame\":\"1\",\"menuId\":114,\"menuType\":\"C\",\"perms\":\"tool:gen:list\",\"status\":\"0\"}', '{\"msg\":\"操作成功\",\"code\":200}', 0, NULL, '2020-05-07 11:30:22');
INSERT INTO `sys_oper_log` VALUES (99, '菜单管理', 2, 'com.ruoyi.project.system.controller.SysMenuController.edit()', 'PUT', 1, 'admin', NULL, '/system/menu', '127.0.0.1', '内网IP', '{\"visible\":\"0\",\"icon\":\"code\",\"orderNum\":\"2\",\"menuName\":\"代码生成\",\"params\":{},\"parentId\":3,\"path\":\"gen\",\"component\":\"tool/gen/index\",\"children\":[],\"createTime\":1521171180000,\"updateBy\":\"admin\",\"isFrame\":\"1\",\"menuId\":114,\"menuType\":\"C\",\"perms\":\"tool:gen:list\",\"status\":\"0\"}', '{\"msg\":\"操作成功\",\"code\":200}', 0, NULL, '2020-05-07 11:30:39');
INSERT INTO `sys_oper_log` VALUES (100, '菜单管理', 2, 'com.ruoyi.project.system.controller.SysMenuController.edit()', 'PUT', 1, 'admin', NULL, '/system/menu', '127.0.0.1', '内网IP', '{\"visible\":\"1\",\"icon\":\"edit\",\"orderNum\":\"7\",\"menuName\":\"参数设置\",\"params\":{},\"parentId\":1,\"path\":\"config\",\"component\":\"system/config/index\",\"children\":[],\"createTime\":1521171180000,\"updateBy\":\"admin\",\"isFrame\":\"1\",\"menuId\":106,\"menuType\":\"C\",\"perms\":\"system:config:list\",\"status\":\"0\"}', '{\"msg\":\"操作成功\",\"code\":200}', 0, NULL, '2020-05-07 11:53:05');
INSERT INTO `sys_oper_log` VALUES (101, '代码生成', 3, 'com.ruoyi.project.tool.gen.controller.GenController.remove()', 'DELETE', 1, 'admin', NULL, '/tool/gen/11', '127.0.0.1', '内网IP', '{tableIds=11}', '{\"msg\":\"操作成功\",\"code\":200}', 0, NULL, '2020-05-07 11:55:53');
INSERT INTO `sys_oper_log` VALUES (102, '代码生成', 6, 'com.ruoyi.project.tool.gen.controller.GenController.importTableSave()', 'POST', 1, 'admin', NULL, '/tool/gen/importTable', '127.0.0.1', '内网IP', 'bus_outport', '{\"msg\":\"操作成功\",\"code\":200}', 0, NULL, '2020-05-07 11:55:57');
INSERT INTO `sys_oper_log` VALUES (103, '代码生成', 2, 'com.ruoyi.project.tool.gen.controller.GenController.editSave()', 'PUT', 1, 'admin', NULL, '/tool/gen', '127.0.0.1', '内网IP', '{\"functionAuthor\":\"nuoyi\",\"columns\":[{\"usableColumn\":false,\"columnId\":180,\"isIncrement\":\"1\",\"increment\":true,\"insert\":true,\"dictType\":\"\",\"required\":false,\"superColumn\":false,\"updateBy\":\"\",\"isInsert\":\"1\",\"javaField\":\"id\",\"htmlType\":\"input\",\"edit\":false,\"query\":false,\"columnComment\":\"id\",\"sort\":1,\"list\":false,\"params\":{},\"javaType\":\"Long\",\"queryType\":\"EQ\",\"columnType\":\"int(11)\",\"createBy\":\"admin\",\"isPk\":\"1\",\"createTime\":1588823757000,\"tableId\":15,\"pk\":true,\"columnName\":\"id\"},{\"usableColumn\":false,\"columnId\":181,\"isIncrement\":\"0\",\"increment\":false,\"insert\":true,\"isList\":\"1\",\"dictType\":\"\",\"required\":false,\"superColumn\":false,\"updateBy\":\"\",\"isInsert\":\"1\",\"javaField\":\"providerid\",\"htmlType\":\"select\",\"edit\":false,\"query\":true,\"columnComment\":\"供应商\",\"isQuery\":\"1\",\"sort\":2,\"list\":true,\"params\":{},\"javaType\":\"Long\",\"queryType\":\"LIKE\",\"columnType\":\"int(11)\",\"createBy\":\"admin\",\"isPk\":\"0\",\"createTime\":1588823757000,\"tableId\":15,\"pk\":false,\"columnName\":\"providerid\"},{\"usableColumn\":false,\"columnId\":182,\"isIncrement\":\"0\",\"increment\":false,\"insert\":true,\"isList\":\"1\",\"dictType\":\"sys_zf_type\",\"required\":false,\"superColumn\":false,\"updateBy\":\"\",\"isInsert\":\"1\",\"javaField\":\"paytype\",\"htmlType\":\"select\",\"edit\":true,\"query\":false,\"columnComment\":\"支付类型\",\"sort\":3,\"list\":true,\"params\":{},\"javaType\":\"String\",\"queryType\":\"EQ\",\"columnType\":\"varchar(255)\",\"createBy\":\"admin\",\"isPk\":\"0\",\"createTime\":1588823757000,\"isEdit\":\"1\",\"tableId\":15,\"pk\":false,\"columnName\":\"paytype\"},{\"usableColumn\":false,\"columnId\":183,\"isIncrement\":\"0\",\"increment\":false,\"insert\":true,\"isList\":\"1\",\"dictType\":\"\",\"required\":false,\"superColumn\":false,\"updateBy\":\"\",\"isInsert\":\"1\",\"javaField\":\"outputtime\",\"htmlType\":\"datetime\",\"edit\":true,\"query\":true,\"columnComment\":\"退货时间\",\"isQuery\":\"1\",\"sort\":4,\"list\":true,\"params\":{},\"javaType\":\"Date\",\"queryType\":\"EQ\",\"columnType\":\"datetime\",\"createBy\":\"admin\",\"isPk\":\"0\",\"createTime\":1588823757000,\"isEdit\":\"1\",\"tableId\":15,\"pk\":false,\"columnName\":\"outputtime\"},{\"usableColumn\":false,\"columnId\":1', '{\"msg\":\"操作成功\",\"code\":200}', 0, NULL, '2020-05-07 11:58:30');
INSERT INTO `sys_oper_log` VALUES (104, '代码生成', 8, 'com.ruoyi.project.tool.gen.controller.GenController.batchGenCode()', 'GET', 1, 'admin', NULL, '/tool/gen/batchGenCode', '127.0.0.1', '内网IP', '{}', 'null', 0, NULL, '2020-05-07 11:58:41');
INSERT INTO `sys_oper_log` VALUES (105, '菜单管理', 1, 'com.ruoyi.project.system.controller.SysMenuController.add()', 'POST', 1, 'admin', NULL, '/system/menu', '127.0.0.1', '内网IP', '{\"visible\":\"0\",\"icon\":\"shopping\",\"orderNum\":\"6\",\"menuName\":\"出库管理\",\"params\":{},\"parentId\":1,\"path\":\"outport\",\"component\":\"system/outport/index\",\"createBy\":\"admin\",\"children\":[],\"isFrame\":\"1\",\"menuType\":\"C\",\"perms\":\"system:outport:list\",\"status\":\"0\"}', '{\"msg\":\"操作成功\",\"code\":200}', 0, NULL, '2020-05-07 12:03:06');
INSERT INTO `sys_oper_log` VALUES (106, '菜单管理', 2, 'com.ruoyi.project.system.controller.SysMenuController.edit()', 'PUT', 1, 'admin', NULL, '/system/menu', '127.0.0.1', '内网IP', '{\"visible\":\"0\",\"icon\":\"shopping\",\"orderNum\":\"4\",\"menuName\":\"采购与入库管理\",\"params\":{},\"parentId\":1,\"path\":\"inport\",\"component\":\"system/inport/index\",\"children\":[],\"createTime\":1587716353000,\"updateBy\":\"admin\",\"isFrame\":\"1\",\"menuId\":1066,\"menuType\":\"C\",\"perms\":\"system:inport:list\",\"status\":\"0\"}', '{\"msg\":\"操作成功\",\"code\":200}', 0, NULL, '2020-05-07 12:16:49');
INSERT INTO `sys_oper_log` VALUES (107, '菜单管理', 2, 'com.ruoyi.project.system.controller.SysMenuController.edit()', 'PUT', 1, 'admin', NULL, '/system/menu', '127.0.0.1', '内网IP', '{\"visible\":\"0\",\"icon\":\"shopping\",\"orderNum\":\"4\",\"menuName\":\"采购与入库\",\"params\":{},\"parentId\":1,\"path\":\"inport\",\"component\":\"system/inport/index\",\"children\":[],\"createTime\":1587716353000,\"updateBy\":\"admin\",\"isFrame\":\"1\",\"menuId\":1066,\"menuType\":\"C\",\"perms\":\"system:inport:list\",\"status\":\"0\"}', '{\"msg\":\"操作成功\",\"code\":200}', 0, NULL, '2020-05-07 12:17:08');
INSERT INTO `sys_oper_log` VALUES (108, '代码生成', 6, 'com.ruoyi.project.tool.gen.controller.GenController.importTableSave()', 'POST', 1, 'admin', NULL, '/tool/gen/importTable', '127.0.0.1', '内网IP', 'bus_delivery', '{\"msg\":\"操作成功\",\"code\":200}', 0, NULL, '2020-05-07 12:26:48');
INSERT INTO `sys_oper_log` VALUES (109, '代码生成', 2, 'com.ruoyi.project.tool.gen.controller.GenController.editSave()', 'PUT', 1, 'admin', NULL, '/tool/gen', '127.0.0.1', '内网IP', '{\"functionAuthor\":\"nuoyi\",\"columns\":[{\"usableColumn\":false,\"columnId\":189,\"isIncrement\":\"0\",\"increment\":false,\"insert\":true,\"dictType\":\"\",\"required\":false,\"superColumn\":false,\"updateBy\":\"\",\"isInsert\":\"1\",\"javaField\":\"id\",\"htmlType\":\"input\",\"edit\":false,\"query\":false,\"columnComment\":\"id\",\"sort\":1,\"list\":false,\"params\":{},\"javaType\":\"Long\",\"queryType\":\"EQ\",\"columnType\":\"int(11)\",\"createBy\":\"admin\",\"isPk\":\"1\",\"createTime\":1588825608000,\"tableId\":16,\"pk\":true,\"columnName\":\"id\"},{\"usableColumn\":false,\"columnId\":190,\"isIncrement\":\"0\",\"increment\":false,\"insert\":true,\"isList\":\"1\",\"dictType\":\"\",\"required\":false,\"superColumn\":false,\"updateBy\":\"\",\"isInsert\":\"1\",\"javaField\":\"goodsid\",\"htmlType\":\"select\",\"edit\":true,\"query\":true,\"columnComment\":\"商品\",\"isQuery\":\"1\",\"sort\":2,\"list\":true,\"params\":{},\"javaType\":\"Long\",\"queryType\":\"EQ\",\"columnType\":\"int(11)\",\"createBy\":\"admin\",\"isPk\":\"0\",\"createTime\":1588825608000,\"isEdit\":\"1\",\"tableId\":16,\"pk\":false,\"columnName\":\"goodsid\"},{\"usableColumn\":false,\"columnId\":191,\"isIncrement\":\"0\",\"increment\":false,\"insert\":true,\"isList\":\"1\",\"dictType\":\"\",\"required\":false,\"superColumn\":false,\"updateBy\":\"\",\"isInsert\":\"1\",\"javaField\":\"deliveryTime\",\"htmlType\":\"datetime\",\"edit\":true,\"query\":true,\"columnComment\":\"配送时间\",\"isQuery\":\"1\",\"sort\":3,\"list\":true,\"params\":{},\"javaType\":\"Date\",\"queryType\":\"EQ\",\"columnType\":\"datetime\",\"createBy\":\"admin\",\"isPk\":\"0\",\"createTime\":1588825608000,\"isEdit\":\"1\",\"tableId\":16,\"pk\":false,\"columnName\":\"delivery_time\"},{\"usableColumn\":false,\"columnId\":192,\"isIncrement\":\"0\",\"increment\":false,\"insert\":true,\"isList\":\"1\",\"dictType\":\"\",\"required\":false,\"superColumn\":false,\"updateBy\":\"\",\"isInsert\":\"1\",\"javaField\":\"deliveryPerson\",\"htmlType\":\"input\",\"edit\":true,\"query\":true,\"columnComment\":\"配送人员\",\"isQuery\":\"1\",\"sort\":4,\"list\":true,\"params\":{},\"javaType\":\"String\",\"queryType\":\"EQ\",\"columnType\":\"varchar(30)\",\"createBy\":\"admin\",\"isPk\":\"0\",\"createTime\":1588825608000,\"isEdit\":\"1\",\"tableId\":16,\"pk\":false,\"columnName\":\"delivery_person\"},{\"usableCo', '{\"msg\":\"操作成功\",\"code\":200}', 0, NULL, '2020-05-07 12:27:32');
INSERT INTO `sys_oper_log` VALUES (110, '代码生成', 8, 'com.ruoyi.project.tool.gen.controller.GenController.batchGenCode()', 'GET', 1, 'admin', NULL, '/tool/gen/batchGenCode', '127.0.0.1', '内网IP', '{}', 'null', 0, NULL, '2020-05-07 12:27:37');
INSERT INTO `sys_oper_log` VALUES (111, '菜单管理', 1, 'com.ruoyi.project.system.controller.SysMenuController.add()', 'POST', 1, 'admin', NULL, '/system/menu', '127.0.0.1', '内网IP', '{\"visible\":\"0\",\"icon\":\"drag\",\"orderNum\":\"6\",\"menuName\":\"配送与运输\",\"params\":{},\"parentId\":1,\"path\":\"delivery\",\"component\":\"system/delivery/index\",\"createBy\":\"admin\",\"children\":[],\"isFrame\":\"1\",\"menuType\":\"C\",\"perms\":\"system:delivery:list\",\"status\":\"0\"}', '{\"msg\":\"操作成功\",\"code\":200}', 0, NULL, '2020-05-07 12:32:17');
INSERT INTO `sys_oper_log` VALUES (112, '菜单管理', 1, 'com.ruoyi.project.system.controller.SysMenuController.add()', 'POST', 1, 'admin', NULL, '/system/menu', '127.0.0.1', '内网IP', '{\"visible\":\"0\",\"icon\":\"search\",\"orderNum\":\"6\",\"menuName\":\"单据查询\",\"params\":{},\"parentId\":1,\"path\":\"shippingDoc\",\"component\":\"system/shippingDoc/index\",\"createBy\":\"admin\",\"children\":[],\"isFrame\":\"1\",\"menuType\":\"C\",\"perms\":\"system:shippingDoc:list\",\"status\":\"0\"}', '{\"msg\":\"操作成功\",\"code\":200}', 0, NULL, '2020-05-07 13:16:34');
INSERT INTO `sys_oper_log` VALUES (113, '代码生成', 6, 'com.ruoyi.project.tool.gen.controller.GenController.importTableSave()', 'POST', 1, 'admin', NULL, '/tool/gen/importTable', '127.0.0.1', '内网IP', 'shippingdoc', '{\"msg\":\"操作成功\",\"code\":200}', 0, NULL, '2020-05-07 13:28:26');
INSERT INTO `sys_oper_log` VALUES (114, '代码生成', 2, 'com.ruoyi.project.tool.gen.controller.GenController.editSave()', 'PUT', 1, 'admin', NULL, '/tool/gen', '127.0.0.1', '内网IP', '{\"functionAuthor\":\"nuoyi\",\"columns\":[{\"usableColumn\":false,\"columnId\":195,\"isIncrement\":\"1\",\"increment\":true,\"insert\":false,\"dictType\":\"\",\"required\":false,\"superColumn\":false,\"updateBy\":\"\",\"javaField\":\"id\",\"htmlType\":\"input\",\"edit\":false,\"query\":false,\"columnComment\":\"id\",\"sort\":1,\"list\":false,\"params\":{},\"javaType\":\"Long\",\"queryType\":\"EQ\",\"columnType\":\"int(11)\",\"createBy\":\"admin\",\"isPk\":\"1\",\"createTime\":1588829306000,\"tableId\":17,\"pk\":true,\"columnName\":\"id\"},{\"usableColumn\":false,\"columnId\":196,\"isIncrement\":\"0\",\"increment\":false,\"insert\":false,\"isList\":\"1\",\"dictType\":\"\",\"required\":false,\"superColumn\":false,\"updateBy\":\"\",\"javaField\":\"goodsid\",\"htmlType\":\"input\",\"edit\":false,\"query\":true,\"columnComment\":\"商品\",\"isQuery\":\"1\",\"sort\":2,\"list\":true,\"params\":{},\"javaType\":\"Long\",\"queryType\":\"EQ\",\"columnType\":\"int(11)\",\"createBy\":\"admin\",\"isPk\":\"0\",\"createTime\":1588829306000,\"tableId\":17,\"pk\":false,\"columnName\":\"goodsid\"},{\"usableColumn\":false,\"columnId\":197,\"isIncrement\":\"0\",\"increment\":false,\"insert\":false,\"isList\":\"1\",\"dictType\":\"\",\"required\":false,\"superColumn\":false,\"updateBy\":\"\",\"javaField\":\"shippingTime\",\"htmlType\":\"datetime\",\"edit\":false,\"query\":true,\"columnComment\":\"到货时间\",\"isQuery\":\"1\",\"sort\":3,\"list\":true,\"params\":{},\"javaType\":\"Date\",\"queryType\":\"EQ\",\"columnType\":\"datetime\",\"createBy\":\"admin\",\"isPk\":\"0\",\"createTime\":1588829306000,\"tableId\":17,\"pk\":false,\"columnName\":\"shipping_time\"},{\"usableColumn\":false,\"columnId\":198,\"isIncrement\":\"0\",\"increment\":false,\"insert\":false,\"isList\":\"1\",\"dictType\":\"\",\"required\":false,\"superColumn\":false,\"updateBy\":\"\",\"javaField\":\"cgy\",\"htmlType\":\"input\",\"edit\":false,\"query\":false,\"columnComment\":\"仓管员\",\"sort\":4,\"list\":true,\"params\":{},\"javaType\":\"String\",\"queryType\":\"EQ\",\"columnType\":\"varchar(20)\",\"createBy\":\"admin\",\"isPk\":\"0\",\"createTime\":1588829306000,\"tableId\":17,\"pk\":false,\"columnName\":\"cgy\"},{\"usableColumn\":false,\"columnId\":199,\"isIncrement\":\"0\",\"increment\":false,\"insert\":false,\"isList\":\"1\",\"dictType\":\"\",\"required\":false,\"superCol', '{\"msg\":\"操作成功\",\"code\":200}', 0, NULL, '2020-05-07 13:31:26');
INSERT INTO `sys_oper_log` VALUES (115, '代码生成', 8, 'com.ruoyi.project.tool.gen.controller.GenController.batchGenCode()', 'GET', 1, 'admin', NULL, '/tool/gen/batchGenCode', '127.0.0.1', '内网IP', '{}', 'null', 0, NULL, '2020-05-07 13:31:33');
INSERT INTO `sys_oper_log` VALUES (116, '菜单管理', 2, 'com.ruoyi.project.system.controller.SysMenuController.edit()', 'PUT', 1, 'admin', NULL, '/system/menu', '127.0.0.1', '内网IP', '{\"visible\":\"0\",\"icon\":\"search\",\"orderNum\":\"6\",\"menuName\":\"单据查询\",\"params\":{},\"parentId\":1,\"path\":\"shippingdoc\",\"component\":\"system/shippingdoc/index\",\"children\":[],\"createTime\":1588828594000,\"updateBy\":\"admin\",\"isFrame\":\"1\",\"menuId\":1070,\"menuType\":\"C\",\"perms\":\"system:shippingdoc:list\",\"status\":\"0\"}', '{\"msg\":\"操作成功\",\"code\":200}', 0, NULL, '2020-05-07 13:35:43');
INSERT INTO `sys_oper_log` VALUES (117, '商品', 1, 'com.ruoyi.project.system.controller.BusGoodsController.add()', 'POST', 1, 'admin', NULL, '/system/goods', '127.0.0.1', '内网IP', '{\"params\":{}}', 'null', 1, '\r\n### Error updating database.  Cause: java.sql.SQLSyntaxErrorException: You have an error in your SQL syntax; check the manual that corresponds to your MySQL server version for the right syntax to use near \'\' at line 1\r\n### The error may involve com.ruoyi.project.system.mapper.BusGoodsMapper.insertBusGoods-Inline\r\n### The error occurred while setting parameters\r\n### SQL: insert into bus_goods\r\n### Cause: java.sql.SQLSyntaxErrorException: You have an error in your SQL syntax; check the manual that corresponds to your MySQL server version for the right syntax to use near \'\' at line 1\n; bad SQL grammar []; nested exception is java.sql.SQLSyntaxErrorException: You have an error in your SQL syntax; check the manual that corresponds to your MySQL server version for the right syntax to use near \'\' at line 1', '2020-05-07 22:04:08');
INSERT INTO `sys_oper_log` VALUES (118, '采购管理', 1, 'com.ruoyi.project.system.controller.BusInportController.add()', 'POST', 1, 'admin', NULL, '/system/inport', '127.0.0.1', '内网IP', '{\"inportprice\":33.0,\"inporttime\":1589385600000,\"params\":{},\"number\":22,\"id\":14,\"paytype\":\"0\"}', '{\"msg\":\"操作成功\",\"code\":200}', 0, NULL, '2020-05-07 22:07:30');
INSERT INTO `sys_oper_log` VALUES (119, '采购管理', 1, 'com.ruoyi.project.system.controller.BusInportController.add()', 'POST', 1, 'admin', NULL, '/system/inport', '127.0.0.1', '内网IP', '{\"inportprice\":44.0,\"inporttime\":1588521600000,\"params\":{},\"number\":33,\"id\":15,\"paytype\":\"0\",\"operateperson\":\"dd\"}', '{\"msg\":\"操作成功\",\"code\":200}', 0, NULL, '2020-05-07 22:08:52');
INSERT INTO `sys_oper_log` VALUES (120, '商品', 2, 'com.ruoyi.project.system.controller.BusGoodsController.edit()', 'PUT', 1, 'admin', NULL, '/system/goods', '127.0.0.1', '内网IP', '{\"dangernum\":10,\"productcode\":\"PH12345\",\"available\":1,\"description\":\"小孩子都爱的\",\"goodsname\":\"娃哈哈\",\"number\":489,\"price\":2.0,\"id\":1,\"goodsimg\":\"2018-12-25/userface1.jpg\",\"produceplace\":\"武汉\",\"params\":{},\"goodspackage\":\"瓶\",\"size\":\"120ML\",\"providerid\":3,\"promitcode\":\"PZ1234\"}', '{\"msg\":\"操作成功\",\"code\":200}', 0, NULL, '2020-05-09 10:50:24');
INSERT INTO `sys_oper_log` VALUES (121, '商品', 2, 'com.ruoyi.project.system.controller.BusGoodsController.edit()', 'PUT', 1, 'admin', NULL, '/system/goods', '127.0.0.1', '内网IP', '{\"dangernum\":10,\"productcode\":\"PH12345\",\"available\":1,\"description\":\"小孩子都爱的\",\"goodsname\":\"娃哈哈\",\"number\":489,\"price\":2.0,\"id\":1,\"goodsimg\":\"2018-12-25/userface1.jpg\",\"produceplace\":\"武汉\",\"params\":{},\"goodspackage\":\"瓶\",\"size\":\"120ML\",\"providerid\":3,\"promitcode\":\"PZ1234\"}', '{\"msg\":\"操作成功\",\"code\":200}', 0, NULL, '2020-05-09 10:50:48');
INSERT INTO `sys_oper_log` VALUES (122, '用户管理', 2, 'com.ruoyi.project.system.controller.SysUserController.edit()', 'PUT', 1, 'admin', NULL, '/system/user', '127.0.0.1', '内网IP', '{\"roles\":[{\"flag\":false,\"roleId\":2,\"admin\":false,\"dataScope\":\"2\",\"params\":{},\"roleSort\":\"2\",\"roleKey\":\"common\",\"roleName\":\"普通角色\",\"status\":\"0\"}],\"phonenumber\":\"18981722787\",\"admin\":false,\"delFlag\":\"0\",\"password\":\"\",\"updateBy\":\"admin\",\"postIds\":[3],\"loginIp\":\"\",\"email\":\"331887602@qq.com\",\"nickName\":\"mmy\",\"sex\":\"0\",\"deptId\":100,\"avatar\":\"\",\"dept\":{\"deptName\":\"顺丰快递\",\"leader\":\"若依\",\"deptId\":100,\"orderNum\":\"0\",\"params\":{},\"parentId\":0,\"children\":[],\"status\":\"0\"},\"params\":{},\"userName\":\"mmy\",\"userId\":3,\"createBy\":\"admin\",\"roleIds\":[2],\"createTime\":1587538046000,\"status\":\"0\"}', '{\"msg\":\"操作成功\",\"code\":200}', 0, NULL, '2020-05-09 10:51:30');
INSERT INTO `sys_oper_log` VALUES (123, '商品', 2, 'com.ruoyi.project.system.controller.BusGoodsController.edit()', 'PUT', 1, 'admin', NULL, '/system/goods', '127.0.0.1', '内网IP', '{\"dangernum\":10,\"productcode\":\"11\",\"available\":1,\"description\":\"12321\",\"goodsname\":\"娃哈哈\",\"number\":1100,\"price\":3.0,\"id\":4,\"goodsimg\":\"2018-12-25/userface4.jpg\",\"produceplace\":\"武汉\",\"params\":{},\"goodspackage\":\"瓶\",\"size\":\"200ML\",\"providerid\":3,\"promitcode\":\"111\"}', '{\"msg\":\"操作成功\",\"code\":200}', 0, NULL, '2020-05-09 11:53:26');
INSERT INTO `sys_oper_log` VALUES (124, '商品', 2, 'com.ruoyi.project.system.controller.BusGoodsController.edit()', 'PUT', 1, 'admin', NULL, '/system/goods', '127.0.0.1', '内网IP', '{\"dangernum\":10,\"productcode\":\"PH12345\",\"available\":1,\"description\":\"小孩子都爱的\",\"goodsname\":\"娃哈哈\",\"number\":489,\"price\":2.0,\"id\":1,\"goodsimg\":\"2018-12-25/userface1.jpg\",\"produceplace\":\"武汉\",\"params\":{},\"goodspackage\":\"瓶\",\"size\":\"120ML\",\"providerid\":3,\"promitcode\":\"PZ1234\"}', '{\"msg\":\"操作成功\",\"code\":200}', 0, NULL, '2020-05-09 12:00:33');
INSERT INTO `sys_oper_log` VALUES (125, '商品', 2, 'com.ruoyi.project.system.controller.BusGoodsController.edit()', 'PUT', 1, 'admin', NULL, '/system/goods', '127.0.0.1', '内网IP', '{\"dangernum\":10,\"productcode\":\"PH12345\",\"available\":1,\"description\":\"小孩子都爱的\",\"goodsname\":\"娃哈哈\",\"number\":489,\"price\":2.0,\"id\":1,\"goodsimg\":\"2018-12-25/userface1.jpg\",\"produceplace\":\"武汉\",\"params\":{},\"goodspackage\":\"瓶\",\"size\":\"120ML\",\"providerid\":3,\"promitcode\":\"PZ1234\"}', '{\"msg\":\"操作成功\",\"code\":200}', 0, NULL, '2020-05-09 15:00:01');
INSERT INTO `sys_oper_log` VALUES (126, '采购管理', 2, 'com.ruoyi.project.system.controller.BusInportController.edit()', 'PUT', 1, 'admin', NULL, '/system/inport', '127.0.0.1', '内网IP', '{\"inportprice\":3.5,\"goodsid\":1,\"remark\":\"备注\",\"inporttime\":1525622400000,\"params\":{},\"number\":100,\"providerid\":1,\"id\":1,\"paytype\":\"1\",\"operateperson\":\"张三\"}', '{\"msg\":\"操作成功\",\"code\":200}', 0, NULL, '2020-05-09 15:24:01');
INSERT INTO `sys_oper_log` VALUES (127, '采购管理', 1, 'com.ruoyi.project.system.controller.BusInportController.add()', 'POST', 1, 'admin', NULL, '/system/inport', '127.0.0.1', '内网IP', '{\"inportprice\":23.0,\"inporttime\":1588953600000,\"params\":{},\"number\":10,\"id\":16,\"paytype\":\"0\",\"operateperson\":\"mmy\"}', '{\"msg\":\"操作成功\",\"code\":200}', 0, NULL, '2020-05-09 15:24:20');
INSERT INTO `sys_oper_log` VALUES (128, '商品', 2, 'com.ruoyi.project.system.controller.BusGoodsController.edit()', 'PUT', 1, 'admin', NULL, '/system/goods', '127.0.0.1', '内网IP', '{\"dangernum\":10,\"productcode\":\"PH12345\",\"available\":1,\"description\":\"小孩子都爱的\",\"goodsname\":\"娃哈哈\",\"number\":489,\"price\":2.0,\"id\":1,\"goodsimg\":\"2018-12-25/userface1.jpg\",\"produceplace\":\"武汉\",\"params\":{},\"goodspackage\":\"瓶\",\"size\":\"120ML\",\"providerid\":3,\"promitcode\":\"PZ1234\"}', '{\"msg\":\"操作成功\",\"code\":200}', 0, NULL, '2020-05-09 15:33:44');
INSERT INTO `sys_oper_log` VALUES (129, '角色管理', 1, 'com.ruoyi.project.system.controller.SysRoleController.add()', 'POST', 1, 'admin', NULL, '/system/role', '127.0.0.1', '内网IP', '{\"flag\":false,\"admin\":false,\"params\":{},\"roleSort\":\"3\",\"roleKey\":\"common\",\"roleName\":\"特殊角色\",\"deptIds\":[],\"menuIds\":[1,1061,100,1001,1002,1003,1004,1005,1006,1007,1065,101,1008,1009,1010,1011,1012,102,1013,1014,1015,1016,1066,1067,103,1017,1018,1019,1020,104,1021,1022,1023,1024,1025,1068,1069,1070,105,1026,1027,1028,1029,1030,106,1031,1032,1033,1034,1035,107,1036,1037,1038,1039,108,500,1040,1041,1042,501,1043,1044,1045],\"status\":\"0\"}', '{\"msg\":\"新增角色\'特殊角色\'失败，角色权限已存在\",\"code\":500}', 0, NULL, '2020-05-09 15:35:09');
INSERT INTO `sys_oper_log` VALUES (130, '角色管理', 1, 'com.ruoyi.project.system.controller.SysRoleController.add()', 'POST', 1, 'admin', NULL, '/system/role', '127.0.0.1', '内网IP', '{\"flag\":false,\"roleId\":3,\"admin\":false,\"params\":{},\"roleSort\":\"3\",\"createBy\":\"admin\",\"roleKey\":\"common1\",\"roleName\":\"特殊角色\",\"deptIds\":[],\"menuIds\":[1,1061,100,1001,1002,1003,1004,1005,1006,1007,1065,101,1008,1009,1010,1011,1012,102,1013,1014,1015,1016,1066,1067,103,1017,1018,1019,1020,104,1021,1022,1023,1024,1025,1068,1069,1070,105,1026,1027,1028,1029,1030,106,1031,1032,1033,1034,1035,107,1036,1037,1038,1039,108,500,1040,1041,1042,501,1043,1044,1045],\"status\":\"0\"}', '{\"msg\":\"操作成功\",\"code\":200}', 0, NULL, '2020-05-09 15:35:20');
INSERT INTO `sys_oper_log` VALUES (131, '用户管理', 2, 'com.ruoyi.project.system.controller.SysUserController.edit()', 'PUT', 1, 'admin', NULL, '/system/user', '127.0.0.1', '内网IP', '{\"roles\":[{\"flag\":false,\"roleId\":2,\"admin\":false,\"dataScope\":\"2\",\"params\":{},\"roleSort\":\"2\",\"roleKey\":\"common\",\"roleName\":\"普通角色\",\"status\":\"0\"}],\"phonenumber\":\"18981722787\",\"admin\":false,\"delFlag\":\"0\",\"password\":\"\",\"updateBy\":\"admin\",\"postIds\":[3],\"loginIp\":\"\",\"email\":\"331887602@qq.com\",\"nickName\":\"mmy\",\"sex\":\"0\",\"deptId\":100,\"avatar\":\"\",\"dept\":{\"deptName\":\"顺丰快递\",\"leader\":\"若依\",\"deptId\":100,\"orderNum\":\"0\",\"params\":{},\"parentId\":0,\"children\":[],\"status\":\"0\"},\"params\":{},\"userName\":\"mmy\",\"userId\":3,\"createBy\":\"admin\",\"roleIds\":[3],\"createTime\":1587538046000,\"status\":\"0\"}', '{\"msg\":\"操作成功\",\"code\":200}', 0, NULL, '2020-05-09 15:36:00');
INSERT INTO `sys_oper_log` VALUES (132, '用户管理', 2, 'com.ruoyi.project.system.controller.SysUserController.edit()', 'PUT', 1, 'admin', NULL, '/system/user', '127.0.0.1', '内网IP', '{\"roles\":[{\"flag\":false,\"roleId\":3,\"admin\":false,\"dataScope\":\"1\",\"params\":{},\"roleSort\":\"3\",\"roleKey\":\"common1\",\"roleName\":\"特殊角色\",\"status\":\"0\"}],\"phonenumber\":\"18981722787\",\"admin\":false,\"delFlag\":\"0\",\"password\":\"\",\"updateBy\":\"admin\",\"postIds\":[3],\"loginIp\":\"\",\"email\":\"331887602@qq.com\",\"nickName\":\"mmy\",\"sex\":\"0\",\"deptId\":100,\"avatar\":\"\",\"dept\":{\"deptName\":\"顺丰快递\",\"leader\":\"若依\",\"deptId\":100,\"orderNum\":\"0\",\"params\":{},\"parentId\":0,\"children\":[],\"status\":\"0\"},\"params\":{},\"userName\":\"mmy\",\"userId\":3,\"createBy\":\"admin\",\"roleIds\":[2],\"createTime\":1587538046000,\"status\":\"0\"}', '{\"msg\":\"操作成功\",\"code\":200}', 0, NULL, '2020-05-09 15:36:58');
INSERT INTO `sys_oper_log` VALUES (133, '用户管理', 2, 'com.ruoyi.project.system.controller.SysUserController.edit()', 'PUT', 1, 'admin', NULL, '/system/user', '127.0.0.1', '内网IP', '{\"roles\":[{\"flag\":false,\"roleId\":2,\"admin\":false,\"dataScope\":\"2\",\"params\":{},\"roleSort\":\"2\",\"roleKey\":\"common\",\"roleName\":\"普通角色\",\"status\":\"0\"}],\"phonenumber\":\"18981722787\",\"admin\":false,\"delFlag\":\"0\",\"password\":\"\",\"updateBy\":\"admin\",\"postIds\":[3],\"loginIp\":\"\",\"email\":\"331887602@qq.com\",\"nickName\":\"mmy\",\"sex\":\"1\",\"deptId\":100,\"avatar\":\"\",\"dept\":{\"deptName\":\"顺丰快递\",\"leader\":\"若依\",\"deptId\":100,\"orderNum\":\"0\",\"params\":{},\"parentId\":0,\"children\":[],\"status\":\"0\"},\"params\":{},\"userName\":\"mmy\",\"userId\":3,\"createBy\":\"admin\",\"roleIds\":[2],\"createTime\":1587538046000,\"status\":\"0\"}', '{\"msg\":\"操作成功\",\"code\":200}', 0, NULL, '2020-05-09 15:38:32');
INSERT INTO `sys_oper_log` VALUES (134, '菜单管理', 3, 'com.ruoyi.project.system.controller.SysMenuController.remove()', 'DELETE', 1, 'admin', NULL, '/system/menu/1062', '127.0.0.1', '内网IP', '{menuId=1062}', '{\"msg\":\"存在子菜单,不允许删除\",\"code\":500}', 0, NULL, '2020-05-09 20:07:16');
INSERT INTO `sys_oper_log` VALUES (135, '菜单管理', 3, 'com.ruoyi.project.system.controller.SysMenuController.remove()', 'DELETE', 1, 'admin', NULL, '/system/menu/1063', '127.0.0.1', '内网IP', '{menuId=1063}', '{\"msg\":\"操作成功\",\"code\":200}', 0, NULL, '2020-05-09 20:07:21');
INSERT INTO `sys_oper_log` VALUES (136, '菜单管理', 3, 'com.ruoyi.project.system.controller.SysMenuController.remove()', 'DELETE', 1, 'admin', NULL, '/system/menu/1064', '127.0.0.1', '内网IP', '{menuId=1064}', '{\"msg\":\"操作成功\",\"code\":200}', 0, NULL, '2020-05-09 20:07:24');
INSERT INTO `sys_oper_log` VALUES (137, '菜单管理', 3, 'com.ruoyi.project.system.controller.SysMenuController.remove()', 'DELETE', 1, 'admin', NULL, '/system/menu/1062', '127.0.0.1', '内网IP', '{menuId=1062}', '{\"msg\":\"操作成功\",\"code\":200}', 0, NULL, '2020-05-09 20:07:28');
INSERT INTO `sys_oper_log` VALUES (138, '菜单管理', 2, 'com.ruoyi.project.system.controller.SysMenuController.edit()', 'PUT', 1, 'admin', NULL, '/system/menu', '127.0.0.1', '内网IP', '{\"visible\":\"1\",\"icon\":\"tool\",\"orderNum\":\"4\",\"menuName\":\"其他管理\",\"params\":{},\"parentId\":0,\"path\":\"tool\",\"children\":[],\"createTime\":1521171180000,\"updateBy\":\"admin\",\"isFrame\":\"1\",\"menuId\":3,\"menuType\":\"M\",\"perms\":\"\",\"status\":\"0\"}', '{\"msg\":\"操作成功\",\"code\":200}', 0, NULL, '2020-05-09 20:08:01');
INSERT INTO `sys_oper_log` VALUES (139, '采购管理', 2, 'com.ruoyi.project.system.controller.BusInportController.edit()', 'PUT', 1, 'admin', NULL, '/system/inport', '127.0.0.1', '内网IP', '{\"inportprice\":3.5,\"goodsid\":1,\"remark\":\"备注\",\"inporttime\":1525622400000,\"params\":{},\"number\":100,\"id\":1,\"paytype\":\"1\",\"operateperson\":\"张三\"}', 'null', 1, 'nested exception is org.apache.ibatis.reflection.ReflectionException: There is no getter for property named \'providerid\' in \'class com.ruoyi.project.system.domain.BusInport\'', '2020-05-10 15:39:19');
INSERT INTO `sys_oper_log` VALUES (140, '商品', 2, 'com.ruoyi.project.system.controller.BusGoodsController.edit()', 'PUT', 1, 'admin', NULL, '/system/goods', '127.0.0.1', '内网IP', '{\"dangernum\":10,\"productcode\":\"PH12345\",\"available\":1,\"description\":\"小孩子都爱的\",\"goodsname\":\"娃哈哈\",\"number\":489,\"price\":2.0,\"id\":1,\"goodsimg\":\"2018-12-25/userface1.jpg\",\"produceplace\":\"武汉\",\"params\":{},\"goodspackage\":\"瓶\",\"size\":\"120ML\",\"providerid\":3,\"promitcode\":\"PZ1234\"}', '{\"msg\":\"操作成功\",\"code\":200}', 0, NULL, '2020-05-11 10:28:24');
INSERT INTO `sys_oper_log` VALUES (141, '供应商', 2, 'com.ruoyi.project.system.controller.BusProviderController.edit()', 'PUT', 1, 'admin', NULL, '/system/provider', '127.0.0.1', '内网IP', '{\"zip\":\"434000\",\"address\":\"仙桃\",\"available\":1,\"telephone\":\"0728-4124312\",\"connectionperson\":\"小明\",\"params\":{},\"providername\":\"旺旺食品\",\"bank\":\"中国农业银行\",\"phone\":\"13413441141\",\"id\":1,\"fax\":\"5123123\",\"account\":\"654124345131\",\"email\":\"12312321@sina.com\"}', '{\"msg\":\"操作成功\",\"code\":200}', 0, NULL, '2020-05-11 10:28:33');
INSERT INTO `sys_oper_log` VALUES (142, '供应商', 2, 'com.logistic.project.system.controller.BusProviderController.edit()', 'PUT', 1, 'admin', NULL, '/system/provider', '127.0.0.1', '内网IP', '{\"zip\":\"434000\",\"address\":\"仙桃\",\"available\":1,\"telephone\":\"0728-4124312\",\"connectionperson\":\"小明\",\"params\":{},\"providername\":\"旺旺食品\",\"bank\":\"中国农业银行\",\"phone\":\"13413441141\",\"id\":1,\"fax\":\"5123123\",\"account\":\"654124345131\",\"email\":\"12312321@sina.com\"}', '{\"msg\":\"操作成功\",\"code\":200}', 0, NULL, '2020-05-12 13:57:03');
INSERT INTO `sys_oper_log` VALUES (143, '采购管理', 2, 'com.logistic.project.system.controller.BusInportController.edit()', 'PUT', 1, 'admin', NULL, '/system/inport', '127.0.0.1', '内网IP', '{\"inportprice\":3.5,\"goodsid\":1,\"remark\":\"备注\",\"inporttime\":1525622400000,\"params\":{},\"number\":100,\"id\":1,\"paytype\":\"1\",\"operateperson\":\"张三\"}', 'null', 1, 'nested exception is org.apache.ibatis.reflection.ReflectionException: There is no getter for property named \'providerid\' in \'class com.logistic.project.system.domain.BusInport\'', '2020-05-12 13:57:10');
INSERT INTO `sys_oper_log` VALUES (144, '采购管理', 2, 'com.logistic.project.system.controller.BusInportController.edit()', 'PUT', 1, 'admin', NULL, '/system/inport', '127.0.0.1', '内网IP', '{\"inportprice\":3.5,\"goodsid\":1,\"remark\":\"备注\",\"inporttime\":1525622400000,\"params\":{},\"number\":100,\"id\":1,\"paytype\":\"1\",\"operateperson\":\"张三\"}', 'null', 1, 'nested exception is org.apache.ibatis.reflection.ReflectionException: There is no getter for property named \'providerid\' in \'class com.logistic.project.system.domain.BusInport\'', '2020-05-12 14:02:28');
INSERT INTO `sys_oper_log` VALUES (145, '采购管理', 2, 'com.logistic.project.system.controller.BusInportController.edit()', 'PUT', 1, 'admin', NULL, '/system/inport', '127.0.0.1', '内网IP', '{\"inportprice\":3.5,\"goodsid\":1,\"remark\":\"备注\",\"inporttime\":1525622400000,\"params\":{},\"number\":100,\"id\":1,\"paytype\":\"1\",\"operateperson\":\"张三\"}', 'null', 1, 'nested exception is org.apache.ibatis.reflection.ReflectionException: There is no getter for property named \'providerid\' in \'class com.logistic.project.system.domain.BusInport\'', '2020-05-12 14:03:50');
INSERT INTO `sys_oper_log` VALUES (146, '采购管理', 2, 'com.logistic.project.system.controller.BusInportController.edit()', 'PUT', 1, 'admin', NULL, '/system/inport', '127.0.0.1', '内网IP', '{\"inportprice\":3.5,\"goodsid\":1,\"remark\":\"备注\",\"inporttime\":1525622400000,\"params\":{},\"number\":100,\"id\":1,\"paytype\":\"1\",\"operateperson\":\"张三\"}', '{\"msg\":\"操作成功\",\"code\":200}', 0, NULL, '2020-05-12 14:05:00');
INSERT INTO `sys_oper_log` VALUES (147, '采购管理', 2, 'com.logistic.project.system.controller.BusInportController.edit()', 'PUT', 1, 'admin', NULL, '/system/inport', '127.0.0.1', '内网IP', '{\"inportprice\":3.5,\"goodsid\":1,\"remark\":\"备注\",\"inporttime\":1525622400000,\"params\":{},\"number\":100,\"id\":1,\"paytype\":\"1\",\"operateperson\":\"张三\"}', '{\"msg\":\"操作成功\",\"code\":200}', 0, NULL, '2020-05-12 14:05:03');
INSERT INTO `sys_oper_log` VALUES (148, '出库管理', 2, 'com.logistic.project.system.controller.BusOutportController.edit()', 'PUT', 1, 'admin', NULL, '/system/outport', '127.0.0.1', '内网IP', '{\"outportprice\":12321321,\"goodsid\":1,\"remark\":\"\",\"params\":{},\"outputtime\":1565884800000,\"number\":1,\"providerid\":3,\"id\":1,\"paytype\":\"微信\",\"operateperson\":\"超级管理员\"}', '{\"msg\":\"操作成功\",\"code\":200}', 0, NULL, '2020-05-12 14:05:40');
INSERT INTO `sys_oper_log` VALUES (149, '菜单管理', 1, 'com.logistic.project.system.controller.SysMenuController.add()', 'POST', 1, 'admin', NULL, '/system/menu', '127.0.0.1', '内网IP', '{\"visible\":\"0\",\"icon\":\"fullscreen\",\"orderNum\":\"10\",\"menuName\":\"单据\",\"params\":{},\"parentId\":1,\"path\":\"system\",\"createBy\":\"admin\",\"children\":[],\"isFrame\":\"1\",\"menuType\":\"M\",\"status\":\"0\"}', '{\"msg\":\"操作成功\",\"code\":200}', 0, NULL, '2020-05-12 14:50:12');
INSERT INTO `sys_oper_log` VALUES (150, '菜单管理', 2, 'com.logistic.project.system.controller.SysMenuController.edit()', 'PUT', 1, 'admin', NULL, '/system/menu', '127.0.0.1', '内网IP', '{\"visible\":\"0\",\"icon\":\"search\",\"orderNum\":\"6\",\"menuName\":\"到货单据\",\"params\":{},\"parentId\":1070,\"path\":\"shippingdoc\",\"component\":\"system/shippingdoc/index\",\"children\":[],\"createTime\":1588828594000,\"updateBy\":\"admin\",\"isFrame\":\"1\",\"menuId\":1070,\"menuType\":\"C\",\"perms\":\"system:shippingdoc:list\",\"status\":\"0\"}', '{\"msg\":\"操作成功\",\"code\":200}', 0, NULL, '2020-05-12 14:50:44');
INSERT INTO `sys_oper_log` VALUES (151, '菜单管理', 2, 'com.logistic.project.system.controller.SysMenuController.edit()', 'PUT', 1, 'admin', NULL, '/system/menu', '127.0.0.1', '内网IP', '{\"visible\":\"0\",\"icon\":\"fullscreen\",\"orderNum\":\"10\",\"menuName\":\"单据\",\"params\":{},\"parentId\":1,\"path\":\"system\",\"children\":[],\"createTime\":1589266212000,\"updateBy\":\"admin\",\"isFrame\":\"1\",\"menuId\":1071,\"menuType\":\"M\",\"perms\":\"\",\"status\":\"0\"}', '{\"msg\":\"操作成功\",\"code\":200}', 0, NULL, '2020-05-12 14:57:44');
INSERT INTO `sys_oper_log` VALUES (152, '菜单管理', 2, 'com.logistic.project.system.controller.SysMenuController.edit()', 'PUT', 1, 'admin', NULL, '/system/menu', '127.0.0.1', '内网IP', '{\"visible\":\"0\",\"icon\":\"search\",\"orderNum\":\"6\",\"menuName\":\"到货单据\",\"params\":{},\"parentId\":1,\"path\":\"shippingdoc\",\"component\":\"system/shippingdoc/index\",\"children\":[],\"createTime\":1588828594000,\"updateBy\":\"admin\",\"isFrame\":\"1\",\"menuId\":1070,\"menuType\":\"C\",\"perms\":\"system:shippingdoc:list\",\"status\":\"0\"}', '{\"msg\":\"操作成功\",\"code\":200}', 0, NULL, '2020-05-12 14:58:38');
INSERT INTO `sys_oper_log` VALUES (153, '菜单管理', 3, 'com.logistic.project.system.controller.SysMenuController.remove()', 'DELETE', 1, 'admin', NULL, '/system/menu/1071', '127.0.0.1', '内网IP', '{menuId=1071}', '{\"msg\":\"操作成功\",\"code\":200}', 0, NULL, '2020-05-12 14:59:01');
INSERT INTO `sys_oper_log` VALUES (154, '菜单管理', 1, 'com.logistic.project.system.controller.SysMenuController.add()', 'POST', 1, 'admin', NULL, '/system/menu', '127.0.0.1', '内网IP', '{\"visible\":\"0\",\"icon\":\"edit\",\"orderNum\":\"4\",\"menuName\":\"单据管理\",\"params\":{},\"parentId\":0,\"path\":\"doc\",\"createBy\":\"admin\",\"children\":[],\"isFrame\":\"1\",\"menuType\":\"M\",\"status\":\"0\"}', '{\"msg\":\"操作成功\",\"code\":200}', 0, NULL, '2020-05-12 15:00:17');
INSERT INTO `sys_oper_log` VALUES (155, '菜单管理', 2, 'com.logistic.project.system.controller.SysMenuController.edit()', 'PUT', 1, 'admin', NULL, '/system/menu', '127.0.0.1', '内网IP', '{\"visible\":\"0\",\"icon\":\"search\",\"orderNum\":\"6\",\"menuName\":\"到货单据\",\"params\":{},\"parentId\":1072,\"path\":\"shippingdoc\",\"component\":\"system/shippingdoc/index\",\"children\":[],\"createTime\":1588828594000,\"updateBy\":\"admin\",\"isFrame\":\"1\",\"menuId\":1070,\"menuType\":\"C\",\"perms\":\"system:shippingdoc:list\",\"status\":\"0\"}', '{\"msg\":\"操作成功\",\"code\":200}', 0, NULL, '2020-05-13 10:40:19');
INSERT INTO `sys_oper_log` VALUES (156, '菜单管理', 2, 'com.logistic.project.system.controller.SysMenuController.edit()', 'PUT', 1, 'admin', NULL, '/system/menu', '127.0.0.1', '内网IP', '{\"visible\":\"0\",\"icon\":\"tool\",\"orderNum\":\"4\",\"menuName\":\"其他管理\",\"params\":{},\"parentId\":0,\"path\":\"tool\",\"children\":[],\"createTime\":1521171180000,\"updateBy\":\"admin\",\"isFrame\":\"1\",\"menuId\":3,\"menuType\":\"M\",\"perms\":\"\",\"status\":\"0\"}', '{\"msg\":\"操作成功\",\"code\":200}', 0, NULL, '2020-05-13 10:45:42');
INSERT INTO `sys_oper_log` VALUES (157, '代码生成', 6, 'com.logistic.project.tool.gen.controller.GenController.importTableSave()', 'POST', 1, 'admin', NULL, '/tool/gen/importTable', '127.0.0.1', '内网IP', 'bus_custom', '{\"msg\":\"操作成功\",\"code\":200}', 0, NULL, '2020-05-13 10:45:57');
INSERT INTO `sys_oper_log` VALUES (158, '代码生成', 3, 'com.logistic.project.tool.gen.controller.GenController.remove()', 'DELETE', 1, 'admin', NULL, '/tool/gen/18', '127.0.0.1', '内网IP', '{tableIds=18}', '{\"msg\":\"操作成功\",\"code\":200}', 0, NULL, '2020-05-13 10:46:24');
INSERT INTO `sys_oper_log` VALUES (159, '代码生成', 6, 'com.logistic.project.tool.gen.controller.GenController.importTableSave()', 'POST', 1, 'admin', NULL, '/tool/gen/importTable', '127.0.0.1', '内网IP', 'bus_customorder', '{\"msg\":\"操作成功\",\"code\":200}', 0, NULL, '2020-05-13 10:46:29');
INSERT INTO `sys_oper_log` VALUES (160, '代码生成', 2, 'com.logistic.project.tool.gen.controller.GenController.editSave()', 'PUT', 1, 'admin', NULL, '/tool/gen', '127.0.0.1', '内网IP', '{\"functionAuthor\":\"nuoyi\",\"columns\":[{\"usableColumn\":false,\"columnId\":208,\"isIncrement\":\"1\",\"increment\":true,\"insert\":false,\"dictType\":\"\",\"required\":false,\"superColumn\":false,\"updateBy\":\"\",\"javaField\":\"id\",\"htmlType\":\"input\",\"edit\":false,\"query\":false,\"columnComment\":\"id\",\"sort\":1,\"list\":false,\"params\":{},\"javaType\":\"Long\",\"queryType\":\"EQ\",\"columnType\":\"int(11)\",\"createBy\":\"admin\",\"isPk\":\"1\",\"createTime\":1589337989000,\"tableId\":19,\"pk\":true,\"columnName\":\"id\"},{\"usableColumn\":false,\"columnId\":209,\"isIncrement\":\"0\",\"increment\":false,\"insert\":false,\"isList\":\"1\",\"dictType\":\"\",\"required\":false,\"superColumn\":false,\"updateBy\":\"\",\"javaField\":\"custName\",\"htmlType\":\"input\",\"edit\":false,\"query\":true,\"columnComment\":\"客户名称\",\"isQuery\":\"1\",\"sort\":2,\"list\":true,\"params\":{},\"javaType\":\"String\",\"queryType\":\"LIKE\",\"columnType\":\"varchar(20)\",\"createBy\":\"admin\",\"isPk\":\"0\",\"createTime\":1589337989000,\"tableId\":19,\"pk\":false,\"columnName\":\"cust_name\"},{\"usableColumn\":false,\"columnId\":210,\"isIncrement\":\"0\",\"increment\":false,\"insert\":false,\"isList\":\"1\",\"dictType\":\"\",\"required\":false,\"superColumn\":false,\"updateBy\":\"\",\"javaField\":\"orderDate\",\"htmlType\":\"datetime\",\"edit\":false,\"query\":true,\"columnComment\":\"订单日期\",\"isQuery\":\"1\",\"sort\":3,\"list\":true,\"params\":{},\"javaType\":\"Date\",\"queryType\":\"EQ\",\"columnType\":\"date\",\"createBy\":\"admin\",\"isPk\":\"0\",\"createTime\":1589337989000,\"tableId\":19,\"pk\":false,\"columnName\":\"order_date\"},{\"usableColumn\":false,\"columnId\":211,\"isIncrement\":\"0\",\"increment\":false,\"insert\":false,\"isList\":\"1\",\"dictType\":\"\",\"required\":false,\"superColumn\":false,\"updateBy\":\"\",\"javaField\":\"orderType\",\"htmlType\":\"select\",\"edit\":false,\"query\":true,\"columnComment\":\"订单类型\",\"isQuery\":\"1\",\"sort\":4,\"list\":true,\"params\":{},\"javaType\":\"String\",\"queryType\":\"EQ\",\"columnType\":\"varchar(10)\",\"createBy\":\"admin\",\"isPk\":\"0\",\"createTime\":1589337989000,\"tableId\":19,\"pk\":false,\"columnName\":\"order_type\"},{\"usableColumn\":false,\"columnId\":212,\"isIncrement\":\"0\",\"increment\":false,\"insert\":false,\"isList\":\"1\",\"dictType', '{\"msg\":\"操作成功\",\"code\":200}', 0, NULL, '2020-05-13 10:47:42');
INSERT INTO `sys_oper_log` VALUES (161, '代码生成', 8, 'com.logistic.project.tool.gen.controller.GenController.batchGenCode()', 'GET', 1, 'admin', NULL, '/tool/gen/batchGenCode', '127.0.0.1', '内网IP', '{}', 'null', 0, NULL, '2020-05-13 10:47:53');
INSERT INTO `sys_oper_log` VALUES (162, '菜单管理', 1, 'com.logistic.project.system.controller.SysMenuController.add()', 'POST', 1, 'admin', NULL, '/system/menu', '127.0.0.1', '内网IP', '{\"visible\":\"0\",\"icon\":\"user\",\"orderNum\":\"2\",\"menuName\":\"客户单据\",\"params\":{},\"parentId\":1072,\"path\":\"customorder\",\"component\":\"system/customorder/index\",\"createBy\":\"admin\",\"children\":[],\"isFrame\":\"1\",\"menuType\":\"C\",\"perms\":\"system:customorder:list\",\"status\":\"0\"}', '{\"msg\":\"操作成功\",\"code\":200}', 0, NULL, '2020-05-13 10:52:21');
INSERT INTO `sys_oper_log` VALUES (163, '菜单管理', 1, 'com.logistic.project.system.controller.SysMenuController.add()', 'POST', 1, 'admin', NULL, '/system/menu', '127.0.0.1', '内网IP', '{\"visible\":\"0\",\"icon\":\"people\",\"orderNum\":\"4\",\"menuName\":\"库存管理\",\"params\":{},\"path\":\"system\",\"createBy\":\"admin\",\"children\":[],\"isFrame\":\"1\",\"menuType\":\"M\",\"status\":\"0\"}', '{\"msg\":\"操作成功\",\"code\":200}', 0, NULL, '2020-05-13 10:57:30');
INSERT INTO `sys_oper_log` VALUES (164, '菜单管理', 1, 'com.logistic.project.system.controller.SysMenuController.add()', 'POST', 1, 'admin', NULL, '/system/menu', '127.0.0.1', '内网IP', '{\"visible\":\"0\",\"icon\":\"message\",\"orderNum\":\"1\",\"menuName\":\"仓库检查\",\"params\":{},\"parentId\":1074,\"path\":\"ckcheck\",\"component\":\"system/ckcheck/index\",\"createBy\":\"admin\",\"children\":[],\"isFrame\":\"1\",\"menuType\":\"C\",\"perms\":\"system:ckcheck:list\",\"status\":\"0\"}', '{\"msg\":\"操作成功\",\"code\":200}', 0, NULL, '2020-05-13 11:15:52');
INSERT INTO `sys_oper_log` VALUES (165, '代码生成', 6, 'com.logistic.project.tool.gen.controller.GenController.importTableSave()', 'POST', 1, 'admin', NULL, '/tool/gen/importTable', '127.0.0.1', '内网IP', 'bus_ck_check', '{\"msg\":\"操作成功\",\"code\":200}', 0, NULL, '2020-05-13 11:16:07');
INSERT INTO `sys_oper_log` VALUES (166, '代码生成', 2, 'com.logistic.project.tool.gen.controller.GenController.editSave()', 'PUT', 1, 'admin', NULL, '/tool/gen', '127.0.0.1', '内网IP', '{\"functionAuthor\":\"nuoyi\",\"columns\":[{\"usableColumn\":false,\"columnId\":214,\"isIncrement\":\"1\",\"increment\":true,\"insert\":false,\"dictType\":\"\",\"required\":true,\"superColumn\":false,\"updateBy\":\"\",\"isRequired\":\"1\",\"javaField\":\"id\",\"htmlType\":\"input\",\"edit\":false,\"query\":false,\"columnComment\":\"id\",\"sort\":1,\"list\":false,\"params\":{},\"javaType\":\"Long\",\"queryType\":\"EQ\",\"columnType\":\"int(11)\",\"createBy\":\"admin\",\"isPk\":\"0\",\"createTime\":1589339767000,\"tableId\":20,\"pk\":false,\"columnName\":\"id\"},{\"usableColumn\":false,\"columnId\":215,\"isIncrement\":\"0\",\"increment\":false,\"insert\":false,\"isList\":\"1\",\"dictType\":\"\",\"required\":false,\"superColumn\":false,\"updateBy\":\"\",\"javaField\":\"ckNum\",\"htmlType\":\"input\",\"edit\":false,\"query\":true,\"columnComment\":\"仓库编号\",\"isQuery\":\"1\",\"sort\":2,\"list\":true,\"params\":{},\"javaType\":\"String\",\"queryType\":\"LIKE\",\"columnType\":\"varchar(20)\",\"createBy\":\"admin\",\"isPk\":\"0\",\"createTime\":1589339767000,\"tableId\":20,\"pk\":false,\"columnName\":\"ck_num\"},{\"usableColumn\":false,\"columnId\":216,\"isIncrement\":\"0\",\"increment\":false,\"insert\":false,\"isList\":\"1\",\"dictType\":\"\",\"required\":false,\"superColumn\":false,\"updateBy\":\"\",\"javaField\":\"ckTemp\",\"htmlType\":\"input\",\"edit\":false,\"query\":true,\"columnComment\":\"温度\",\"isQuery\":\"1\",\"sort\":3,\"list\":true,\"params\":{},\"javaType\":\"String\",\"queryType\":\"LIKE\",\"columnType\":\"varchar(10)\",\"createBy\":\"admin\",\"isPk\":\"0\",\"createTime\":1589339767000,\"tableId\":20,\"pk\":false,\"columnName\":\"ck_temp\"},{\"usableColumn\":false,\"columnId\":217,\"isIncrement\":\"0\",\"increment\":false,\"insert\":false,\"isList\":\"1\",\"dictType\":\"\",\"required\":false,\"superColumn\":false,\"updateBy\":\"\",\"javaField\":\"checkPerson\",\"htmlType\":\"input\",\"edit\":false,\"query\":true,\"columnComment\":\"检查人\",\"isQuery\":\"1\",\"sort\":4,\"list\":true,\"params\":{},\"javaType\":\"String\",\"queryType\":\"EQ\",\"columnType\":\"varchar(20)\",\"createBy\":\"admin\",\"isPk\":\"0\",\"createTime\":1589339767000,\"tableId\":20,\"pk\":false,\"columnName\":\"check_person\"},{\"usableColumn\":false,\"columnId\":218,\"isIncrement\":\"0\",\"increment\":false,\"insert\":false,\"isList\":', '{\"msg\":\"操作成功\",\"code\":200}', 0, NULL, '2020-05-13 11:17:37');
INSERT INTO `sys_oper_log` VALUES (167, '代码生成', 8, 'com.logistic.project.tool.gen.controller.GenController.batchGenCode()', 'GET', 1, 'admin', NULL, '/tool/gen/batchGenCode', '127.0.0.1', '内网IP', '{}', 'null', 0, NULL, '2020-05-13 11:17:42');
INSERT INTO `sys_oper_log` VALUES (168, '菜单管理', 2, 'com.logistic.project.system.controller.SysMenuController.edit()', 'PUT', 1, 'admin', NULL, '/system/menu', '127.0.0.1', '内网IP', '{\"visible\":\"0\",\"icon\":\"people\",\"orderNum\":\"4\",\"menuName\":\"库存管理\",\"params\":{},\"parentId\":0,\"path\":\"system\",\"children\":[],\"createTime\":1589338650000,\"updateBy\":\"admin\",\"isFrame\":\"1\",\"menuId\":1074,\"menuType\":\"M\",\"perms\":\"\",\"status\":\"0\"}', '{\"msg\":\"操作成功\",\"code\":200}', 0, NULL, '2020-05-13 11:20:21');
INSERT INTO `sys_oper_log` VALUES (169, '菜单管理', 2, 'com.logistic.project.system.controller.SysMenuController.edit()', 'PUT', 1, 'admin', NULL, '/system/menu', '127.0.0.1', '内网IP', '{\"visible\":\"0\",\"icon\":\"message\",\"orderNum\":\"1\",\"menuName\":\"仓库检查\",\"params\":{},\"parentId\":1074,\"path\":\"check\",\"component\":\"system/check/index\",\"children\":[],\"createTime\":1589339752000,\"updateBy\":\"admin\",\"isFrame\":\"1\",\"menuId\":1075,\"menuType\":\"C\",\"perms\":\"system:check:list\",\"status\":\"0\"}', '{\"msg\":\"操作成功\",\"code\":200}', 0, NULL, '2020-05-13 11:20:43');
INSERT INTO `sys_oper_log` VALUES (170, '菜单管理', 2, 'com.logistic.project.system.controller.SysMenuController.edit()', 'PUT', 1, 'admin', NULL, '/system/menu', '127.0.0.1', '内网IP', '{\"visible\":\"0\",\"icon\":\"theme\",\"orderNum\":\"4\",\"menuName\":\"库存管理\",\"params\":{},\"parentId\":0,\"path\":\"system\",\"children\":[],\"createTime\":1589338650000,\"updateBy\":\"admin\",\"isFrame\":\"1\",\"menuId\":1074,\"menuType\":\"M\",\"perms\":\"\",\"status\":\"0\"}', '{\"msg\":\"操作成功\",\"code\":200}', 0, NULL, '2020-05-13 11:21:26');
INSERT INTO `sys_oper_log` VALUES (171, '菜单管理', 2, 'com.logistic.project.system.controller.SysMenuController.edit()', 'PUT', 1, 'admin', NULL, '/system/menu', '127.0.0.1', '内网IP', '{\"visible\":\"0\",\"icon\":\"theme\",\"orderNum\":\"5\",\"menuName\":\"库存管理\",\"params\":{},\"parentId\":0,\"path\":\"system\",\"children\":[],\"createTime\":1589338650000,\"updateBy\":\"admin\",\"isFrame\":\"1\",\"menuId\":1074,\"menuType\":\"M\",\"perms\":\"\",\"status\":\"0\"}', '{\"msg\":\"操作成功\",\"code\":200}', 0, NULL, '2020-05-13 11:23:20');
INSERT INTO `sys_oper_log` VALUES (172, '菜单管理', 2, 'com.logistic.project.system.controller.SysMenuController.edit()', 'PUT', 1, 'admin', NULL, '/system/menu', '127.0.0.1', '内网IP', '{\"visible\":\"0\",\"icon\":\"message\",\"orderNum\":\"0\",\"menuName\":\"仓库检查\",\"params\":{},\"parentId\":1074,\"path\":\"check\",\"component\":\"system/check/index\",\"children\":[],\"createTime\":1589339752000,\"updateBy\":\"admin\",\"isFrame\":\"1\",\"menuId\":1075,\"menuType\":\"C\",\"perms\":\"system:check:list\",\"status\":\"0\"}', '{\"msg\":\"操作成功\",\"code\":200}', 0, NULL, '2020-05-13 11:25:35');
INSERT INTO `sys_oper_log` VALUES (173, '菜单管理', 1, 'com.logistic.project.system.controller.SysMenuController.add()', 'POST', 1, 'admin', NULL, '/system/menu', '127.0.0.1', '内网IP', '{\"visible\":\"0\",\"icon\":\"clipboard\",\"orderNum\":\"7\",\"menuName\":\"裤裤管理\",\"params\":{},\"parentId\":0,\"path\":\"system\",\"createBy\":\"admin\",\"children\":[],\"isFrame\":\"1\",\"menuType\":\"M\",\"status\":\"0\"}', '{\"msg\":\"操作成功\",\"code\":200}', 0, NULL, '2020-05-13 11:30:41');
INSERT INTO `sys_oper_log` VALUES (174, '菜单管理', 2, 'com.logistic.project.system.controller.SysMenuController.edit()', 'PUT', 1, 'admin', NULL, '/system/menu', '127.0.0.1', '内网IP', '{\"visible\":\"0\",\"icon\":\"message\",\"orderNum\":\"0\",\"menuName\":\"仓库检查\",\"params\":{},\"parentId\":1076,\"path\":\"check\",\"component\":\"system/check/index\",\"children\":[],\"createTime\":1589339752000,\"updateBy\":\"admin\",\"isFrame\":\"1\",\"menuId\":1075,\"menuType\":\"C\",\"perms\":\"system:check:list\",\"status\":\"0\"}', '{\"msg\":\"操作成功\",\"code\":200}', 0, NULL, '2020-05-13 11:30:50');
INSERT INTO `sys_oper_log` VALUES (175, '菜单管理', 2, 'com.logistic.project.system.controller.SysMenuController.edit()', 'PUT', 1, 'admin', NULL, '/system/menu', '127.0.0.1', '内网IP', '{\"visible\":\"0\",\"icon\":\"message\",\"orderNum\":\"0\",\"menuName\":\"仓库检查\",\"params\":{},\"parentId\":1072,\"path\":\"check\",\"component\":\"system/check/index\",\"children\":[],\"createTime\":1589339752000,\"updateBy\":\"admin\",\"isFrame\":\"1\",\"menuId\":1075,\"menuType\":\"C\",\"perms\":\"system:check:list\",\"status\":\"0\"}', '{\"msg\":\"操作成功\",\"code\":200}', 0, NULL, '2020-05-13 11:38:33');
INSERT INTO `sys_oper_log` VALUES (176, '菜单管理', 3, 'com.logistic.project.system.controller.SysMenuController.remove()', 'DELETE', 1, 'admin', NULL, '/system/menu/1076', '127.0.0.1', '内网IP', '{menuId=1076}', '{\"msg\":\"操作成功\",\"code\":200}', 0, NULL, '2020-05-13 11:38:38');
INSERT INTO `sys_oper_log` VALUES (177, '菜单管理', 3, 'com.logistic.project.system.controller.SysMenuController.remove()', 'DELETE', 1, 'admin', NULL, '/system/menu/1074', '127.0.0.1', '内网IP', '{menuId=1074}', '{\"msg\":\"操作成功\",\"code\":200}', 0, NULL, '2020-05-13 11:38:41');
INSERT INTO `sys_oper_log` VALUES (178, '菜单管理', 2, 'com.logistic.project.system.controller.SysMenuController.edit()', 'PUT', 1, 'admin', NULL, '/system/menu', '127.0.0.1', '内网IP', '{\"visible\":\"0\",\"icon\":\"edit\",\"orderNum\":\"4\",\"menuName\":\"库房及单据管理\",\"params\":{},\"parentId\":0,\"path\":\"doc\",\"children\":[],\"createTime\":1589266817000,\"updateBy\":\"admin\",\"isFrame\":\"1\",\"menuId\":1072,\"menuType\":\"M\",\"perms\":\"\",\"status\":\"0\"}', '{\"msg\":\"操作成功\",\"code\":200}', 0, NULL, '2020-05-13 11:39:03');
INSERT INTO `sys_oper_log` VALUES (179, '菜单管理', 2, 'com.logistic.project.system.controller.SysMenuController.edit()', 'PUT', 1, 'admin', NULL, '/system/menu', '127.0.0.1', '内网IP', '{\"visible\":\"0\",\"icon\":\"edit\",\"orderNum\":\"4\",\"menuName\":\"企业管理\",\"params\":{},\"parentId\":0,\"path\":\"doc\",\"children\":[],\"createTime\":1589266817000,\"updateBy\":\"admin\",\"isFrame\":\"1\",\"menuId\":1072,\"menuType\":\"M\",\"perms\":\"\",\"status\":\"0\"}', '{\"msg\":\"操作成功\",\"code\":200}', 0, NULL, '2020-05-13 13:54:42');
INSERT INTO `sys_oper_log` VALUES (180, '代码生成', 6, 'com.logistic.project.tool.gen.controller.GenController.importTableSave()', 'POST', 1, 'admin', NULL, '/tool/gen/importTable', '127.0.0.1', '内网IP', 'material_scrap', '{\"msg\":\"操作成功\",\"code\":200}', 0, NULL, '2020-05-13 14:08:34');
INSERT INTO `sys_oper_log` VALUES (181, '代码生成', 3, 'com.logistic.project.tool.gen.controller.GenController.remove()', 'DELETE', 1, 'admin', NULL, '/tool/gen/20', '127.0.0.1', '内网IP', '{tableIds=20}', '{\"msg\":\"操作成功\",\"code\":200}', 0, NULL, '2020-05-13 14:09:54');
INSERT INTO `sys_oper_log` VALUES (182, '代码生成', 2, 'com.logistic.project.tool.gen.controller.GenController.editSave()', 'PUT', 1, 'admin', NULL, '/tool/gen', '127.0.0.1', '内网IP', '{\"functionAuthor\":\"nuoyi\",\"columns\":[{\"usableColumn\":false,\"columnId\":219,\"isIncrement\":\"1\",\"increment\":true,\"insert\":false,\"dictType\":\"\",\"required\":false,\"superColumn\":false,\"updateBy\":\"\",\"javaField\":\"id\",\"htmlType\":\"input\",\"edit\":false,\"query\":false,\"columnComment\":\"id\",\"sort\":1,\"list\":false,\"params\":{},\"javaType\":\"Long\",\"queryType\":\"EQ\",\"columnType\":\"int(11)\",\"createBy\":\"admin\",\"isPk\":\"1\",\"createTime\":1589350114000,\"tableId\":21,\"pk\":true,\"columnName\":\"id\"},{\"usableColumn\":false,\"columnId\":220,\"isIncrement\":\"0\",\"increment\":false,\"insert\":true,\"isList\":\"1\",\"dictType\":\"\",\"required\":false,\"superColumn\":false,\"updateBy\":\"\",\"isInsert\":\"1\",\"javaField\":\"materialNum\",\"htmlType\":\"input\",\"edit\":true,\"query\":true,\"columnComment\":\"物料编号\",\"isQuery\":\"1\",\"sort\":2,\"list\":true,\"params\":{},\"javaType\":\"String\",\"queryType\":\"EQ\",\"columnType\":\"varchar(20)\",\"createBy\":\"admin\",\"isPk\":\"0\",\"createTime\":1589350114000,\"isEdit\":\"1\",\"tableId\":21,\"pk\":false,\"columnName\":\"material_num\"},{\"usableColumn\":false,\"columnId\":221,\"isIncrement\":\"0\",\"increment\":false,\"insert\":true,\"isList\":\"1\",\"dictType\":\"\",\"required\":false,\"superColumn\":false,\"updateBy\":\"\",\"isInsert\":\"1\",\"javaField\":\"specifications\",\"htmlType\":\"input\",\"edit\":true,\"query\":true,\"columnComment\":\"规格\",\"isQuery\":\"1\",\"sort\":3,\"list\":true,\"params\":{},\"javaType\":\"String\",\"queryType\":\"EQ\",\"columnType\":\"varchar(30)\",\"createBy\":\"admin\",\"isPk\":\"0\",\"createTime\":1589350114000,\"isEdit\":\"1\",\"tableId\":21,\"pk\":false,\"columnName\":\"specifications\"},{\"usableColumn\":false,\"columnId\":222,\"isIncrement\":\"0\",\"increment\":false,\"insert\":true,\"isList\":\"1\",\"dictType\":\"\",\"required\":false,\"superColumn\":false,\"updateBy\":\"\",\"isInsert\":\"1\",\"javaField\":\"weight\",\"htmlType\":\"input\",\"edit\":true,\"query\":false,\"columnComment\":\"重量\",\"sort\":4,\"list\":true,\"params\":{},\"javaType\":\"Long\",\"queryType\":\"EQ\",\"columnType\":\"double\",\"createBy\":\"admin\",\"isPk\":\"0\",\"createTime\":1589350114000,\"isEdit\":\"1\",\"tableId\":21,\"pk\":false,\"columnName\":\"weight\"},{\"usableColumn\":false,\"columnId\":223,\"isIncre', '{\"msg\":\"操作成功\",\"code\":200}', 0, NULL, '2020-05-13 14:11:32');
INSERT INTO `sys_oper_log` VALUES (183, '代码生成', 8, 'com.logistic.project.tool.gen.controller.GenController.batchGenCode()', 'GET', 1, 'admin', NULL, '/tool/gen/batchGenCode', '127.0.0.1', '内网IP', '{}', 'null', 0, NULL, '2020-05-13 14:11:37');
INSERT INTO `sys_oper_log` VALUES (184, '菜单管理', 1, 'com.logistic.project.system.controller.SysMenuController.add()', 'POST', 1, 'admin', NULL, '/system/menu', '127.0.0.1', '内网IP', '{\"visible\":\"0\",\"icon\":\"dashboard\",\"orderNum\":\"4\",\"menuName\":\"物料报废\",\"params\":{},\"parentId\":1072,\"path\":\"system\",\"createBy\":\"admin\",\"children\":[],\"isFrame\":\"1\",\"menuType\":\"M\",\"status\":\"0\"}', '{\"msg\":\"操作成功\",\"code\":200}', 0, NULL, '2020-05-13 14:12:20');
INSERT INTO `sys_oper_log` VALUES (185, '菜单管理', 2, 'com.logistic.project.system.controller.SysMenuController.edit()', 'PUT', 1, 'admin', NULL, '/system/menu', '127.0.0.1', '内网IP', '{\"visible\":\"0\",\"icon\":\"dashboard\",\"orderNum\":\"4\",\"menuName\":\"物料报废\",\"params\":{},\"parentId\":1072,\"path\":\"scrap\",\"component\":\"system/scrap/index\",\"children\":[],\"createTime\":1589350340000,\"updateBy\":\"admin\",\"isFrame\":\"1\",\"menuId\":1077,\"menuType\":\"C\",\"perms\":\"system:scrap:list\",\"status\":\"0\"}', '{\"msg\":\"操作成功\",\"code\":200}', 0, NULL, '2020-05-13 14:13:24');
INSERT INTO `sys_oper_log` VALUES (186, '菜单管理', 2, 'com.logistic.project.system.controller.SysMenuController.edit()', 'PUT', 1, 'admin', NULL, '/system/menu', '127.0.0.1', '内网IP', '{\"visible\":\"0\",\"icon\":\"edit\",\"orderNum\":\"4\",\"menuName\":\"仓储管理\",\"params\":{},\"parentId\":0,\"path\":\"doc\",\"children\":[],\"createTime\":1589266817000,\"updateBy\":\"admin\",\"isFrame\":\"1\",\"menuId\":1072,\"menuType\":\"M\",\"perms\":\"\",\"status\":\"0\"}', '{\"msg\":\"操作成功\",\"code\":200}', 0, NULL, '2020-05-13 14:18:55');
INSERT INTO `sys_oper_log` VALUES (187, '菜单管理', 2, 'com.logistic.project.system.controller.SysMenuController.edit()', 'PUT', 1, 'admin', NULL, '/system/menu', '127.0.0.1', '内网IP', '{\"visible\":\"0\",\"icon\":\"guide\",\"orderNum\":\"11\",\"menuName\":\"单据查询\",\"params\":{},\"parentId\":0,\"path\":\"bill\",\"children\":[],\"createTime\":1521171180000,\"updateBy\":\"admin\",\"isFrame\":\"1\",\"menuId\":4,\"menuType\":\"M\",\"perms\":\"\",\"status\":\"1\"}', '{\"msg\":\"操作成功\",\"code\":200}', 0, NULL, '2020-05-17 07:14:50');
INSERT INTO `sys_oper_log` VALUES (188, '菜单管理', 2, 'com.logistic.project.system.controller.SysMenuController.edit()', 'PUT', 1, 'admin', NULL, '/system/menu', '127.0.0.1', '内网IP', '{\"visible\":\"0\",\"icon\":\"guide\",\"orderNum\":\"11\",\"menuName\":\"单据查询\",\"params\":{},\"parentId\":0,\"path\":\"bill\",\"children\":[],\"createTime\":1521171180000,\"updateBy\":\"admin\",\"isFrame\":\"1\",\"menuId\":4,\"menuType\":\"M\",\"perms\":\"\",\"status\":\"0\"}', '{\"msg\":\"操作成功\",\"code\":200}', 0, NULL, '2020-05-17 07:15:00');
INSERT INTO `sys_oper_log` VALUES (189, '菜单管理', 2, 'com.logistic.project.system.controller.SysMenuController.edit()', 'PUT', 1, 'admin', NULL, '/system/menu', '127.0.0.1', '内网IP', '{\"visible\":\"0\",\"icon\":\"user\",\"orderNum\":\"2\",\"menuName\":\"客户单据\",\"params\":{},\"parentId\":4,\"path\":\"customorder\",\"component\":\"system/customorder/index\",\"children\":[],\"createTime\":1589338341000,\"updateBy\":\"admin\",\"isFrame\":\"1\",\"menuId\":1073,\"menuType\":\"C\",\"perms\":\"system:customorder:list\",\"status\":\"0\"}', '{\"msg\":\"操作成功\",\"code\":200}', 0, NULL, '2020-05-17 07:15:25');
INSERT INTO `sys_oper_log` VALUES (190, '菜单管理', 2, 'com.logistic.project.system.controller.SysMenuController.edit()', 'PUT', 1, 'admin', NULL, '/system/menu', '127.0.0.1', '内网IP', '{\"visible\":\"0\",\"icon\":\"search\",\"orderNum\":\"6\",\"menuName\":\"到货单据\",\"params\":{},\"parentId\":4,\"path\":\"shippingdoc\",\"component\":\"system/shippingdoc/index\",\"children\":[],\"createTime\":1588828594000,\"updateBy\":\"admin\",\"isFrame\":\"1\",\"menuId\":1070,\"menuType\":\"C\",\"perms\":\"system:shippingdoc:list\",\"status\":\"0\"}', '{\"msg\":\"操作成功\",\"code\":200}', 0, NULL, '2020-05-17 07:15:32');
INSERT INTO `sys_oper_log` VALUES (191, '菜单管理', 1, 'com.logistic.project.system.controller.SysMenuController.add()', 'POST', 1, 'admin', NULL, '/system/menu', '127.0.0.1', '内网IP', '{\"visible\":\"0\",\"icon\":\"shopping\",\"orderNum\":\"4\",\"menuName\":\"采购管理\",\"params\":{},\"parentId\":0,\"path\":\"purchase\",\"createBy\":\"admin\",\"children\":[],\"isFrame\":\"1\",\"menuType\":\"M\",\"status\":\"0\"}', '{\"msg\":\"操作成功\",\"code\":200}', 0, NULL, '2020-05-17 07:19:01');
INSERT INTO `sys_oper_log` VALUES (192, '菜单管理', 2, 'com.logistic.project.system.controller.SysMenuController.edit()', 'PUT', 1, 'admin', NULL, '/system/menu', '127.0.0.1', '内网IP', '{\"visible\":\"0\",\"icon\":\"peoples\",\"orderNum\":\"2\",\"menuName\":\"供应商管理\",\"params\":{},\"parentId\":1078,\"path\":\"provider\",\"component\":\"system/provider/index\",\"children\":[],\"createTime\":1587715967000,\"updateBy\":\"admin\",\"isFrame\":\"1\",\"menuId\":1065,\"menuType\":\"C\",\"perms\":\"system:provider:list\",\"status\":\"0\"}', '{\"msg\":\"操作成功\",\"code\":200}', 0, NULL, '2020-05-17 09:33:46');
INSERT INTO `sys_oper_log` VALUES (193, '菜单管理', 2, 'com.logistic.project.system.controller.SysMenuController.edit()', 'PUT', 1, 'admin', NULL, '/system/menu', '127.0.0.1', '内网IP', '{\"visible\":\"0\",\"icon\":\"edit\",\"orderNum\":\"4\",\"menuName\":\"库存管理\",\"params\":{},\"parentId\":0,\"path\":\"doc\",\"children\":[],\"createTime\":1589266817000,\"updateBy\":\"admin\",\"isFrame\":\"1\",\"menuId\":1072,\"menuType\":\"M\",\"perms\":\"\",\"status\":\"0\"}', '{\"msg\":\"操作成功\",\"code\":200}', 0, NULL, '2020-05-17 09:37:16');
INSERT INTO `sys_oper_log` VALUES (194, '菜单管理', 1, 'com.logistic.project.system.controller.SysMenuController.add()', 'POST', 1, 'admin', NULL, '/system/menu', '127.0.0.1', '内网IP', '{\"visible\":\"0\",\"icon\":\"example\",\"orderNum\":\"5\",\"menuName\":\"配送运输\",\"params\":{},\"parentId\":0,\"path\":\"peisong\",\"createBy\":\"admin\",\"children\":[],\"isFrame\":\"1\",\"menuType\":\"M\",\"status\":\"0\"}', '{\"msg\":\"操作成功\",\"code\":200}', 0, NULL, '2020-05-17 09:39:05');
INSERT INTO `sys_oper_log` VALUES (195, '菜单管理', 2, 'com.logistic.project.system.controller.SysMenuController.edit()', 'PUT', 1, 'admin', NULL, '/system/menu', '127.0.0.1', '内网IP', '{\"visible\":\"0\",\"icon\":\"drag\",\"orderNum\":\"6\",\"menuName\":\"配送任务\",\"params\":{},\"parentId\":1079,\"path\":\"delivery\",\"component\":\"system/delivery/index\",\"children\":[],\"createTime\":1588825937000,\"updateBy\":\"admin\",\"isFrame\":\"1\",\"menuId\":1069,\"menuType\":\"C\",\"perms\":\"system:delivery:list\",\"status\":\"0\"}', '{\"msg\":\"操作成功\",\"code\":200}', 0, NULL, '2020-05-17 11:10:18');
INSERT INTO `sys_oper_log` VALUES (196, '菜单管理', 2, 'com.logistic.project.system.controller.SysMenuController.edit()', 'PUT', 1, 'admin', NULL, '/system/menu', '127.0.0.1', '内网IP', '{\"visible\":\"0\",\"icon\":\"example\",\"orderNum\":\"5\",\"menuName\":\"配送运输\",\"params\":{},\"parentId\":0,\"path\":\"delivery\",\"children\":[],\"createTime\":1589679545000,\"updateBy\":\"admin\",\"isFrame\":\"1\",\"menuId\":1079,\"menuType\":\"M\",\"perms\":\"\",\"status\":\"0\"}', '{\"msg\":\"操作成功\",\"code\":200}', 0, NULL, '2020-05-17 11:12:27');
INSERT INTO `sys_oper_log` VALUES (197, '菜单管理', 1, 'com.logistic.project.system.controller.SysMenuController.add()', 'POST', 1, 'admin', NULL, '/system/menu', '127.0.0.1', '内网IP', '{\"visible\":\"0\",\"icon\":\"nested\",\"orderNum\":\"2\",\"menuName\":\"采购申请\",\"params\":{},\"parentId\":1078,\"path\":\"purchase\",\"component\":\"system/purchase/index\",\"createBy\":\"admin\",\"children\":[],\"isFrame\":\"1\",\"menuType\":\"C\",\"perms\":\"system:purchase:list\",\"status\":\"0\"}', '{\"msg\":\"操作成功\",\"code\":200}', 0, NULL, '2020-05-17 11:17:20');
INSERT INTO `sys_oper_log` VALUES (198, '菜单管理', 1, 'com.logistic.project.system.controller.SysMenuController.add()', 'POST', 1, 'admin', NULL, '/system/menu', '127.0.0.1', '内网IP', '{\"visible\":\"0\",\"icon\":\"theme\",\"orderNum\":\"6\",\"menuName\":\"入库管理\",\"params\":{},\"parentId\":0,\"path\":\"warehousing\",\"createBy\":\"admin\",\"children\":[],\"isFrame\":\"1\",\"menuType\":\"M\",\"status\":\"0\"}', '{\"msg\":\"操作成功\",\"code\":200}', 0, NULL, '2020-05-17 11:20:08');
INSERT INTO `sys_oper_log` VALUES (199, '代码生成', 6, 'com.logistic.project.tool.gen.controller.GenController.importTableSave()', 'POST', 1, 'admin', NULL, '/tool/gen/importTable', '127.0.0.1', '内网IP', 'bus_purchase', '{\"msg\":\"操作成功\",\"code\":200}', 0, NULL, '2020-05-17 11:30:08');
INSERT INTO `sys_oper_log` VALUES (200, '菜单管理', 2, 'com.logistic.project.system.controller.SysMenuController.edit()', 'PUT', 1, 'admin', NULL, '/system/menu', '127.0.0.1', '内网IP', '{\"visible\":\"0\",\"icon\":\"dict\",\"orderNum\":\"6\",\"menuName\":\"字典管理\",\"params\":{},\"parentId\":1,\"path\":\"dict\",\"component\":\"system/dict/index\",\"children\":[],\"createTime\":1521171180000,\"updateBy\":\"admin\",\"isFrame\":\"1\",\"menuId\":105,\"menuType\":\"C\",\"perms\":\"system:dict:list\",\"status\":\"0\"}', '{\"msg\":\"操作成功\",\"code\":200}', 0, NULL, '2020-05-17 11:31:08');
INSERT INTO `sys_oper_log` VALUES (201, '字典类型', 1, 'com.logistic.project.system.controller.SysDictTypeController.add()', 'POST', 1, 'admin', NULL, '/system/dict/type', '127.0.0.1', '内网IP', '{\"params\":{},\"dictType\":\"sys_purchase_state\",\"createBy\":\"admin\",\"dictName\":\"采购状态\",\"status\":\"0\"}', '{\"msg\":\"操作成功\",\"code\":200}', 0, NULL, '2020-05-17 11:32:57');
INSERT INTO `sys_oper_log` VALUES (202, '字典数据', 1, 'com.logistic.project.system.controller.SysDictDataController.add()', 'POST', 1, 'admin', NULL, '/system/dict/data', '127.0.0.1', '内网IP', '{\"dictValue\":\"purchase\",\"dictSort\":0,\"params\":{},\"dictType\":\"sys_purchase_state\",\"dictLabel\":\"已采购\",\"createBy\":\"admin\",\"default\":false,\"status\":\"0\"}', '{\"msg\":\"操作成功\",\"code\":200}', 0, NULL, '2020-05-17 11:34:16');
INSERT INTO `sys_oper_log` VALUES (203, '字典数据', 2, 'com.logistic.project.system.controller.SysDictDataController.edit()', 'PUT', 1, 'admin', NULL, '/system/dict/data', '127.0.0.1', '内网IP', '{\"dictValue\":\"已采购\",\"dictSort\":0,\"params\":{},\"dictType\":\"sys_purchase_state\",\"dictLabel\":\"已采购\",\"createBy\":\"admin\",\"default\":false,\"isDefault\":\"N\",\"createTime\":1589686456000,\"dictCode\":31,\"updateBy\":\"admin\",\"status\":\"0\"}', '{\"msg\":\"操作成功\",\"code\":200}', 0, NULL, '2020-05-17 11:34:22');
INSERT INTO `sys_oper_log` VALUES (204, '字典数据', 1, 'com.logistic.project.system.controller.SysDictDataController.add()', 'POST', 1, 'admin', NULL, '/system/dict/data', '127.0.0.1', '内网IP', '{\"dictValue\":\"未采购\",\"dictSort\":1,\"params\":{},\"dictType\":\"sys_purchase_state\",\"dictLabel\":\"未采购\",\"createBy\":\"admin\",\"default\":false,\"status\":\"0\"}', '{\"msg\":\"操作成功\",\"code\":200}', 0, NULL, '2020-05-17 11:34:55');
INSERT INTO `sys_oper_log` VALUES (205, '字典数据', 2, 'com.logistic.project.system.controller.SysDictDataController.edit()', 'PUT', 1, 'admin', NULL, '/system/dict/data', '127.0.0.1', '内网IP', '{\"dictValue\":\"0\",\"dictSort\":0,\"params\":{},\"dictType\":\"sys_purchase_state\",\"dictLabel\":\"已采购\",\"createBy\":\"admin\",\"default\":false,\"isDefault\":\"N\",\"createTime\":1589686456000,\"dictCode\":31,\"updateBy\":\"admin\",\"status\":\"0\"}', '{\"msg\":\"操作成功\",\"code\":200}', 0, NULL, '2020-05-17 11:36:09');
INSERT INTO `sys_oper_log` VALUES (206, '字典数据', 2, 'com.logistic.project.system.controller.SysDictDataController.edit()', 'PUT', 1, 'admin', NULL, '/system/dict/data', '127.0.0.1', '内网IP', '{\"dictValue\":\"1\",\"dictSort\":1,\"params\":{},\"dictType\":\"sys_purchase_state\",\"dictLabel\":\"未采购\",\"createBy\":\"admin\",\"default\":false,\"isDefault\":\"N\",\"createTime\":1589686495000,\"dictCode\":32,\"updateBy\":\"admin\",\"status\":\"0\"}', '{\"msg\":\"操作成功\",\"code\":200}', 0, NULL, '2020-05-17 11:36:16');
INSERT INTO `sys_oper_log` VALUES (207, '代码生成', 3, 'com.logistic.project.tool.gen.controller.GenController.remove()', 'DELETE', 1, 'admin', NULL, '/tool/gen/22', '127.0.0.1', '内网IP', '{tableIds=22}', '{\"msg\":\"操作成功\",\"code\":200}', 0, NULL, '2020-05-17 11:36:44');
INSERT INTO `sys_oper_log` VALUES (208, '代码生成', 6, 'com.logistic.project.tool.gen.controller.GenController.importTableSave()', 'POST', 1, 'admin', NULL, '/tool/gen/importTable', '127.0.0.1', '内网IP', 'bus_purchase', '{\"msg\":\"操作成功\",\"code\":200}', 0, NULL, '2020-05-17 11:36:48');
INSERT INTO `sys_oper_log` VALUES (209, '代码生成', 2, 'com.logistic.project.tool.gen.controller.GenController.editSave()', 'PUT', 1, 'admin', NULL, '/tool/gen', '127.0.0.1', '内网IP', '{\"functionAuthor\":\"mg\",\"columns\":[{\"usableColumn\":false,\"columnId\":232,\"isIncrement\":\"1\",\"increment\":true,\"insert\":false,\"dictType\":\"\",\"required\":false,\"superColumn\":false,\"updateBy\":\"\",\"javaField\":\"id\",\"htmlType\":\"input\",\"edit\":false,\"query\":false,\"sort\":1,\"list\":false,\"params\":{},\"javaType\":\"Long\",\"queryType\":\"EQ\",\"columnType\":\"int(11)\",\"createBy\":\"admin\",\"isPk\":\"1\",\"createTime\":1589686608000,\"tableId\":23,\"pk\":true,\"columnName\":\"id\"},{\"usableColumn\":false,\"columnId\":233,\"isIncrement\":\"0\",\"increment\":false,\"insert\":true,\"isList\":\"1\",\"dictType\":\"\",\"required\":false,\"superColumn\":false,\"updateBy\":\"\",\"isInsert\":\"1\",\"javaField\":\"purchaseNum\",\"htmlType\":\"input\",\"edit\":true,\"query\":true,\"columnComment\":\"采购申请单编号\",\"isQuery\":\"1\",\"sort\":2,\"list\":true,\"params\":{},\"javaType\":\"String\",\"queryType\":\"LIKE\",\"columnType\":\"varchar(30)\",\"createBy\":\"admin\",\"isPk\":\"0\",\"createTime\":1589686608000,\"isEdit\":\"1\",\"tableId\":23,\"pk\":false,\"columnName\":\"purchase_num\"},{\"usableColumn\":false,\"columnId\":234,\"isIncrement\":\"0\",\"increment\":false,\"insert\":true,\"isList\":\"1\",\"dictType\":\"\",\"required\":false,\"superColumn\":false,\"updateBy\":\"\",\"isInsert\":\"1\",\"javaField\":\"purchaseDate\",\"htmlType\":\"datetime\",\"edit\":true,\"query\":true,\"columnComment\":\"申请日期\",\"isQuery\":\"1\",\"sort\":3,\"list\":true,\"params\":{},\"javaType\":\"Date\",\"queryType\":\"LTE\",\"columnType\":\"date\",\"createBy\":\"admin\",\"isPk\":\"0\",\"createTime\":1589686608000,\"isEdit\":\"1\",\"tableId\":23,\"pk\":false,\"columnName\":\"purchase_date\"},{\"usableColumn\":false,\"columnId\":235,\"isIncrement\":\"0\",\"increment\":false,\"insert\":true,\"isList\":\"1\",\"dictType\":\"\",\"required\":false,\"superColumn\":false,\"updateBy\":\"\",\"isInsert\":\"1\",\"javaField\":\"completeDate\",\"htmlType\":\"datetime\",\"edit\":true,\"query\":true,\"columnComment\":\"完成日期\",\"isQuery\":\"1\",\"sort\":4,\"list\":true,\"params\":{},\"javaType\":\"Date\",\"queryType\":\"LTE\",\"columnType\":\"date\",\"createBy\":\"admin\",\"isPk\":\"0\",\"createTime\":1589686608000,\"isEdit\":\"1\",\"tableId\":23,\"pk\":false,\"columnName\":\"complete_date\"},{\"usableColumn\":false,\"columnId\":236,\"is', '{\"msg\":\"操作成功\",\"code\":200}', 0, NULL, '2020-05-17 11:38:50');
INSERT INTO `sys_oper_log` VALUES (210, '代码生成', 8, 'com.logistic.project.tool.gen.controller.GenController.batchGenCode()', 'GET', 1, 'admin', NULL, '/tool/gen/batchGenCode', '127.0.0.1', '内网IP', '{}', 'null', 0, NULL, '2020-05-17 11:38:58');
INSERT INTO `sys_oper_log` VALUES (211, '采购申请', 1, 'com.logistic.project.system.controller.BusPurchaseController.add()', 'POST', 1, 'admin', NULL, '/system/purchase', '127.0.0.1', '内网IP', '{\"purchaseDate\":1588780800000,\"params\":{},\"completeDate\":1590595200000,\"person\":\"mage\",\"id\":1,\"purchaseNum\":\"CGSQ001\"}', '{\"msg\":\"操作成功\",\"code\":200}', 0, NULL, '2020-05-17 11:42:10');
INSERT INTO `sys_oper_log` VALUES (212, '字典数据', 2, 'com.logistic.project.system.controller.SysDictDataController.edit()', 'PUT', 1, 'admin', NULL, '/system/dict/data', '127.0.0.1', '内网IP', '{\"dictValue\":\"0\",\"dictSort\":0,\"params\":{},\"dictType\":\"sys_purchase_state\",\"dictLabel\":\"未采购\",\"createBy\":\"admin\",\"default\":false,\"isDefault\":\"N\",\"createTime\":1589686456000,\"dictCode\":31,\"updateBy\":\"admin\",\"status\":\"0\"}', '{\"msg\":\"操作成功\",\"code\":200}', 0, NULL, '2020-05-17 11:45:07');
INSERT INTO `sys_oper_log` VALUES (213, '字典数据', 2, 'com.logistic.project.system.controller.SysDictDataController.edit()', 'PUT', 1, 'admin', NULL, '/system/dict/data', '127.0.0.1', '内网IP', '{\"dictValue\":\"1\",\"dictSort\":1,\"params\":{},\"dictType\":\"sys_purchase_state\",\"dictLabel\":\"已采购\",\"createBy\":\"admin\",\"default\":false,\"isDefault\":\"N\",\"createTime\":1589686495000,\"dictCode\":32,\"updateBy\":\"admin\",\"status\":\"0\"}', '{\"msg\":\"操作成功\",\"code\":200}', 0, NULL, '2020-05-17 11:45:17');
INSERT INTO `sys_oper_log` VALUES (214, '菜单管理', 1, 'com.logistic.project.system.controller.SysMenuController.add()', 'POST', 1, 'admin', NULL, '/system/menu', '127.0.0.1', '内网IP', '{\"visible\":\"0\",\"icon\":\"star\",\"orderNum\":\"7\",\"menuName\":\"出库管理\",\"params\":{},\"parentId\":0,\"path\":\"outbound\",\"createBy\":\"admin\",\"children\":[],\"isFrame\":\"1\",\"menuType\":\"M\",\"status\":\"0\"}', '{\"msg\":\"操作成功\",\"code\":200}', 0, NULL, '2020-05-17 11:47:27');
INSERT INTO `sys_oper_log` VALUES (215, '配送运输', 2, 'com.logistic.project.system.controller.BusDeliveryController.edit()', 'PUT', 1, 'admin', NULL, '/system/delivery', '127.0.0.1', '内网IP', '{\"address\":\"高新区\",\"deliveryPerson\":\"超级玛丽\",\"deliveryTime\":1588780800000,\"goodsid\":1,\"params\":{},\"operator\":\"mmy\",\"id\":1}', '{\"msg\":\"操作成功\",\"code\":200}', 0, NULL, '2020-05-17 11:54:16');
INSERT INTO `sys_oper_log` VALUES (216, '商品', 2, 'com.logistic.project.system.controller.BusGoodsController.edit()', 'PUT', 1, 'admin', NULL, '/system/goods', '127.0.0.1', '内网IP', '{\"dangernum\":10,\"productcode\":\"PH12345\",\"available\":1,\"description\":\"小孩子都爱的\",\"goodsname\":\"娃哈哈\",\"number\":489,\"price\":2.0,\"id\":1,\"goodsimg\":\"2018-12-25/userface1.jpg\",\"produceplace\":\"武汉\",\"params\":{},\"goodspackage\":\"瓶\",\"size\":\"120ML\",\"providerid\":3,\"promitcode\":\"PZ1234\"}', '{\"msg\":\"操作成功\",\"code\":200}', 0, NULL, '2020-05-17 11:56:14');
INSERT INTO `sys_oper_log` VALUES (217, '商品', 2, 'com.logistic.project.system.controller.BusGoodsController.edit()', 'PUT', 1, 'admin', NULL, '/system/goods', '127.0.0.1', '内网IP', '{\"dangernum\":10,\"productcode\":\"PH12345\",\"available\":1,\"description\":\"小孩子都爱的\",\"goodsname\":\"娃哈哈\",\"number\":489,\"price\":2.0,\"id\":1,\"goodsimg\":\"2018-12-25/userface1.jpg\",\"produceplace\":\"武汉\",\"params\":{},\"goodspackage\":\"瓶\",\"size\":\"120ML\",\"providerid\":3,\"promitcode\":\"PZ1234\"}', '{\"msg\":\"操作成功\",\"code\":200}', 0, NULL, '2020-05-17 11:56:14');
INSERT INTO `sys_oper_log` VALUES (218, '菜单管理', 2, 'com.logistic.project.system.controller.SysMenuController.edit()', 'PUT', 1, 'admin', NULL, '/system/menu', '127.0.0.1', '内网IP', '{\"visible\":\"0\",\"icon\":\"shopping\",\"orderNum\":\"4\",\"menuName\":\"采购入库\",\"params\":{},\"parentId\":1081,\"path\":\"inport\",\"component\":\"system/inport/index\",\"children\":[],\"createTime\":1587716353000,\"updateBy\":\"admin\",\"isFrame\":\"1\",\"menuId\":1066,\"menuType\":\"C\",\"perms\":\"system:inport:list\",\"status\":\"0\"}', '{\"msg\":\"操作成功\",\"code\":200}', 0, NULL, '2020-05-17 11:57:50');
INSERT INTO `sys_oper_log` VALUES (219, '菜单管理', 2, 'com.logistic.project.system.controller.SysMenuController.edit()', 'PUT', 1, 'admin', NULL, '/system/menu', '127.0.0.1', '内网IP', '{\"visible\":\"0\",\"icon\":\"shopping\",\"orderNum\":\"6\",\"menuName\":\"物料出库\",\"params\":{},\"parentId\":1082,\"path\":\"outport\",\"component\":\"system/outport/index\",\"children\":[],\"createTime\":1588824186000,\"updateBy\":\"admin\",\"isFrame\":\"1\",\"menuId\":1068,\"menuType\":\"C\",\"perms\":\"system:outport:list\",\"status\":\"0\"}', '{\"msg\":\"操作成功\",\"code\":200}', 0, NULL, '2020-05-17 12:08:28');
INSERT INTO `sys_oper_log` VALUES (220, '代码生成', 2, 'com.logistic.project.tool.gen.controller.GenController.editSave()', 'PUT', 1, 'admin', NULL, '/tool/gen', '127.0.0.1', '内网IP', '{\"functionAuthor\":\"mg\",\"columns\":[{\"usableColumn\":false,\"columnId\":208,\"isIncrement\":\"1\",\"increment\":true,\"insert\":false,\"dictType\":\"\",\"required\":false,\"superColumn\":false,\"updateBy\":\"\",\"javaField\":\"id\",\"htmlType\":\"input\",\"edit\":false,\"query\":false,\"columnComment\":\"id\",\"updateTime\":1589338062000,\"sort\":1,\"list\":false,\"params\":{},\"javaType\":\"Long\",\"queryType\":\"EQ\",\"columnType\":\"int(11)\",\"createBy\":\"admin\",\"isPk\":\"1\",\"createTime\":1589337989000,\"tableId\":19,\"pk\":true,\"columnName\":\"id\"},{\"usableColumn\":false,\"columnId\":209,\"isIncrement\":\"0\",\"increment\":false,\"insert\":true,\"isList\":\"1\",\"dictType\":\"\",\"required\":false,\"superColumn\":false,\"updateBy\":\"\",\"isInsert\":\"1\",\"javaField\":\"custName\",\"htmlType\":\"input\",\"edit\":true,\"query\":true,\"columnComment\":\"客户名称\",\"isQuery\":\"1\",\"updateTime\":1589338062000,\"sort\":2,\"list\":true,\"params\":{},\"javaType\":\"String\",\"queryType\":\"LIKE\",\"columnType\":\"varchar(20)\",\"createBy\":\"admin\",\"isPk\":\"0\",\"createTime\":1589337989000,\"isEdit\":\"1\",\"tableId\":19,\"pk\":false,\"columnName\":\"cust_name\"},{\"usableColumn\":false,\"columnId\":210,\"isIncrement\":\"0\",\"increment\":false,\"insert\":true,\"isList\":\"1\",\"dictType\":\"\",\"required\":false,\"superColumn\":false,\"updateBy\":\"\",\"isInsert\":\"1\",\"javaField\":\"orderDate\",\"htmlType\":\"datetime\",\"edit\":true,\"query\":true,\"columnComment\":\"订单日期\",\"isQuery\":\"1\",\"updateTime\":1589338062000,\"sort\":3,\"list\":true,\"params\":{},\"javaType\":\"Date\",\"queryType\":\"LTE\",\"columnType\":\"date\",\"createBy\":\"admin\",\"isPk\":\"0\",\"createTime\":1589337989000,\"isEdit\":\"1\",\"tableId\":19,\"pk\":false,\"columnName\":\"order_date\"},{\"usableColumn\":false,\"columnId\":211,\"isIncrement\":\"0\",\"increment\":false,\"insert\":true,\"isList\":\"1\",\"dictType\":\"\",\"required\":false,\"superColumn\":false,\"updateBy\":\"\",\"isInsert\":\"1\",\"javaField\":\"orderType\",\"htmlType\":\"select\",\"edit\":true,\"query\":true,\"columnComment\":\"订单类型\",\"isQuery\":\"1\",\"updateTime\":1589338062000,\"sort\":4,\"list\":true,\"params\":{},\"javaType\":\"String\",\"queryType\":\"EQ\",\"columnType\":\"varchar(10)\",\"createBy\":\"admin\",\"isPk\":\"0\",\"createTime\":1589', '{\"msg\":\"操作成功\",\"code\":200}', 0, NULL, '2020-05-17 12:57:18');
INSERT INTO `sys_oper_log` VALUES (221, '代码生成', 8, 'com.logistic.project.tool.gen.controller.GenController.batchGenCode()', 'GET', 1, 'admin', NULL, '/tool/gen/batchGenCode', '127.0.0.1', '内网IP', '{}', 'null', 0, NULL, '2020-05-17 12:57:24');
INSERT INTO `sys_oper_log` VALUES (222, '客户订单查询', 1, 'com.logistic.project.system.controller.BusCustomorderController.add()', 'POST', 1, 'admin', NULL, '/system/customorder', '127.0.0.1', '内网IP', '{\"orderType\":\"国内\",\"custName\":\"中兴\",\"params\":{},\"payType\":\"0\",\"id\":2,\"state\":\"0\",\"orderDate\":1589212800000}', '{\"msg\":\"操作成功\",\"code\":200}', 0, NULL, '2020-05-17 13:03:52');
INSERT INTO `sys_oper_log` VALUES (223, '代码生成', 2, 'com.logistic.project.tool.gen.controller.GenController.editSave()', 'PUT', 1, 'admin', NULL, '/tool/gen', '127.0.0.1', '内网IP', '{\"functionAuthor\":\"nuoyi\",\"columns\":[{\"usableColumn\":false,\"columnId\":195,\"isIncrement\":\"1\",\"increment\":true,\"insert\":false,\"dictType\":\"\",\"required\":false,\"superColumn\":false,\"updateBy\":\"\",\"javaField\":\"id\",\"htmlType\":\"input\",\"edit\":false,\"query\":false,\"columnComment\":\"id\",\"updateTime\":1588829486000,\"sort\":1,\"list\":false,\"params\":{},\"javaType\":\"Long\",\"queryType\":\"EQ\",\"columnType\":\"int(11)\",\"createBy\":\"admin\",\"isPk\":\"1\",\"createTime\":1588829306000,\"tableId\":17,\"pk\":true,\"columnName\":\"id\"},{\"usableColumn\":false,\"columnId\":196,\"isIncrement\":\"0\",\"increment\":false,\"insert\":true,\"isList\":\"1\",\"dictType\":\"\",\"required\":false,\"superColumn\":false,\"updateBy\":\"\",\"isInsert\":\"1\",\"javaField\":\"goodsid\",\"htmlType\":\"input\",\"edit\":true,\"query\":true,\"columnComment\":\"商品\",\"isQuery\":\"1\",\"updateTime\":1588829486000,\"sort\":2,\"list\":true,\"params\":{},\"javaType\":\"Long\",\"queryType\":\"EQ\",\"columnType\":\"int(11)\",\"createBy\":\"admin\",\"isPk\":\"0\",\"createTime\":1588829306000,\"isEdit\":\"1\",\"tableId\":17,\"pk\":false,\"columnName\":\"goodsid\"},{\"usableColumn\":false,\"columnId\":197,\"isIncrement\":\"0\",\"increment\":false,\"insert\":true,\"isList\":\"1\",\"dictType\":\"\",\"required\":false,\"superColumn\":false,\"updateBy\":\"\",\"isInsert\":\"1\",\"javaField\":\"shippingTime\",\"htmlType\":\"datetime\",\"edit\":true,\"query\":true,\"columnComment\":\"到货时间\",\"isQuery\":\"1\",\"updateTime\":1588829486000,\"sort\":3,\"list\":true,\"params\":{},\"javaType\":\"Date\",\"queryType\":\"EQ\",\"columnType\":\"datetime\",\"createBy\":\"admin\",\"isPk\":\"0\",\"createTime\":1588829306000,\"isEdit\":\"1\",\"tableId\":17,\"pk\":false,\"columnName\":\"shipping_time\"},{\"usableColumn\":false,\"columnId\":198,\"isIncrement\":\"0\",\"increment\":false,\"insert\":true,\"isList\":\"1\",\"dictType\":\"\",\"required\":false,\"superColumn\":false,\"updateBy\":\"\",\"isInsert\":\"1\",\"javaField\":\"cgy\",\"htmlType\":\"input\",\"edit\":true,\"query\":false,\"columnComment\":\"仓管员\",\"updateTime\":1588829486000,\"sort\":4,\"list\":true,\"params\":{},\"javaType\":\"String\",\"queryType\":\"EQ\",\"columnType\":\"varchar(20)\",\"createBy\":\"admin\",\"isPk\":\"0\",\"createTime\":1588829306000,\"isEdit\":\"1\"', '{\"msg\":\"操作成功\",\"code\":200}', 0, NULL, '2020-05-17 13:05:26');
INSERT INTO `sys_oper_log` VALUES (224, '代码生成', 8, 'com.logistic.project.tool.gen.controller.GenController.batchGenCode()', 'GET', 1, 'admin', NULL, '/tool/gen/batchGenCode', '127.0.0.1', '内网IP', '{}', 'null', 0, NULL, '2020-05-17 13:05:32');
INSERT INTO `sys_oper_log` VALUES (225, '代码生成', 3, 'com.logistic.project.tool.gen.controller.GenController.remove()', 'DELETE', 1, 'admin', NULL, '/tool/gen/17', '127.0.0.1', '内网IP', '{tableIds=17}', '{\"msg\":\"操作成功\",\"code\":200}', 0, NULL, '2020-05-17 13:13:37');
INSERT INTO `sys_oper_log` VALUES (226, '代码生成', 6, 'com.logistic.project.tool.gen.controller.GenController.importTableSave()', 'POST', 1, 'admin', NULL, '/tool/gen/importTable', '127.0.0.1', '内网IP', 'shippingdoc', '{\"msg\":\"操作成功\",\"code\":200}', 0, NULL, '2020-05-17 13:13:42');
INSERT INTO `sys_oper_log` VALUES (227, '代码生成', 2, 'com.logistic.project.tool.gen.controller.GenController.editSave()', 'PUT', 1, 'admin', NULL, '/tool/gen', '127.0.0.1', '内网IP', '{\"functionAuthor\":\"mg\",\"columns\":[{\"usableColumn\":false,\"columnId\":238,\"isIncrement\":\"1\",\"increment\":true,\"insert\":false,\"dictType\":\"\",\"required\":false,\"superColumn\":false,\"updateBy\":\"\",\"javaField\":\"id\",\"htmlType\":\"input\",\"edit\":false,\"query\":false,\"columnComment\":\"id\",\"sort\":1,\"list\":false,\"params\":{},\"javaType\":\"Long\",\"queryType\":\"EQ\",\"columnType\":\"int(11)\",\"createBy\":\"admin\",\"isPk\":\"1\",\"createTime\":1589692422000,\"tableId\":24,\"pk\":true,\"columnName\":\"id\"},{\"usableColumn\":false,\"columnId\":239,\"isIncrement\":\"0\",\"increment\":false,\"insert\":true,\"isList\":\"1\",\"dictType\":\"\",\"required\":false,\"superColumn\":false,\"updateBy\":\"\",\"isInsert\":\"1\",\"javaField\":\"goodsid\",\"htmlType\":\"select\",\"edit\":true,\"query\":true,\"columnComment\":\"商品\",\"isQuery\":\"1\",\"sort\":2,\"list\":true,\"params\":{},\"javaType\":\"Long\",\"queryType\":\"LIKE\",\"columnType\":\"int(11)\",\"createBy\":\"admin\",\"isPk\":\"0\",\"createTime\":1589692422000,\"isEdit\":\"1\",\"tableId\":24,\"pk\":false,\"columnName\":\"goodsid\"},{\"usableColumn\":false,\"columnId\":240,\"isIncrement\":\"0\",\"increment\":false,\"insert\":true,\"isList\":\"1\",\"dictType\":\"\",\"required\":false,\"superColumn\":false,\"updateBy\":\"\",\"isInsert\":\"1\",\"javaField\":\"shippingTime\",\"htmlType\":\"datetime\",\"edit\":true,\"query\":true,\"columnComment\":\"到货时间\",\"isQuery\":\"1\",\"sort\":3,\"list\":true,\"params\":{},\"javaType\":\"Date\",\"queryType\":\"EQ\",\"columnType\":\"datetime\",\"createBy\":\"admin\",\"isPk\":\"0\",\"createTime\":1589692422000,\"isEdit\":\"1\",\"tableId\":24,\"pk\":false,\"columnName\":\"shipping_time\"},{\"usableColumn\":false,\"columnId\":241,\"isIncrement\":\"0\",\"increment\":false,\"insert\":true,\"isList\":\"1\",\"dictType\":\"\",\"required\":false,\"superColumn\":false,\"updateBy\":\"\",\"isInsert\":\"1\",\"javaField\":\"cgy\",\"htmlType\":\"input\",\"edit\":true,\"query\":false,\"columnComment\":\"仓管员\",\"sort\":4,\"list\":true,\"params\":{},\"javaType\":\"String\",\"queryType\":\"EQ\",\"columnType\":\"varchar(20)\",\"createBy\":\"admin\",\"isPk\":\"0\",\"createTime\":1589692422000,\"isEdit\":\"1\",\"tableId\":24,\"pk\":false,\"columnName\":\"cgy\"},{\"usableColumn\":false,\"columnId\":242,\"isIncrement\":\"0\",\"increme', '{\"msg\":\"操作成功\",\"code\":200}', 0, NULL, '2020-05-17 13:14:49');
INSERT INTO `sys_oper_log` VALUES (228, '代码生成', 8, 'com.logistic.project.tool.gen.controller.GenController.batchGenCode()', 'GET', 1, 'admin', NULL, '/tool/gen/batchGenCode', '127.0.0.1', '内网IP', '{}', 'null', 0, NULL, '2020-05-17 13:14:56');
INSERT INTO `sys_oper_log` VALUES (229, '客户单据', 1, 'com.logistic.project.system.controller.ShippingdocController.add()', 'POST', 1, 'admin', NULL, '/system/shippingdoc', '127.0.0.1', '内网IP', '{\"params\":{},\"warehouse\":\"三号仓库\",\"operator\":\"admn\",\"cgy\":\"mg\",\"shipPerson\":\"小明\",\"id\":2,\"shippingTime\":1588608000000}', '{\"msg\":\"操作成功\",\"code\":200}', 0, NULL, '2020-05-17 13:32:17');
INSERT INTO `sys_oper_log` VALUES (230, '客户单据', 3, 'com.logistic.project.system.controller.ShippingdocController.remove()', 'DELETE', 1, 'admin', NULL, '/system/shippingdoc/2', '127.0.0.1', '内网IP', '{ids=2}', '{\"msg\":\"操作成功\",\"code\":200}', 0, NULL, '2020-05-17 13:32:45');
INSERT INTO `sys_oper_log` VALUES (231, '代码生成', 3, 'com.logistic.project.tool.gen.controller.GenController.remove()', 'DELETE', 1, 'admin', NULL, '/tool/gen/6', '127.0.0.1', '内网IP', '{tableIds=6}', '{\"msg\":\"操作成功\",\"code\":200}', 0, NULL, '2020-05-17 13:37:27');
INSERT INTO `sys_oper_log` VALUES (232, '代码生成', 3, 'com.logistic.project.tool.gen.controller.GenController.remove()', 'DELETE', 1, 'admin', NULL, '/tool/gen/2', '127.0.0.1', '内网IP', '{tableIds=2}', '{\"msg\":\"操作成功\",\"code\":200}', 0, NULL, '2020-05-17 13:37:30');
INSERT INTO `sys_oper_log` VALUES (233, '代码生成', 6, 'com.logistic.project.tool.gen.controller.GenController.importTableSave()', 'POST', 1, 'admin', NULL, '/tool/gen/importTable', '127.0.0.1', '内网IP', 'bus_ck_check', '{\"msg\":\"操作成功\",\"code\":200}', 0, NULL, '2020-05-17 13:37:35');
INSERT INTO `sys_oper_log` VALUES (234, '代码生成', 2, 'com.logistic.project.tool.gen.controller.GenController.editSave()', 'PUT', 1, 'admin', NULL, '/tool/gen', '127.0.0.1', '内网IP', '{\"functionAuthor\":\"nuoyi\",\"columns\":[{\"usableColumn\":false,\"columnId\":245,\"isIncrement\":\"1\",\"increment\":true,\"insert\":false,\"dictType\":\"\",\"required\":true,\"superColumn\":false,\"updateBy\":\"\",\"isRequired\":\"1\",\"javaField\":\"id\",\"htmlType\":\"input\",\"edit\":false,\"query\":false,\"sort\":1,\"list\":false,\"params\":{},\"javaType\":\"Long\",\"queryType\":\"EQ\",\"columnType\":\"int(11)\",\"createBy\":\"admin\",\"isPk\":\"0\",\"createTime\":1589693855000,\"tableId\":25,\"pk\":false,\"columnName\":\"id\"},{\"usableColumn\":false,\"columnId\":246,\"isIncrement\":\"0\",\"increment\":false,\"insert\":true,\"isList\":\"1\",\"dictType\":\"\",\"required\":false,\"superColumn\":false,\"updateBy\":\"\",\"isInsert\":\"1\",\"javaField\":\"ckNum\",\"htmlType\":\"input\",\"edit\":true,\"query\":true,\"columnComment\":\"仓库编号\",\"isQuery\":\"1\",\"sort\":2,\"list\":true,\"params\":{},\"javaType\":\"String\",\"queryType\":\"LIKE\",\"columnType\":\"varchar(20)\",\"createBy\":\"admin\",\"isPk\":\"0\",\"createTime\":1589693855000,\"isEdit\":\"1\",\"tableId\":25,\"pk\":false,\"columnName\":\"ck_num\"},{\"usableColumn\":false,\"columnId\":247,\"isIncrement\":\"0\",\"increment\":false,\"insert\":true,\"isList\":\"1\",\"dictType\":\"\",\"required\":false,\"superColumn\":false,\"updateBy\":\"\",\"isInsert\":\"1\",\"javaField\":\"ckTemp\",\"htmlType\":\"input\",\"edit\":true,\"query\":false,\"columnComment\":\"温度\",\"sort\":3,\"list\":true,\"params\":{},\"javaType\":\"String\",\"queryType\":\"EQ\",\"columnType\":\"varchar(10)\",\"createBy\":\"admin\",\"isPk\":\"0\",\"createTime\":1589693855000,\"isEdit\":\"1\",\"tableId\":25,\"pk\":false,\"columnName\":\"ck_temp\"},{\"usableColumn\":false,\"columnId\":248,\"isIncrement\":\"0\",\"increment\":false,\"insert\":true,\"isList\":\"1\",\"dictType\":\"\",\"required\":false,\"superColumn\":false,\"updateBy\":\"\",\"isInsert\":\"1\",\"javaField\":\"checkPerson\",\"htmlType\":\"input\",\"edit\":true,\"query\":false,\"columnComment\":\"检查人\",\"sort\":4,\"list\":true,\"params\":{},\"javaType\":\"String\",\"queryType\":\"EQ\",\"columnType\":\"varchar(20)\",\"createBy\":\"admin\",\"isPk\":\"0\",\"createTime\":1589693855000,\"isEdit\":\"1\",\"tableId\":25,\"pk\":false,\"columnName\":\"check_person\"},{\"usableColumn\":false,\"columnId\":249,\"isIncrement\":\"0\",\"increment\":f', '{\"msg\":\"操作成功\",\"code\":200}', 0, NULL, '2020-05-17 13:42:56');
INSERT INTO `sys_oper_log` VALUES (235, '代码生成', 8, 'com.logistic.project.tool.gen.controller.GenController.batchGenCode()', 'GET', 1, 'admin', NULL, '/tool/gen/batchGenCode', '127.0.0.1', '内网IP', '{}', 'null', 0, NULL, '2020-05-17 13:43:01');
INSERT INTO `sys_oper_log` VALUES (236, '仓库检查', 1, 'com.logistic.project.system.controller.BusCkCheckController.add()', 'POST', 1, 'admin', NULL, '/system/check', '127.0.0.1', '内网IP', '{\"checkPerson\":\"mg\",\"ckTemp\":\"30\",\"checkDate\":1590422400000,\"params\":{},\"ckNum\":\"CK004\",\"id\":2}', '{\"msg\":\"操作成功\",\"code\":200}', 0, NULL, '2020-05-17 13:46:47');
INSERT INTO `sys_oper_log` VALUES (237, '物料报废', 1, 'com.logistic.project.system.controller.MaterialScrapController.add()', 'POST', 1, 'admin', NULL, '/system/scrap', '127.0.0.1', '内网IP', '{\"reason\":\"过期\",\"weight\":2,\"params\":{},\"specifications\":\"2×30\",\"materialNum\":\"WLBF001\",\"scrapPerson\":\"e\",\"company\":\"西景\",\"id\":2}', '{\"msg\":\"操作成功\",\"code\":200}', 0, NULL, '2020-05-17 13:48:09');
INSERT INTO `sys_oper_log` VALUES (238, '物料报废', 2, 'com.logistic.project.system.controller.MaterialScrapController.edit()', 'PUT', 1, 'admin', NULL, '/system/scrap', '127.0.0.1', '内网IP', '{\"reason\":\"生锈\",\"weight\":51,\"params\":{},\"specifications\":\"50*10*10\",\"materialNum\":\"WLBP.10\",\"scrapPerson\":\"老吴\",\"company\":\"吨\",\"id\":1}', '{\"msg\":\"操作成功\",\"code\":200}', 0, NULL, '2020-05-17 13:48:26');
INSERT INTO `sys_oper_log` VALUES (239, '代码生成', 6, 'com.logistic.project.tool.gen.controller.GenController.importTableSave()', 'POST', 1, 'admin', NULL, '/tool/gen/importTable', '127.0.0.1', '内网IP', 'bus_ruku', '{\"msg\":\"操作成功\",\"code\":200}', 0, NULL, '2020-05-17 13:56:06');
INSERT INTO `sys_oper_log` VALUES (240, '代码生成', 2, 'com.logistic.project.tool.gen.controller.GenController.editSave()', 'PUT', 1, 'admin', NULL, '/tool/gen', '127.0.0.1', '内网IP', '{\"functionAuthor\":\"nuoyi\",\"columns\":[{\"usableColumn\":false,\"columnId\":250,\"isIncrement\":\"1\",\"increment\":true,\"insert\":false,\"dictType\":\"\",\"required\":false,\"superColumn\":false,\"updateBy\":\"\",\"javaField\":\"id\",\"htmlType\":\"input\",\"edit\":false,\"query\":false,\"columnComment\":\"id\",\"sort\":1,\"list\":false,\"params\":{},\"javaType\":\"Long\",\"queryType\":\"EQ\",\"columnType\":\"int(11)\",\"createBy\":\"admin\",\"isPk\":\"1\",\"createTime\":1589694966000,\"tableId\":26,\"pk\":true,\"columnName\":\"id\"},{\"usableColumn\":false,\"columnId\":251,\"isIncrement\":\"0\",\"increment\":false,\"insert\":true,\"isList\":\"1\",\"dictType\":\"\",\"required\":false,\"superColumn\":false,\"updateBy\":\"\",\"isInsert\":\"1\",\"javaField\":\"rukuNum\",\"htmlType\":\"input\",\"edit\":true,\"query\":true,\"columnComment\":\"入库作业单\",\"isQuery\":\"1\",\"sort\":2,\"list\":true,\"params\":{},\"javaType\":\"String\",\"queryType\":\"EQ\",\"columnType\":\"varchar(30)\",\"createBy\":\"admin\",\"isPk\":\"0\",\"createTime\":1589694966000,\"isEdit\":\"1\",\"tableId\":26,\"pk\":false,\"columnName\":\"ruku_num\"},{\"usableColumn\":false,\"columnId\":252,\"isIncrement\":\"0\",\"increment\":false,\"insert\":true,\"isList\":\"1\",\"dictType\":\"\",\"required\":false,\"superColumn\":false,\"updateBy\":\"\",\"isInsert\":\"1\",\"javaField\":\"cgy\",\"htmlType\":\"input\",\"edit\":true,\"query\":true,\"columnComment\":\"仓管员\",\"isQuery\":\"1\",\"sort\":3,\"list\":true,\"params\":{},\"javaType\":\"String\",\"queryType\":\"EQ\",\"columnType\":\"varchar(30)\",\"createBy\":\"admin\",\"isPk\":\"0\",\"createTime\":1589694966000,\"isEdit\":\"1\",\"tableId\":26,\"pk\":false,\"columnName\":\"cgy\"},{\"usableColumn\":false,\"columnId\":253,\"isIncrement\":\"0\",\"increment\":false,\"insert\":true,\"isList\":\"1\",\"dictType\":\"\",\"required\":false,\"superColumn\":false,\"updateBy\":\"\",\"isInsert\":\"1\",\"javaField\":\"rukuTime\",\"htmlType\":\"datetime\",\"edit\":true,\"query\":true,\"columnComment\":\"入库时间\",\"isQuery\":\"1\",\"sort\":4,\"list\":true,\"params\":{},\"javaType\":\"Date\",\"queryType\":\"LTE\",\"columnType\":\"time\",\"createBy\":\"admin\",\"isPk\":\"0\",\"createTime\":1589694966000,\"isEdit\":\"1\",\"tableId\":26,\"pk\":false,\"columnName\":\"ruku_time\"},{\"usableColumn\":false,\"columnId\":254,\"isIncrement\":', '{\"msg\":\"操作成功\",\"code\":200}', 0, NULL, '2020-05-17 13:57:19');
INSERT INTO `sys_oper_log` VALUES (241, '菜单管理', 1, 'com.logistic.project.system.controller.SysMenuController.add()', 'POST', 1, 'admin', NULL, '/system/menu', '127.0.0.1', '内网IP', '{\"visible\":\"0\",\"icon\":\"example\",\"orderNum\":\"2\",\"menuName\":\"入库接单\",\"params\":{},\"parentId\":1081,\"path\":\"rk\",\"component\":\"system/rk/index\",\"createBy\":\"admin\",\"children\":[],\"isFrame\":\"1\",\"menuType\":\"C\",\"perms\":\"system:rk:list\",\"status\":\"0\"}', '{\"msg\":\"操作成功\",\"code\":200}', 0, NULL, '2020-05-17 13:59:35');
INSERT INTO `sys_oper_log` VALUES (242, '代码生成', 8, 'com.logistic.project.tool.gen.controller.GenController.batchGenCode()', 'GET', 1, 'admin', NULL, '/tool/gen/batchGenCode', '127.0.0.1', '内网IP', '{}', 'null', 0, NULL, '2020-05-17 13:59:51');
INSERT INTO `sys_oper_log` VALUES (243, '菜单管理', 2, 'com.logistic.project.system.controller.SysMenuController.edit()', 'PUT', 1, 'admin', NULL, '/system/menu', '127.0.0.1', '内网IP', '{\"visible\":\"0\",\"icon\":\"example\",\"orderNum\":\"2\",\"menuName\":\"入库接单\",\"params\":{},\"parentId\":1081,\"path\":\"rk\",\"component\":\"system/rk/index\",\"children\":[],\"createTime\":1589695175000,\"updateBy\":\"admin\",\"isFrame\":\"1\",\"menuId\":1083,\"menuType\":\"C\",\"perms\":\"system:rk:list\",\"status\":\"0\"}', '{\"msg\":\"操作成功\",\"code\":200}', 0, NULL, '2020-05-17 14:04:57');
INSERT INTO `sys_oper_log` VALUES (244, '菜单管理', 2, 'com.logistic.project.system.controller.SysMenuController.edit()', 'PUT', 1, 'admin', NULL, '/system/menu', '127.0.0.1', '内网IP', '{\"visible\":\"0\",\"icon\":\"example\",\"orderNum\":\"2\",\"menuName\":\"入库接单\",\"params\":{},\"parentId\":1081,\"path\":\"ruku\",\"component\":\"system/ruku/index\",\"children\":[],\"createTime\":1589695175000,\"updateBy\":\"admin\",\"isFrame\":\"1\",\"menuId\":1083,\"menuType\":\"C\",\"perms\":\"system:ruku:list\",\"status\":\"0\"}', '{\"msg\":\"操作成功\",\"code\":200}', 0, NULL, '2020-05-17 14:06:59');
INSERT INTO `sys_oper_log` VALUES (245, '入库接单', 1, 'com.logistic.project.system.controller.BusRukuController.add()', 'POST', 1, 'admin', NULL, '/system/ruku', '127.0.0.1', '内网IP', '{\"params\":{},\"cgy\":\"xiaoma\",\"rukuTime\":1589644800000,\"id\":1,\"rukuNum\":\"RUKU001\"}', '{\"msg\":\"操作成功\",\"code\":200}', 0, NULL, '2020-05-17 14:07:35');
INSERT INTO `sys_oper_log` VALUES (246, '入库接单', 2, 'com.logistic.project.system.controller.BusRukuController.edit()', 'PUT', 1, 'admin', NULL, '/system/ruku', '127.0.0.1', '内网IP', '{\"params\":{},\"cgy\":\"xiaoma\",\"rukuTime\":1589644800000,\"id\":1,\"rukuNum\":\"RUKU001\"}', '{\"msg\":\"操作成功\",\"code\":200}', 0, NULL, '2020-05-17 14:08:56');
INSERT INTO `sys_oper_log` VALUES (247, '采购管理', 2, 'com.logistic.project.system.controller.BusInportController.edit()', 'PUT', 1, 'admin', NULL, '/system/inport', '127.0.0.1', '内网IP', '{\"inportprice\":3.5,\"goodsid\":1,\"remark\":\"备注\",\"inporttime\":1525622400000,\"params\":{},\"number\":100,\"id\":1,\"paytype\":\"1\",\"operateperson\":\"张三\"}', '{\"msg\":\"操作成功\",\"code\":200}', 0, NULL, '2020-05-17 14:09:02');
INSERT INTO `sys_oper_log` VALUES (248, '代码生成', 6, 'com.logistic.project.tool.gen.controller.GenController.importTableSave()', 'POST', 1, 'admin', NULL, '/tool/gen/importTable', '127.0.0.1', '内网IP', 'bus_caigou_order', '{\"msg\":\"操作成功\",\"code\":200}', 0, NULL, '2020-05-17 14:18:20');
INSERT INTO `sys_oper_log` VALUES (249, '代码生成', 2, 'com.logistic.project.tool.gen.controller.GenController.editSave()', 'PUT', 1, 'admin', NULL, '/tool/gen', '127.0.0.1', '内网IP', '{\"functionAuthor\":\"mage\",\"columns\":[{\"usableColumn\":false,\"columnId\":255,\"isIncrement\":\"1\",\"increment\":true,\"insert\":false,\"dictType\":\"\",\"required\":false,\"superColumn\":false,\"updateBy\":\"\",\"javaField\":\"id\",\"htmlType\":\"input\",\"edit\":false,\"query\":false,\"columnComment\":\"id\",\"sort\":1,\"list\":false,\"params\":{},\"javaType\":\"Long\",\"queryType\":\"EQ\",\"columnType\":\"int(11)\",\"createBy\":\"admin\",\"isPk\":\"1\",\"createTime\":1589696300000,\"tableId\":27,\"pk\":true,\"columnName\":\"id\"},{\"usableColumn\":false,\"columnId\":256,\"isIncrement\":\"0\",\"increment\":false,\"insert\":true,\"isList\":\"1\",\"dictType\":\"\",\"required\":false,\"superColumn\":false,\"updateBy\":\"\",\"isInsert\":\"1\",\"javaField\":\"cgOrderNum\",\"htmlType\":\"input\",\"edit\":true,\"query\":true,\"columnComment\":\"采购订单编号\",\"isQuery\":\"1\",\"sort\":2,\"list\":true,\"params\":{},\"javaType\":\"String\",\"queryType\":\"EQ\",\"columnType\":\"varchar(20)\",\"createBy\":\"admin\",\"isPk\":\"0\",\"createTime\":1589696300000,\"isEdit\":\"1\",\"tableId\":27,\"pk\":false,\"columnName\":\"cg_order_num\"},{\"usableColumn\":false,\"columnId\":257,\"isIncrement\":\"0\",\"increment\":false,\"insert\":true,\"isList\":\"1\",\"dictType\":\"\",\"required\":false,\"superColumn\":false,\"updateBy\":\"\",\"isInsert\":\"1\",\"javaField\":\"providerId\",\"htmlType\":\"input\",\"edit\":true,\"query\":true,\"columnComment\":\"供应商\",\"isQuery\":\"1\",\"sort\":3,\"list\":true,\"params\":{},\"javaType\":\"Long\",\"queryType\":\"EQ\",\"columnType\":\"int(11)\",\"createBy\":\"admin\",\"isPk\":\"0\",\"createTime\":1589696300000,\"isEdit\":\"1\",\"tableId\":27,\"pk\":false,\"columnName\":\"provider_id\"},{\"usableColumn\":false,\"columnId\":258,\"isIncrement\":\"0\",\"increment\":false,\"insert\":true,\"isList\":\"1\",\"dictType\":\"\",\"required\":false,\"superColumn\":false,\"updateBy\":\"\",\"isInsert\":\"1\",\"javaField\":\"cgDate\",\"htmlType\":\"datetime\",\"edit\":true,\"query\":true,\"columnComment\":\"采购日期\",\"isQuery\":\"1\",\"sort\":4,\"list\":true,\"params\":{},\"javaType\":\"Date\",\"queryType\":\"EQ\",\"columnType\":\"date\",\"createBy\":\"admin\",\"isPk\":\"0\",\"createTime\":1589696300000,\"isEdit\":\"1\",\"tableId\":27,\"pk\":false,\"columnName\":\"cg_date\"},{\"usableColumn\":false,\"columnId\":259,\"is', '{\"msg\":\"操作成功\",\"code\":200}', 0, NULL, '2020-05-17 14:19:46');
INSERT INTO `sys_oper_log` VALUES (250, '代码生成', 8, 'com.logistic.project.tool.gen.controller.GenController.batchGenCode()', 'GET', 1, 'admin', NULL, '/tool/gen/batchGenCode', '127.0.0.1', '内网IP', '{}', 'null', 0, NULL, '2020-05-17 14:19:53');
INSERT INTO `sys_oper_log` VALUES (251, '菜单管理', 1, 'com.logistic.project.system.controller.SysMenuController.add()', 'POST', 1, 'admin', NULL, '/system/menu', '127.0.0.1', '内网IP', '{\"visible\":\"0\",\"icon\":\"example\",\"orderNum\":\"3\",\"menuName\":\"采购订单\",\"params\":{},\"parentId\":1078,\"path\":\"cgOrder\",\"component\":\"system:cgOrder:list\",\"createBy\":\"admin\",\"children\":[],\"isFrame\":\"1\",\"menuType\":\"C\",\"perms\":\"system/cgOrder/index\",\"status\":\"0\"}', '{\"msg\":\"操作成功\",\"code\":200}', 0, NULL, '2020-05-17 14:21:24');
INSERT INTO `sys_oper_log` VALUES (252, '菜单管理', 2, 'com.logistic.project.system.controller.SysMenuController.edit()', 'PUT', 1, 'admin', NULL, '/system/menu', '127.0.0.1', '内网IP', '{\"visible\":\"0\",\"icon\":\"example\",\"orderNum\":\"3\",\"menuName\":\"采购订单\",\"params\":{},\"parentId\":1078,\"path\":\"cgOrder\",\"component\":\"system/cgOrder/index\",\"children\":[],\"createTime\":1589696484000,\"updateBy\":\"admin\",\"isFrame\":\"1\",\"menuId\":1084,\"menuType\":\"C\",\"perms\":\"system:cgOrder:list\",\"status\":\"0\"}', '{\"msg\":\"操作成功\",\"code\":200}', 0, NULL, '2020-05-17 14:26:43');
INSERT INTO `sys_oper_log` VALUES (253, '采购订单管理', 1, 'com.logistic.project.system.controller.BusCaigouOrderController.add()', 'POST', 1, 'admin', NULL, '/system/cgOrder', '127.0.0.1', '内网IP', '{\"cgOrderNum\":\"CG001\",\"cgDate\":1589299200000,\"params\":{},\"cgy\":\"cg001\",\"id\":1,\"state\":0}', '{\"msg\":\"操作成功\",\"code\":200}', 0, NULL, '2020-05-17 14:27:33');
INSERT INTO `sys_oper_log` VALUES (254, '仓库检查', 2, 'com.logistic.project.system.controller.BusCkCheckController.edit()', 'PUT', 1, 'admin', NULL, '/system/check', '127.0.0.1', '内网IP', '{\"checkPerson\":\"小马\",\"ckTemp\":\"24\",\"checkDate\":1589299200000,\"params\":{},\"ckNum\":\"CK3\",\"id\":1}', '{\"msg\":\"操作成功\",\"code\":200}', 0, NULL, '2020-05-17 14:33:48');
INSERT INTO `sys_oper_log` VALUES (255, '物料报废', 2, 'com.logistic.project.system.controller.MaterialScrapController.edit()', 'PUT', 1, 'admin', NULL, '/system/scrap', '127.0.0.1', '内网IP', '{\"reason\":\"过期\",\"weight\":2,\"params\":{},\"specifications\":\"2×30\",\"materialNum\":\"WLBF001\",\"scrapPerson\":\"e\",\"company\":\"西景\",\"id\":2}', '{\"msg\":\"操作成功\",\"code\":200}', 0, NULL, '2020-05-17 14:33:55');
INSERT INTO `sys_oper_log` VALUES (256, '供应商', 2, 'com.logistic.project.system.controller.BusProviderController.edit()', 'PUT', 1, 'admin', NULL, '/system/provider', '127.0.0.1', '内网IP', '{\"zip\":\"434000\",\"address\":\"仙桃\",\"available\":1,\"telephone\":\"0728-4124312\",\"connectionperson\":\"小明\",\"params\":{},\"providername\":\"旺旺食品\",\"bank\":\"中国农业银行\",\"phone\":\"13413441141\",\"id\":1,\"fax\":\"5123123\",\"account\":\"654124345131\",\"email\":\"12312321@sina.com\"}', '{\"msg\":\"操作成功\",\"code\":200}', 0, NULL, '2020-05-17 14:34:00');
INSERT INTO `sys_oper_log` VALUES (257, '采购申请', 2, 'com.logistic.project.system.controller.BusPurchaseController.edit()', 'PUT', 1, 'admin', NULL, '/system/purchase', '127.0.0.1', '内网IP', '{\"purchaseDate\":1588780800000,\"params\":{},\"completeDate\":1590595200000,\"person\":\"mage\",\"id\":1,\"purchaseNum\":\"CGSQ001\",\"purchaseState\":0}', '{\"msg\":\"操作成功\",\"code\":200}', 0, NULL, '2020-05-17 14:34:07');
INSERT INTO `sys_oper_log` VALUES (258, '采购订单管理', 2, 'com.logistic.project.system.controller.BusCaigouOrderController.edit()', 'PUT', 1, 'admin', NULL, '/system/cgOrder', '127.0.0.1', '内网IP', '{\"cgOrderNum\":\"CG001\",\"cgDate\":1589299200000,\"params\":{},\"cgy\":\"cg001\",\"id\":1,\"state\":0}', '{\"msg\":\"操作成功\",\"code\":200}', 0, NULL, '2020-05-17 14:34:12');
INSERT INTO `sys_oper_log` VALUES (259, '配送运输', 2, 'com.logistic.project.system.controller.BusDeliveryController.edit()', 'PUT', 1, 'admin', NULL, '/system/delivery', '127.0.0.1', '内网IP', '{\"address\":\"高新区\",\"deliveryPerson\":\"超级玛丽\",\"deliveryTime\":1588780800000,\"goodsid\":1,\"params\":{},\"operator\":\"mmy\",\"id\":1}', '{\"msg\":\"操作成功\",\"code\":200}', 0, NULL, '2020-05-17 14:34:18');
INSERT INTO `sys_oper_log` VALUES (260, '入库接单', 2, 'com.logistic.project.system.controller.BusRukuController.edit()', 'PUT', 1, 'admin', NULL, '/system/ruku', '127.0.0.1', '内网IP', '{\"params\":{},\"cgy\":\"xiaoma\",\"rukuTime\":1589644800000,\"id\":1,\"rukuNum\":\"RUKU001\"}', '{\"msg\":\"操作成功\",\"code\":200}', 0, NULL, '2020-05-17 14:34:41');
INSERT INTO `sys_oper_log` VALUES (261, '采购管理', 2, 'com.logistic.project.system.controller.BusInportController.edit()', 'PUT', 1, 'admin', NULL, '/system/inport', '127.0.0.1', '内网IP', '{\"inportprice\":3.5,\"goodsid\":1,\"remark\":\"备注\",\"inporttime\":1525622400000,\"params\":{},\"number\":100,\"id\":1,\"paytype\":\"1\",\"operateperson\":\"张三\"}', '{\"msg\":\"操作成功\",\"code\":200}', 0, NULL, '2020-05-17 14:34:47');
INSERT INTO `sys_oper_log` VALUES (262, '客户订单查询', 1, 'com.logistic.project.system.controller.BusCustomorderController.add()', 'POST', 1, 'admin', NULL, '/system/customorder', '127.0.0.1', '内网IP', '{\"orderType\":\"小区\",\"custName\":\"华为\",\"params\":{},\"payType\":\"0\",\"id\":3,\"state\":\"0\",\"orderDate\":1588608000000}', '{\"msg\":\"操作成功\",\"code\":200}', 0, NULL, '2020-05-17 14:35:36');
INSERT INTO `sys_oper_log` VALUES (263, '客户单据', 2, 'com.logistic.project.system.controller.ShippingdocController.edit()', 'PUT', 1, 'admin', NULL, '/system/shippingdoc', '127.0.0.1', '内网IP', '{\"goodsid\":1,\"params\":{},\"warehouse\":\"1号仓库\",\"operator\":\"admin\",\"cgy\":\"admin\",\"shipPerson\":\"宋师傅\",\"id\":1,\"shippingTime\":1588780800000}', '{\"msg\":\"操作成功\",\"code\":200}', 0, NULL, '2020-05-17 14:35:41');
INSERT INTO `sys_oper_log` VALUES (264, '采购订单管理', 1, 'com.logistic.project.system.controller.BusCaigouOrderController.add()', 'POST', 1, 'admin', NULL, '/system/cgOrder', '127.0.0.1', '内网IP', '{\"cgOrderNum\":\"CG002\",\"cgDate\":1588521600000,\"params\":{},\"cgy\":\"xiaozhang\",\"id\":2,\"state\":0}', '{\"msg\":\"操作成功\",\"code\":200}', 0, NULL, '2020-05-17 17:04:30');
INSERT INTO `sys_oper_log` VALUES (265, '代码生成', 6, 'com.logistic.project.tool.gen.controller.GenController.importTableSave()', 'POST', 1, 'admin', NULL, '/tool/gen/importTable', '127.0.0.1', '内网IP', 'bus_purchase_info', '{\"msg\":\"操作成功\",\"code\":200}', 0, NULL, '2020-05-18 10:37:18');
INSERT INTO `sys_oper_log` VALUES (266, '代码生成', 2, 'com.logistic.project.tool.gen.controller.GenController.editSave()', 'PUT', 1, 'admin', NULL, '/tool/gen', '127.0.0.1', '内网IP', '{\"functionAuthor\":\"mg\",\"columns\":[{\"usableColumn\":false,\"columnId\":261,\"isIncrement\":\"1\",\"increment\":true,\"insert\":false,\"dictType\":\"\",\"required\":true,\"superColumn\":false,\"updateBy\":\"\",\"isRequired\":\"1\",\"javaField\":\"id\",\"htmlType\":\"input\",\"edit\":false,\"query\":false,\"sort\":1,\"list\":false,\"params\":{},\"javaType\":\"Long\",\"queryType\":\"EQ\",\"columnType\":\"int(11)\",\"createBy\":\"admin\",\"isPk\":\"0\",\"createTime\":1589769438000,\"tableId\":28,\"pk\":false,\"columnName\":\"id\"},{\"usableColumn\":false,\"columnId\":262,\"isIncrement\":\"0\",\"increment\":false,\"insert\":false,\"isList\":\"1\",\"dictType\":\"\",\"required\":false,\"superColumn\":false,\"updateBy\":\"\",\"javaField\":\"purchaseNum\",\"htmlType\":\"select\",\"edit\":true,\"query\":true,\"columnComment\":\"采购订单编号\",\"isQuery\":\"1\",\"sort\":2,\"list\":true,\"params\":{},\"javaType\":\"Long\",\"queryType\":\"EQ\",\"columnType\":\"int(11)\",\"createBy\":\"admin\",\"isPk\":\"0\",\"createTime\":1589769438000,\"isEdit\":\"1\",\"tableId\":28,\"pk\":false,\"columnName\":\"purchase_num\"},{\"usableColumn\":false,\"columnId\":263,\"isIncrement\":\"0\",\"increment\":false,\"insert\":true,\"isList\":\"1\",\"dictType\":\"\",\"required\":false,\"superColumn\":false,\"updateBy\":\"\",\"isInsert\":\"1\",\"javaField\":\"goodId\",\"htmlType\":\"select\",\"edit\":true,\"query\":true,\"columnComment\":\"商品\",\"isQuery\":\"1\",\"sort\":3,\"list\":true,\"params\":{},\"javaType\":\"Long\",\"queryType\":\"EQ\",\"columnType\":\"int(11)\",\"createBy\":\"admin\",\"isPk\":\"0\",\"createTime\":1589769438000,\"isEdit\":\"1\",\"tableId\":28,\"pk\":false,\"columnName\":\"good_id\"},{\"usableColumn\":false,\"columnId\":264,\"isIncrement\":\"0\",\"increment\":false,\"insert\":true,\"isList\":\"1\",\"dictType\":\"\",\"required\":false,\"superColumn\":false,\"updateBy\":\"\",\"isInsert\":\"1\",\"javaField\":\"num\",\"htmlType\":\"input\",\"edit\":true,\"query\":false,\"columnComment\":\"数量\",\"sort\":4,\"list\":true,\"params\":{},\"javaType\":\"Long\",\"queryType\":\"EQ\",\"columnType\":\"double\",\"createBy\":\"admin\",\"isPk\":\"0\",\"createTime\":1589769438000,\"isEdit\":\"1\",\"tableId\":28,\"pk\":false,\"columnName\":\"num\"},{\"usableColumn\":false,\"columnId\":265,\"isIncrement\":\"0\",\"increment\":false,\"insert\":false,\"isList', '{\"msg\":\"操作成功\",\"code\":200}', 0, NULL, '2020-05-18 10:46:15');
INSERT INTO `sys_oper_log` VALUES (267, '菜单管理', 1, 'com.logistic.project.system.controller.SysMenuController.add()', 'POST', 1, 'admin', NULL, '/system/menu', '127.0.0.1', '内网IP', '{\"visible\":\"0\",\"icon\":\"education\",\"orderNum\":\"2\",\"menuName\":\"物料申请明细\",\"params\":{},\"parentId\":1078,\"path\":\"purchaseInfo\",\"component\":\"system/purchaseInfo/index\",\"createBy\":\"admin\",\"children\":[],\"isFrame\":\"1\",\"menuType\":\"C\",\"perms\":\"system:purchaseInfo:list\",\"status\":\"0\"}', '{\"msg\":\"操作成功\",\"code\":200}', 0, NULL, '2020-05-18 10:47:55');
INSERT INTO `sys_oper_log` VALUES (268, '代码生成', 8, 'com.logistic.project.tool.gen.controller.GenController.batchGenCode()', 'GET', 1, 'admin', NULL, '/tool/gen/batchGenCode', '127.0.0.1', '内网IP', '{}', 'null', 0, NULL, '2020-05-18 10:48:17');
INSERT INTO `sys_oper_log` VALUES (269, '代码生成', 2, 'com.logistic.project.tool.gen.controller.GenController.editSave()', 'PUT', 1, 'admin', NULL, '/tool/gen', '127.0.0.1', '内网IP', '{\"functionAuthor\":\"mg\",\"columns\":[{\"usableColumn\":false,\"columnId\":261,\"isIncrement\":\"1\",\"increment\":true,\"insert\":false,\"dictType\":\"\",\"required\":true,\"superColumn\":false,\"updateBy\":\"\",\"isRequired\":\"1\",\"javaField\":\"id\",\"htmlType\":\"input\",\"edit\":false,\"query\":false,\"updateTime\":1589769975000,\"sort\":1,\"list\":false,\"params\":{},\"javaType\":\"Long\",\"queryType\":\"EQ\",\"columnType\":\"int(11)\",\"createBy\":\"admin\",\"isPk\":\"0\",\"createTime\":1589769438000,\"tableId\":28,\"pk\":false,\"columnName\":\"id\"},{\"usableColumn\":false,\"columnId\":262,\"isIncrement\":\"0\",\"increment\":false,\"insert\":true,\"isList\":\"1\",\"dictType\":\"\",\"required\":false,\"superColumn\":false,\"updateBy\":\"\",\"isInsert\":\"1\",\"javaField\":\"purchaseNum\",\"htmlType\":\"select\",\"edit\":true,\"query\":true,\"columnComment\":\"采购订单编号\",\"isQuery\":\"1\",\"updateTime\":1589769975000,\"sort\":2,\"list\":true,\"params\":{},\"javaType\":\"Long\",\"queryType\":\"EQ\",\"columnType\":\"int(11)\",\"createBy\":\"admin\",\"isPk\":\"0\",\"createTime\":1589769438000,\"isEdit\":\"1\",\"tableId\":28,\"pk\":false,\"columnName\":\"purchase_num\"},{\"usableColumn\":false,\"columnId\":263,\"isIncrement\":\"0\",\"increment\":false,\"insert\":true,\"isList\":\"1\",\"dictType\":\"\",\"required\":false,\"superColumn\":false,\"updateBy\":\"\",\"isInsert\":\"1\",\"javaField\":\"goodId\",\"htmlType\":\"select\",\"edit\":true,\"query\":true,\"columnComment\":\"商品\",\"isQuery\":\"1\",\"updateTime\":1589769975000,\"sort\":3,\"list\":true,\"params\":{},\"javaType\":\"Long\",\"queryType\":\"EQ\",\"columnType\":\"int(11)\",\"createBy\":\"admin\",\"isPk\":\"0\",\"createTime\":1589769438000,\"isEdit\":\"1\",\"tableId\":28,\"pk\":false,\"columnName\":\"good_id\"},{\"usableColumn\":false,\"columnId\":264,\"isIncrement\":\"0\",\"increment\":false,\"insert\":true,\"isList\":\"1\",\"dictType\":\"\",\"required\":false,\"superColumn\":false,\"updateBy\":\"\",\"isInsert\":\"1\",\"javaField\":\"num\",\"htmlType\":\"input\",\"edit\":true,\"query\":false,\"columnComment\":\"数量\",\"updateTime\":1589769975000,\"sort\":4,\"list\":true,\"params\":{},\"javaType\":\"Long\",\"queryType\":\"EQ\",\"columnType\":\"double\",\"createBy\":\"admin\",\"isPk\":\"0\",\"createTime\":1589769438000,\"isEdit\":\"1\",\"tableId\":28,\"pk\"', '{\"msg\":\"操作成功\",\"code\":200}', 0, NULL, '2020-05-18 10:51:45');
INSERT INTO `sys_oper_log` VALUES (270, '代码生成', 8, 'com.logistic.project.tool.gen.controller.GenController.batchGenCode()', 'GET', 1, 'admin', NULL, '/tool/gen/batchGenCode', '127.0.0.1', '内网IP', '{}', 'null', 0, NULL, '2020-05-18 10:51:52');
INSERT INTO `sys_oper_log` VALUES (271, '申请物料明细', 1, 'com.logistic.project.system.controller.BusPurchaseInfoController.add()', 'POST', 1, 'admin', NULL, '/system/purchaseInfo', '127.0.0.1', '内网IP', '{\"num\":2,\"params\":{},\"id\":1}', '{\"msg\":\"操作成功\",\"code\":200}', 0, NULL, '2020-05-18 11:26:21');
INSERT INTO `sys_oper_log` VALUES (272, '商品', 2, 'com.logistic.project.system.controller.BusGoodsController.edit()', 'PUT', 1, 'admin', NULL, '/system/goods', '127.0.0.1', '内网IP', '{\"dangernum\":10,\"productcode\":\"PH12345\",\"available\":1,\"description\":\"小孩子都爱的\",\"goodsname\":\"娃哈哈\",\"number\":489,\"price\":2.0,\"id\":1,\"goodsimg\":\"2018-12-25/userface1.jpg\",\"produceplace\":\"武汉\",\"params\":{},\"goodspackage\":\"瓶\",\"size\":\"120ML\",\"providerid\":4,\"promitcode\":\"PZ1234\"}', '{\"msg\":\"操作成功\",\"code\":200}', 0, NULL, '2020-05-18 14:36:19');
INSERT INTO `sys_oper_log` VALUES (273, '商品', 2, 'com.logistic.project.system.controller.BusGoodsController.edit()', 'PUT', 1, 'admin', NULL, '/system/goods', '127.0.0.1', '内网IP', '{\"dangernum\":10,\"productcode\":\"PH12345\",\"available\":1,\"description\":\"小孩子都爱的\",\"goodsname\":\"娃哈哈\",\"number\":489,\"price\":2.0,\"id\":1,\"goodsimg\":\"2018-12-25/userface1.jpg\",\"produceplace\":\"武汉\",\"params\":{},\"goodspackage\":\"瓶\",\"size\":\"120ML\",\"providerid\":3,\"promitcode\":\"PZ1234\"}', '{\"msg\":\"操作成功\",\"code\":200}', 0, NULL, '2020-05-18 14:36:26');
INSERT INTO `sys_oper_log` VALUES (274, '申请物料明细', 1, 'com.logistic.project.system.controller.BusPurchaseInfoController.add()', 'POST', 1, 'admin', NULL, '/system/purchaseInfo', '127.0.0.1', '内网IP', '{\"purchaseDate\":1589783831251,\"num\":3,\"goodId\":2,\"params\":{},\"id\":2,\"purchaseNum\":\"1\"}', '{\"msg\":\"操作成功\",\"code\":200}', 0, NULL, '2020-05-18 14:37:11');
INSERT INTO `sys_oper_log` VALUES (275, '申请物料明细', 1, 'com.logistic.project.system.controller.BusPurchaseInfoController.add()', 'POST', 1, 'admin', NULL, '/system/purchaseInfo', '127.0.0.1', '内网IP', '{\"purchaseDate\":1589783899587,\"num\":3,\"goodId\":4,\"params\":{},\"id\":3,\"purchaseNum\":\"CGSQ001\"}', '{\"msg\":\"操作成功\",\"code\":200}', 0, NULL, '2020-05-18 14:38:19');
INSERT INTO `sys_oper_log` VALUES (276, '个人信息', 2, 'com.logistic.project.system.controller.SysProfileController.updateProfile()', 'PUT', 1, 'admin', NULL, '/system/user/profile', '127.0.0.1', '内网IP', '{\"roles\":[{\"flag\":false,\"roleId\":1,\"admin\":true,\"dataScope\":\"1\",\"params\":{},\"roleSort\":\"1\",\"roleKey\":\"admin\",\"roleName\":\"管理员\",\"status\":\"0\"}],\"phonenumber\":\"15888888888\",\"admin\":true,\"loginDate\":1521171180000,\"remark\":\"管理员\",\"delFlag\":\"0\",\"password\":\"$2a$10$7JB720yubVSZvUI0rEqK/.VqGOZTH.ulu33dHOiBE8ByOhJIrdAu2\",\"loginIp\":\"127.0.0.1\",\"email\":\"ry@163.com\",\"nickName\":\"ruoyi\",\"sex\":\"0\",\"deptId\":103,\"avatar\":\"\",\"dept\":{\"deptName\":\"物流部门\",\"leader\":\"若依\",\"deptId\":103,\"orderNum\":\"1\",\"params\":{},\"parentId\":101,\"children\":[],\"status\":\"0\"},\"params\":{},\"userName\":\"admin\",\"userId\":1,\"createBy\":\"admin\",\"createTime\":1521171180000,\"status\":\"0\"}', '{\"msg\":\"操作成功\",\"code\":200}', 0, NULL, '2020-05-18 15:08:29');
INSERT INTO `sys_oper_log` VALUES (277, '物料报废', 2, 'com.logistic.project.system.controller.MaterialScrapController.edit()', 'PUT', 1, 'admin', NULL, '/system/scrap', '127.0.0.1', '内网IP', '{\"reason\":\"过期\",\"weight\":51,\"params\":{},\"specifications\":\"50*10*10\",\"materialNum\":\"WLBP.10\",\"scrapPerson\":\"老吴\",\"company\":\"包\",\"id\":1}', '{\"msg\":\"操作成功\",\"code\":200}', 0, NULL, '2020-05-19 10:07:43');
INSERT INTO `sys_oper_log` VALUES (278, '物料报废', 3, 'com.logistic.project.system.controller.MaterialScrapController.remove()', 'DELETE', 1, 'admin', NULL, '/system/scrap/2', '127.0.0.1', '内网IP', '{ids=2}', '{\"msg\":\"操作成功\",\"code\":200}', 0, NULL, '2020-05-19 11:24:50');
INSERT INTO `sys_oper_log` VALUES (279, '物料报废', 3, 'com.logistic.project.system.controller.MaterialScrapController.remove()', 'DELETE', 1, 'admin', NULL, '/system/scrap/1', '127.0.0.1', '内网IP', '{ids=1}', '{\"msg\":\"操作成功\",\"code\":200}', 0, NULL, '2020-05-19 11:24:52');
INSERT INTO `sys_oper_log` VALUES (280, '物料报废', 1, 'com.logistic.project.system.controller.MaterialScrapController.add()', 'POST', 1, 'admin', NULL, '/system/scrap', '127.0.0.1', '内网IP', '{\"reason\":\"过期\",\"weight\":2,\"goodId\":1,\"params\":{},\"specifications\":\"\",\"materialNum\":\"WLBF001\",\"scrapPerson\":\"mge\",\"company\":\"包\",\"id\":3}', 'null', 1, '', '2020-05-19 11:42:24');
INSERT INTO `sys_oper_log` VALUES (281, '物料报废', 1, 'com.logistic.project.system.controller.MaterialScrapController.add()', 'POST', 1, 'admin', NULL, '/system/scrap', '127.0.0.1', '内网IP', '{\"reason\":\"过期\",\"weight\":2,\"goodId\":1,\"params\":{},\"specifications\":\"20×120\",\"materialNum\":\"WLBF001\",\"scrapPerson\":\"mage\",\"company\":\"箱\",\"id\":4}', '{\"msg\":\"操作成功\",\"code\":200}', 0, NULL, '2020-05-19 11:47:42');
INSERT INTO `sys_oper_log` VALUES (282, '代码生成', 3, 'com.logistic.project.tool.gen.controller.GenController.remove()', 'DELETE', 1, 'admin', NULL, '/tool/gen/21', '127.0.0.1', '内网IP', '{tableIds=21}', '{\"msg\":\"操作成功\",\"code\":200}', 0, NULL, '2020-05-19 14:20:13');
INSERT INTO `sys_oper_log` VALUES (283, '代码生成', 6, 'com.logistic.project.tool.gen.controller.GenController.importTableSave()', 'POST', 1, 'admin', NULL, '/tool/gen/importTable', '127.0.0.1', '内网IP', 'material_scrap', '{\"msg\":\"操作成功\",\"code\":200}', 0, NULL, '2020-05-19 14:20:18');
INSERT INTO `sys_oper_log` VALUES (284, '代码生成', 2, 'com.logistic.project.tool.gen.controller.GenController.editSave()', 'PUT', 1, 'admin', NULL, '/tool/gen', '127.0.0.1', '内网IP', '{\"functionAuthor\":\"mage\",\"columns\":[{\"usableColumn\":false,\"columnId\":266,\"isIncrement\":\"1\",\"increment\":true,\"insert\":false,\"dictType\":\"\",\"required\":false,\"superColumn\":false,\"updateBy\":\"\",\"javaField\":\"id\",\"htmlType\":\"input\",\"edit\":false,\"query\":false,\"columnComment\":\"id\",\"sort\":1,\"list\":false,\"params\":{},\"javaType\":\"Long\",\"queryType\":\"EQ\",\"columnType\":\"int(11)\",\"createBy\":\"admin\",\"isPk\":\"1\",\"createTime\":1589869218000,\"tableId\":29,\"pk\":true,\"columnName\":\"id\"},{\"usableColumn\":false,\"columnId\":267,\"isIncrement\":\"0\",\"increment\":false,\"insert\":true,\"isList\":\"1\",\"dictType\":\"\",\"required\":false,\"superColumn\":false,\"updateBy\":\"\",\"isInsert\":\"1\",\"javaField\":\"materialNum\",\"htmlType\":\"input\",\"edit\":true,\"query\":true,\"columnComment\":\"物料编号\",\"isQuery\":\"1\",\"sort\":2,\"list\":true,\"params\":{},\"javaType\":\"String\",\"queryType\":\"EQ\",\"columnType\":\"varchar(20)\",\"createBy\":\"admin\",\"isPk\":\"0\",\"createTime\":1589869218000,\"isEdit\":\"1\",\"tableId\":29,\"pk\":false,\"columnName\":\"material_num\"},{\"usableColumn\":false,\"columnId\":268,\"isIncrement\":\"0\",\"increment\":false,\"insert\":true,\"isList\":\"1\",\"dictType\":\"\",\"required\":false,\"superColumn\":false,\"updateBy\":\"\",\"isInsert\":\"1\",\"javaField\":\"specifications\",\"htmlType\":\"input\",\"edit\":true,\"query\":false,\"columnComment\":\"规格\",\"sort\":3,\"list\":true,\"params\":{},\"javaType\":\"String\",\"queryType\":\"EQ\",\"columnType\":\"varchar(30)\",\"createBy\":\"admin\",\"isPk\":\"0\",\"createTime\":1589869218000,\"isEdit\":\"1\",\"tableId\":29,\"pk\":false,\"columnName\":\"specifications\"},{\"usableColumn\":false,\"columnId\":269,\"isIncrement\":\"0\",\"increment\":false,\"insert\":true,\"isList\":\"1\",\"dictType\":\"\",\"required\":false,\"superColumn\":false,\"updateBy\":\"\",\"isInsert\":\"1\",\"javaField\":\"weight\",\"htmlType\":\"input\",\"edit\":true,\"query\":false,\"columnComment\":\"数量\",\"sort\":4,\"list\":true,\"params\":{},\"javaType\":\"Long\",\"queryType\":\"EQ\",\"columnType\":\"double\",\"createBy\":\"admin\",\"isPk\":\"0\",\"createTime\":1589869218000,\"isEdit\":\"1\",\"tableId\":29,\"pk\":false,\"columnName\":\"weight\"},{\"usableColumn\":false,\"columnId\":270,\"isIncrement\":\"0\",\"inc', '{\"msg\":\"操作成功\",\"code\":200}', 0, NULL, '2020-05-19 14:21:28');
INSERT INTO `sys_oper_log` VALUES (285, '代码生成', 8, 'com.logistic.project.tool.gen.controller.GenController.batchGenCode()', 'GET', 1, 'admin', NULL, '/tool/gen/batchGenCode', '127.0.0.1', '内网IP', '{}', 'null', 0, NULL, '2020-05-19 14:21:36');
INSERT INTO `sys_oper_log` VALUES (286, '物料报废', 3, 'com.logistic.project.system.controller.MaterialScrapController.remove()', 'DELETE', 1, 'admin', NULL, '/system/scrap/4', '127.0.0.1', '内网IP', '{ids=4}', '{\"msg\":\"操作成功\",\"code\":200}', 0, NULL, '2020-05-19 14:32:53');
INSERT INTO `sys_oper_log` VALUES (287, '物料报废', 1, 'com.logistic.project.system.controller.MaterialScrapController.add()', 'POST', 1, 'admin', NULL, '/system/scrap', '127.0.0.1', '内网IP', '{\"reason\":\"过期\",\"weight\":1,\"goodid\":1,\"params\":{},\"specifications\":\"20×120\",\"materialNum\":\"WLBF001\",\"scrapPerson\":\"mage\",\"company\":\"箱\",\"id\":5}', '{\"msg\":\"操作成功\",\"code\":200}', 0, NULL, '2020-05-19 14:33:34');
INSERT INTO `sys_oper_log` VALUES (288, '物料报废', 1, 'com.logistic.project.system.controller.MaterialScrapController.add()', 'POST', 1, 'admin', NULL, '/system/scrap', '127.0.0.1', '内网IP', '{\"reason\":\"过期作废\",\"weight\":2,\"goodid\":1,\"params\":{},\"specifications\":\"12×120\",\"materialNum\":\"WLBF001\",\"scrapPerson\":\"mage\",\"company\":\"箱\",\"id\":6}', '{\"msg\":\"操作成功\",\"code\":200}', 0, NULL, '2020-05-19 14:37:06');
INSERT INTO `sys_oper_log` VALUES (289, '物料报废', 3, 'com.logistic.project.system.controller.MaterialScrapController.remove()', 'DELETE', 1, 'admin', NULL, '/system/scrap/5', '127.0.0.1', '内网IP', '{ids=5}', '{\"msg\":\"操作成功\",\"code\":200}', 0, NULL, '2020-05-19 14:37:09');
INSERT INTO `sys_oper_log` VALUES (290, '菜单管理', 1, 'com.logistic.project.system.controller.SysMenuController.add()', 'POST', 1, 'admin', NULL, '/system/menu', '127.0.0.1', '内网IP', '{\"visible\":\"0\",\"icon\":\"theme\",\"orderNum\":\"4\",\"menuName\":\"供应商\",\"params\":{},\"parentId\":0,\"path\":\"supplier\",\"createBy\":\"admin\",\"children\":[],\"isFrame\":\"1\",\"menuType\":\"M\",\"status\":\"0\"}', '{\"msg\":\"操作成功\",\"code\":200}', 0, NULL, '2020-05-19 15:01:46');
INSERT INTO `sys_oper_log` VALUES (291, '菜单管理', 2, 'com.logistic.project.system.controller.SysMenuController.edit()', 'PUT', 1, 'admin', NULL, '/system/menu', '127.0.0.1', '内网IP', '{\"visible\":\"0\",\"icon\":\"peoples\",\"orderNum\":\"2\",\"menuName\":\"供应商管理\",\"params\":{},\"parentId\":1086,\"path\":\"provider\",\"component\":\"system/provider/index\",\"children\":[],\"createTime\":1587715967000,\"updateBy\":\"admin\",\"isFrame\":\"1\",\"menuId\":1065,\"menuType\":\"C\",\"perms\":\"system:provider:list\",\"status\":\"0\"}', '{\"msg\":\"操作成功\",\"code\":200}', 0, NULL, '2020-05-19 15:02:01');
INSERT INTO `sys_oper_log` VALUES (292, '菜单管理', 2, 'com.logistic.project.system.controller.SysMenuController.edit()', 'PUT', 1, 'admin', NULL, '/system/menu', '127.0.0.1', '内网IP', '{\"visible\":\"0\",\"icon\":\"peoples\",\"orderNum\":\"2\",\"menuName\":\"供应商管理\",\"params\":{},\"parentId\":1078,\"path\":\"provider\",\"component\":\"system/provider/index\",\"children\":[],\"createTime\":1587715967000,\"updateBy\":\"admin\",\"isFrame\":\"1\",\"menuId\":1065,\"menuType\":\"C\",\"perms\":\"system:provider:list\",\"status\":\"0\"}', '{\"msg\":\"操作成功\",\"code\":200}', 0, NULL, '2020-05-19 15:03:05');
INSERT INTO `sys_oper_log` VALUES (293, '菜单管理', 2, 'com.logistic.project.system.controller.SysMenuController.edit()', 'PUT', 1, 'admin', NULL, '/system/menu', '127.0.0.1', '内网IP', '{\"visible\":\"0\",\"icon\":\"nested\",\"orderNum\":\"2\",\"menuName\":\"采购申请\",\"params\":{},\"parentId\":1086,\"path\":\"purchase\",\"component\":\"system/purchase/index\",\"children\":[],\"createTime\":1589685440000,\"updateBy\":\"admin\",\"isFrame\":\"1\",\"menuId\":1080,\"menuType\":\"C\",\"perms\":\"system:purchase:list\",\"status\":\"0\"}', '{\"msg\":\"操作成功\",\"code\":200}', 0, NULL, '2020-05-19 15:03:13');
INSERT INTO `sys_oper_log` VALUES (294, '菜单管理', 2, 'com.logistic.project.system.controller.SysMenuController.edit()', 'PUT', 1, 'admin', NULL, '/system/menu', '127.0.0.1', '内网IP', '{\"visible\":\"0\",\"icon\":\"education\",\"orderNum\":\"2\",\"menuName\":\"物料申请明细\",\"params\":{},\"parentId\":1086,\"path\":\"purchaseInfo\",\"component\":\"system/purchaseInfo/index\",\"children\":[],\"createTime\":1589770075000,\"updateBy\":\"admin\",\"isFrame\":\"1\",\"menuId\":1085,\"menuType\":\"C\",\"perms\":\"system:purchaseInfo:list\",\"status\":\"0\"}', '{\"msg\":\"操作成功\",\"code\":200}', 0, NULL, '2020-05-19 15:03:22');
INSERT INTO `sys_oper_log` VALUES (295, '菜单管理', 2, 'com.logistic.project.system.controller.SysMenuController.edit()', 'PUT', 1, 'admin', NULL, '/system/menu', '127.0.0.1', '内网IP', '{\"visible\":\"0\",\"icon\":\"theme\",\"orderNum\":\"4\",\"menuName\":\"供应商管理\",\"params\":{},\"parentId\":0,\"path\":\"supplier\",\"children\":[],\"createTime\":1589871706000,\"updateBy\":\"admin\",\"isFrame\":\"1\",\"menuId\":1086,\"menuType\":\"M\",\"perms\":\"\",\"status\":\"0\"}', '{\"msg\":\"操作成功\",\"code\":200}', 0, NULL, '2020-05-19 15:03:46');
INSERT INTO `sys_oper_log` VALUES (296, '菜单管理', 1, 'com.logistic.project.system.controller.SysMenuController.add()', 'POST', 1, 'admin', NULL, '/system/menu', '127.0.0.1', '内网IP', '{\"visible\":\"0\",\"icon\":\"component\",\"orderNum\":\"3\",\"menuName\":\"采购物料明细\",\"params\":{},\"parentId\":1078,\"path\":\"cgOrderInfo\",\"component\":\"system/cgOrderInfo/index\",\"createBy\":\"admin\",\"children\":[],\"isFrame\":\"1\",\"menuType\":\"C\",\"perms\":\"system:cgOrderInfo:list\",\"status\":\"0\"}', '{\"msg\":\"操作成功\",\"code\":200}', 0, NULL, '2020-05-19 16:03:57');
INSERT INTO `sys_oper_log` VALUES (297, '代码生成', 6, 'com.logistic.project.tool.gen.controller.GenController.importTableSave()', 'POST', 1, 'admin', NULL, '/tool/gen/importTable', '127.0.0.1', '内网IP', 'caigou_order_info', '{\"msg\":\"操作成功\",\"code\":200}', 0, NULL, '2020-05-19 16:08:47');
INSERT INTO `sys_oper_log` VALUES (298, '代码生成', 3, 'com.logistic.project.tool.gen.controller.GenController.remove()', 'DELETE', 1, 'admin', NULL, '/tool/gen/29', '127.0.0.1', '内网IP', '{tableIds=29}', '{\"msg\":\"操作成功\",\"code\":200}', 0, NULL, '2020-05-19 16:09:24');
INSERT INTO `sys_oper_log` VALUES (299, '代码生成', 3, 'com.logistic.project.tool.gen.controller.GenController.remove()', 'DELETE', 1, 'admin', NULL, '/tool/gen/28', '127.0.0.1', '内网IP', '{tableIds=28}', '{\"msg\":\"操作成功\",\"code\":200}', 0, NULL, '2020-05-19 16:09:59');
INSERT INTO `sys_oper_log` VALUES (300, '代码生成', 3, 'com.logistic.project.tool.gen.controller.GenController.remove()', 'DELETE', 1, 'admin', NULL, '/tool/gen/27', '127.0.0.1', '内网IP', '{tableIds=27}', '{\"msg\":\"操作成功\",\"code\":200}', 0, NULL, '2020-05-19 16:10:01');
INSERT INTO `sys_oper_log` VALUES (301, '代码生成', 3, 'com.logistic.project.tool.gen.controller.GenController.remove()', 'DELETE', 1, 'admin', NULL, '/tool/gen/30', '127.0.0.1', '内网IP', '{tableIds=30}', '{\"msg\":\"操作成功\",\"code\":200}', 0, NULL, '2020-05-19 16:10:23');
INSERT INTO `sys_oper_log` VALUES (302, '代码生成', 6, 'com.logistic.project.tool.gen.controller.GenController.importTableSave()', 'POST', 1, 'admin', NULL, '/tool/gen/importTable', '127.0.0.1', '内网IP', 'caigou_order_info', '{\"msg\":\"操作成功\",\"code\":200}', 0, NULL, '2020-05-19 16:10:29');
INSERT INTO `sys_oper_log` VALUES (303, '代码生成', 2, 'com.logistic.project.tool.gen.controller.GenController.editSave()', 'PUT', 1, 'admin', NULL, '/tool/gen', '127.0.0.1', '内网IP', '{\"functionAuthor\":\"mag\",\"columns\":[{\"usableColumn\":false,\"columnId\":279,\"isIncrement\":\"0\",\"increment\":false,\"insert\":true,\"dictType\":\"\",\"required\":true,\"superColumn\":false,\"updateBy\":\"\",\"isInsert\":\"1\",\"isRequired\":\"1\",\"javaField\":\"id\",\"htmlType\":\"input\",\"edit\":false,\"query\":false,\"sort\":1,\"list\":false,\"params\":{},\"javaType\":\"Long\",\"queryType\":\"EQ\",\"columnType\":\"int(11)\",\"createBy\":\"admin\",\"isPk\":\"0\",\"createTime\":1589875829000,\"tableId\":31,\"pk\":false,\"columnName\":\"id\"},{\"usableColumn\":true,\"columnId\":280,\"isIncrement\":\"0\",\"increment\":false,\"insert\":true,\"isList\":\"1\",\"dictType\":\"\",\"required\":false,\"superColumn\":true,\"updateBy\":\"\",\"isInsert\":\"1\",\"javaField\":\"orderNum\",\"htmlType\":\"input\",\"edit\":true,\"query\":true,\"columnComment\":\"订单编号\",\"isQuery\":\"1\",\"sort\":2,\"list\":true,\"params\":{},\"javaType\":\"String\",\"queryType\":\"LIKE\",\"columnType\":\"varchar(20)\",\"createBy\":\"admin\",\"isPk\":\"0\",\"createTime\":1589875829000,\"isEdit\":\"1\",\"tableId\":31,\"pk\":false,\"columnName\":\"order_num\"},{\"usableColumn\":false,\"columnId\":281,\"isIncrement\":\"0\",\"increment\":false,\"insert\":true,\"isList\":\"1\",\"dictType\":\"\",\"required\":false,\"superColumn\":false,\"updateBy\":\"\",\"isInsert\":\"1\",\"javaField\":\"goodId\",\"htmlType\":\"input\",\"edit\":true,\"query\":true,\"columnComment\":\"商品\",\"isQuery\":\"1\",\"sort\":3,\"list\":true,\"params\":{},\"javaType\":\"Long\",\"queryType\":\"LIKE\",\"columnType\":\"int(11)\",\"createBy\":\"admin\",\"isPk\":\"0\",\"createTime\":1589875829000,\"isEdit\":\"1\",\"tableId\":31,\"pk\":false,\"columnName\":\"good_id\"},{\"usableColumn\":false,\"columnId\":282,\"isIncrement\":\"0\",\"increment\":false,\"insert\":true,\"isList\":\"1\",\"dictType\":\"\",\"required\":false,\"superColumn\":false,\"updateBy\":\"\",\"isInsert\":\"1\",\"javaField\":\"num\",\"htmlType\":\"input\",\"edit\":true,\"query\":false,\"columnComment\":\"数量\",\"sort\":4,\"list\":true,\"params\":{},\"javaType\":\"Long\",\"queryType\":\"EQ\",\"columnType\":\"double\",\"createBy\":\"admin\",\"isPk\":\"0\",\"createTime\":1589875829000,\"isEdit\":\"1\",\"tableId\":31,\"pk\":false,\"columnName\":\"num\"},{\"usableColumn\":false,\"columnId\":283,\"isIncrement\":\"0\",\"increment\":', '{\"msg\":\"操作成功\",\"code\":200}', 0, NULL, '2020-05-19 16:18:37');
INSERT INTO `sys_oper_log` VALUES (304, '代码生成', 2, 'com.logistic.project.tool.gen.controller.GenController.editSave()', 'PUT', 1, 'admin', NULL, '/tool/gen', '127.0.0.1', '内网IP', '{\"functionAuthor\":\"mag\",\"columns\":[{\"usableColumn\":false,\"columnId\":279,\"isIncrement\":\"0\",\"increment\":false,\"insert\":true,\"dictType\":\"\",\"required\":true,\"superColumn\":false,\"updateBy\":\"\",\"isInsert\":\"1\",\"isRequired\":\"1\",\"javaField\":\"id\",\"htmlType\":\"input\",\"edit\":false,\"query\":false,\"updateTime\":1589876317000,\"sort\":1,\"list\":false,\"params\":{},\"javaType\":\"Long\",\"queryType\":\"EQ\",\"columnType\":\"int(11)\",\"createBy\":\"admin\",\"isPk\":\"0\",\"createTime\":1589875829000,\"tableId\":31,\"pk\":false,\"columnName\":\"id\"},{\"usableColumn\":true,\"columnId\":280,\"isIncrement\":\"0\",\"increment\":false,\"insert\":true,\"isList\":\"1\",\"dictType\":\"\",\"required\":false,\"superColumn\":true,\"updateBy\":\"\",\"isInsert\":\"1\",\"javaField\":\"orderNum\",\"htmlType\":\"input\",\"edit\":true,\"query\":true,\"columnComment\":\"订单编号\",\"isQuery\":\"1\",\"updateTime\":1589876317000,\"sort\":2,\"list\":true,\"params\":{},\"javaType\":\"String\",\"queryType\":\"LIKE\",\"columnType\":\"varchar(20)\",\"createBy\":\"admin\",\"isPk\":\"0\",\"createTime\":1589875829000,\"isEdit\":\"1\",\"tableId\":31,\"pk\":false,\"columnName\":\"order_num\"},{\"usableColumn\":false,\"columnId\":281,\"isIncrement\":\"0\",\"increment\":false,\"insert\":true,\"isList\":\"1\",\"dictType\":\"\",\"required\":false,\"superColumn\":false,\"updateBy\":\"\",\"isInsert\":\"1\",\"javaField\":\"goodId\",\"htmlType\":\"input\",\"edit\":true,\"query\":true,\"columnComment\":\"商品\",\"isQuery\":\"1\",\"updateTime\":1589876317000,\"sort\":3,\"list\":true,\"params\":{},\"javaType\":\"Long\",\"queryType\":\"LIKE\",\"columnType\":\"int(11)\",\"createBy\":\"admin\",\"isPk\":\"0\",\"createTime\":1589875829000,\"isEdit\":\"1\",\"tableId\":31,\"pk\":false,\"columnName\":\"good_id\"},{\"usableColumn\":false,\"columnId\":282,\"isIncrement\":\"0\",\"increment\":false,\"insert\":true,\"isList\":\"1\",\"dictType\":\"\",\"required\":false,\"superColumn\":false,\"updateBy\":\"\",\"isInsert\":\"1\",\"javaField\":\"num\",\"htmlType\":\"input\",\"edit\":true,\"query\":false,\"columnComment\":\"数量\",\"updateTime\":1589876317000,\"sort\":4,\"list\":true,\"params\":{},\"javaType\":\"Long\",\"queryType\":\"EQ\",\"columnType\":\"double\",\"createBy\":\"admin\",\"isPk\":\"0\",\"createTime\":1589875829000,\"isEdit\":\"1\",\"ta', '{\"msg\":\"操作成功\",\"code\":200}', 0, NULL, '2020-05-19 16:19:10');
INSERT INTO `sys_oper_log` VALUES (305, '代码生成', 8, 'com.logistic.project.tool.gen.controller.GenController.batchGenCode()', 'GET', 1, 'admin', NULL, '/tool/gen/batchGenCode', '127.0.0.1', '内网IP', '{}', 'null', 0, NULL, '2020-05-19 16:19:15');
INSERT INTO `sys_oper_log` VALUES (306, '采购物料明细', 1, 'com.logistic.project.system.controller.CaigouOrderInfoController.add()', 'POST', 1, 'admin', NULL, '/system/cgOrderInfo', '127.0.0.1', '内网IP', '{\"num\":1,\"orderNum\":\"CG001\",\"goodId\":1,\"params\":{},\"company\":\"件\"}', '{\"msg\":\"操作成功\",\"code\":200}', 0, NULL, '2020-05-19 16:38:42');
INSERT INTO `sys_oper_log` VALUES (307, '采购物料明细', 1, 'com.logistic.project.system.controller.CaigouOrderInfoController.add()', 'POST', 1, 'admin', NULL, '/system/cgOrderInfo', '127.0.0.1', '内网IP', '{\"num\":1,\"orderNum\":\"CG001\",\"goodId\":1,\"params\":{},\"company\":\"件\"}', '{\"msg\":\"操作成功\",\"code\":200}', 0, NULL, '2020-05-19 16:59:08');
INSERT INTO `sys_oper_log` VALUES (308, '代码生成', 3, 'com.logistic.project.tool.gen.controller.GenController.remove()', 'DELETE', 1, 'admin', NULL, '/tool/gen/26', '127.0.0.1', '内网IP', '{tableIds=26}', '{\"msg\":\"操作成功\",\"code\":200}', 0, NULL, '2020-05-19 17:46:10');
INSERT INTO `sys_oper_log` VALUES (309, '代码生成', 6, 'com.logistic.project.tool.gen.controller.GenController.importTableSave()', 'POST', 1, 'admin', NULL, '/tool/gen/importTable', '127.0.0.1', '内网IP', 'bus_ruku', '{\"msg\":\"操作成功\",\"code\":200}', 0, NULL, '2020-05-19 17:46:15');
INSERT INTO `sys_oper_log` VALUES (310, '代码生成', 2, 'com.logistic.project.tool.gen.controller.GenController.editSave()', 'PUT', 1, 'admin', NULL, '/tool/gen', '127.0.0.1', '内网IP', '{\"functionAuthor\":\"mage\",\"columns\":[{\"usableColumn\":false,\"columnId\":284,\"isIncrement\":\"1\",\"increment\":true,\"insert\":false,\"isList\":\"1\",\"dictType\":\"\",\"required\":false,\"superColumn\":false,\"updateBy\":\"\",\"javaField\":\"id\",\"htmlType\":\"input\",\"edit\":false,\"query\":false,\"columnComment\":\"id\",\"sort\":1,\"list\":true,\"params\":{},\"javaType\":\"Long\",\"queryType\":\"EQ\",\"columnType\":\"int(11)\",\"createBy\":\"admin\",\"isPk\":\"1\",\"createTime\":1589881575000,\"tableId\":32,\"pk\":true,\"columnName\":\"id\"},{\"usableColumn\":false,\"columnId\":285,\"isIncrement\":\"0\",\"increment\":false,\"insert\":true,\"isList\":\"1\",\"dictType\":\"\",\"required\":false,\"superColumn\":false,\"updateBy\":\"\",\"isInsert\":\"1\",\"javaField\":\"rukuNum\",\"htmlType\":\"input\",\"edit\":true,\"query\":true,\"columnComment\":\"入库作业单\",\"isQuery\":\"1\",\"sort\":2,\"list\":true,\"params\":{},\"javaType\":\"String\",\"queryType\":\"EQ\",\"columnType\":\"varchar(30)\",\"createBy\":\"admin\",\"isPk\":\"0\",\"createTime\":1589881575000,\"isEdit\":\"1\",\"tableId\":32,\"pk\":false,\"columnName\":\"ruku_num\"},{\"usableColumn\":false,\"columnId\":286,\"isIncrement\":\"0\",\"increment\":false,\"insert\":true,\"isList\":\"1\",\"dictType\":\"\",\"required\":false,\"superColumn\":false,\"updateBy\":\"\",\"isInsert\":\"1\",\"javaField\":\"cgy\",\"htmlType\":\"input\",\"edit\":true,\"query\":false,\"columnComment\":\"仓管员\",\"sort\":3,\"list\":true,\"params\":{},\"javaType\":\"String\",\"queryType\":\"EQ\",\"columnType\":\"varchar(30)\",\"createBy\":\"admin\",\"isPk\":\"0\",\"createTime\":1589881575000,\"isEdit\":\"1\",\"tableId\":32,\"pk\":false,\"columnName\":\"cgy\"},{\"usableColumn\":false,\"columnId\":287,\"isIncrement\":\"0\",\"increment\":false,\"insert\":true,\"isList\":\"1\",\"dictType\":\"\",\"required\":false,\"superColumn\":false,\"updateBy\":\"\",\"isInsert\":\"1\",\"javaField\":\"rukuTime\",\"htmlType\":\"datetime\",\"edit\":true,\"query\":false,\"columnComment\":\"入库时间\",\"sort\":4,\"list\":true,\"params\":{},\"javaType\":\"Date\",\"queryType\":\"EQ\",\"columnType\":\"datetime\",\"createBy\":\"admin\",\"isPk\":\"0\",\"createTime\":1589881575000,\"isEdit\":\"1\",\"tableId\":32,\"pk\":false,\"columnName\":\"ruku_time\"},{\"usableColumn\":false,\"columnId\":288,\"isIncrement\":\"0\",\"increme', '{\"msg\":\"操作成功\",\"code\":200}', 0, NULL, '2020-05-19 17:47:49');
INSERT INTO `sys_oper_log` VALUES (311, '代码生成', 8, 'com.logistic.project.tool.gen.controller.GenController.batchGenCode()', 'GET', 1, 'admin', NULL, '/tool/gen/batchGenCode', '127.0.0.1', '内网IP', '{}', 'null', 0, NULL, '2020-05-19 17:47:56');
INSERT INTO `sys_oper_log` VALUES (312, '采购物料明细', 1, 'com.logistic.project.system.controller.CaigouOrderInfoController.add()', 'POST', 1, 'admin', NULL, '/system/cgOrderInfo', '127.0.0.1', '内网IP', '{\"num\":100,\"orderNum\":\"CG001\",\"goodId\":2,\"params\":{},\"company\":\"包\"}', '{\"msg\":\"操作成功\",\"code\":200}', 0, NULL, '2022-02-04 23:13:46');
INSERT INTO `sys_oper_log` VALUES (313, '采购物料明细', 1, 'com.logistic.project.system.controller.CaigouOrderInfoController.add()', 'POST', 1, 'admin', NULL, '/system/cgOrderInfo', '127.0.0.1', '内网IP', '{\"num\":100,\"orderNum\":\"CG001\",\"goodId\":2,\"params\":{},\"company\":\"包\"}', '{\"msg\":\"操作成功\",\"code\":200}', 0, NULL, '2022-02-04 23:13:46');
INSERT INTO `sys_oper_log` VALUES (314, '采购物料明细', 2, 'com.logistic.project.system.controller.CaigouOrderInfoController.edit()', 'PUT', 1, 'admin', NULL, '/system/cgOrderInfo', '127.0.0.1', '内网IP', '{\"num\":50,\"orderNum\":\"CG001\",\"goodId\":3,\"params\":{},\"company\":\"盒\",\"id\":3}', '{\"msg\":\"操作成功\",\"code\":200}', 0, NULL, '2022-02-04 23:14:49');
INSERT INTO `sys_oper_log` VALUES (315, '采购管理', 1, 'com.logistic.project.system.controller.BusInportController.add()', 'POST', 1, 'admin', NULL, '/system/inport', '127.0.0.1', '内网IP', '{\"inportprice\":3.0,\"inporttime\":1643904000000,\"params\":{},\"number\":50,\"id\":17,\"paytype\":\"0\",\"operateperson\":\"超级管理员\"}', '{\"msg\":\"操作成功\",\"code\":200}', 0, NULL, '2022-02-04 23:17:13');
INSERT INTO `sys_oper_log` VALUES (316, '采购管理', 1, 'com.logistic.project.system.controller.BusInportController.add()', 'POST', 1, 'admin', NULL, '/system/inport', '127.0.0.1', '内网IP', '{\"inportprice\":3.0,\"inporttime\":1643817600000,\"params\":{},\"number\":60,\"id\":18,\"paytype\":\"0\"}', '{\"msg\":\"操作成功\",\"code\":200}', 0, NULL, '2022-02-04 23:18:25');
INSERT INTO `sys_oper_log` VALUES (317, '采购管理', 3, 'com.logistic.project.system.controller.BusInportController.remove()', 'DELETE', 1, 'admin', NULL, '/system/inport/14', '127.0.0.1', '内网IP', '{ids=14}', '{\"msg\":\"操作成功\",\"code\":200}', 0, NULL, '2022-02-04 23:19:25');
INSERT INTO `sys_oper_log` VALUES (318, '采购管理', 3, 'com.logistic.project.system.controller.BusInportController.remove()', 'DELETE', 1, 'admin', NULL, '/system/inport/16', '127.0.0.1', '内网IP', '{ids=16}', '{\"msg\":\"操作成功\",\"code\":200}', 0, NULL, '2022-02-04 23:19:28');
INSERT INTO `sys_oper_log` VALUES (319, '采购管理', 3, 'com.logistic.project.system.controller.BusInportController.remove()', 'DELETE', 1, 'admin', NULL, '/system/inport/2', '127.0.0.1', '内网IP', '{ids=2}', '{\"msg\":\"操作成功\",\"code\":200}', 0, NULL, '2022-02-04 23:19:30');
INSERT INTO `sys_oper_log` VALUES (320, '采购管理', 3, 'com.logistic.project.system.controller.BusInportController.remove()', 'DELETE', 1, 'admin', NULL, '/system/inport/3', '127.0.0.1', '内网IP', '{ids=3}', '{\"msg\":\"操作成功\",\"code\":200}', 0, NULL, '2022-02-04 23:19:32');
INSERT INTO `sys_oper_log` VALUES (321, '采购管理', 3, 'com.logistic.project.system.controller.BusInportController.remove()', 'DELETE', 1, 'admin', NULL, '/system/inport/11', '127.0.0.1', '内网IP', '{ids=11}', '{\"msg\":\"操作成功\",\"code\":200}', 0, NULL, '2022-02-04 23:19:35');
INSERT INTO `sys_oper_log` VALUES (322, '采购管理', 3, 'com.logistic.project.system.controller.BusInportController.remove()', 'DELETE', 1, 'admin', NULL, '/system/inport/15,6,13,12', '127.0.0.1', '内网IP', '{ids=15,6,13,12}', '{\"msg\":\"操作成功\",\"code\":200}', 0, NULL, '2022-02-04 23:19:52');
INSERT INTO `sys_oper_log` VALUES (323, '采购管理', 1, 'com.logistic.project.system.controller.BusInportController.add()', 'POST', 1, 'admin', NULL, '/system/inport', '127.0.0.1', '内网IP', '{\"inportprice\":3.0,\"inporttime\":1644249600000,\"params\":{},\"number\":30,\"id\":19,\"paytype\":\"1\",\"operateperson\":\"11\"}', '{\"msg\":\"操作成功\",\"code\":200}', 0, NULL, '2022-02-04 23:20:12');
INSERT INTO `sys_oper_log` VALUES (324, '采购管理', 3, 'com.logistic.project.system.controller.BusInportController.remove()', 'DELETE', 1, 'admin', NULL, '/system/inport/8', '127.0.0.1', '内网IP', '{ids=8}', '{\"msg\":\"操作成功\",\"code\":200}', 0, NULL, '2022-02-04 23:20:36');
INSERT INTO `sys_oper_log` VALUES (325, '采购物料明细', 3, 'com.logistic.project.system.controller.CaigouOrderInfoController.remove()', 'DELETE', 1, 'admin', NULL, '/system/cgOrderInfo/3', '127.0.0.1', '内网IP', '{ids=3}', '{\"msg\":\"操作成功\",\"code\":200}', 0, NULL, '2022-02-04 23:25:00');
INSERT INTO `sys_oper_log` VALUES (326, '采购物料明细', 3, 'com.logistic.project.system.controller.CaigouOrderInfoController.remove()', 'DELETE', 1, 'admin', NULL, '/system/cgOrderInfo/2', '127.0.0.1', '内网IP', '{ids=2}', '{\"msg\":\"操作成功\",\"code\":200}', 0, NULL, '2022-02-04 23:25:02');
INSERT INTO `sys_oper_log` VALUES (327, '采购物料明细', 1, 'com.logistic.project.system.controller.CaigouOrderInfoController.add()', 'POST', 1, 'admin', NULL, '/system/cgOrderInfo', '127.0.0.1', '内网IP', '{\"num\":100,\"orderNum\":\"CG001\",\"goodId\":2,\"params\":{},\"company\":\"包\"}', '{\"msg\":\"操作成功\",\"code\":200}', 0, NULL, '2022-02-04 23:25:27');
INSERT INTO `sys_oper_log` VALUES (328, '采购管理', 1, 'com.logistic.project.system.controller.BusInportController.add()', 'POST', 1, 'admin', NULL, '/system/inport', '127.0.0.1', '内网IP', '{\"inportprice\":3.0,\"inporttime\":1643817600000,\"params\":{},\"number\":120,\"id\":20,\"paytype\":\"0\"}', '{\"msg\":\"操作成功\",\"code\":200}', 0, NULL, '2022-02-04 23:26:13');
INSERT INTO `sys_oper_log` VALUES (329, '采购管理', 1, 'com.logistic.project.system.controller.BusInportController.add()', 'POST', 1, 'admin', NULL, '/system/inport', '127.0.0.1', '内网IP', '{\"inportprice\":3.0,\"inporttime\":1643731200000,\"params\":{},\"number\":100,\"id\":21,\"paytype\":\"0\",\"operateperson\":\"超级管理员\"}', '{\"msg\":\"操作成功\",\"code\":200}', 0, NULL, '2022-02-04 23:28:08');
INSERT INTO `sys_oper_log` VALUES (330, '客户订单查询', 1, 'com.logistic.project.system.controller.BusCustomorderController.add()', 'POST', 1, 'admin', NULL, '/system/customorder', '127.0.0.1', '内网IP', '{\"orderType\":\"222\",\"custName\":\"1111\",\"params\":{},\"payType\":\"0\",\"id\":4,\"state\":\"0\",\"orderDate\":1643817600000}', '{\"msg\":\"操作成功\",\"code\":200}', 0, NULL, '2022-02-04 23:33:31');
INSERT INTO `sys_oper_log` VALUES (331, '客户订单查询', 3, 'com.logistic.project.system.controller.BusCustomorderController.remove()', 'DELETE', 1, 'admin', NULL, '/system/customorder/1', '127.0.0.1', '内网IP', '{ids=1}', '{\"msg\":\"操作成功\",\"code\":200}', 0, NULL, '2022-02-04 23:33:36');
INSERT INTO `sys_oper_log` VALUES (332, '商品', 1, 'com.logistic.project.system.controller.BusGoodsController.add()', 'POST', 1, 'admin', NULL, '/system/goods', '127.0.0.1', '内网IP', '{\"dangernum\":44,\"productcode\":\"55\",\"description\":\"bb\",\"goodsname\":\"111\",\"price\":33.0,\"id\":5,\"produceplace\":\"22\",\"params\":{},\"goodspackage\":\"44\",\"size\":\"33\",\"providerid\":4,\"promitcode\":\"55\"}', '{\"msg\":\"操作成功\",\"code\":200}', 0, NULL, '2022-02-04 23:35:07');
INSERT INTO `sys_oper_log` VALUES (333, '仓库检查', 1, 'com.logistic.project.system.controller.BusCkCheckController.add()', 'POST', 1, 'admin', NULL, '/system/check', '127.0.0.1', '内网IP', '{\"checkPerson\":\"33\",\"ckTemp\":\"22\",\"checkDate\":1643817600000,\"params\":{},\"ckNum\":\"111\",\"id\":3}', '{\"msg\":\"操作成功\",\"code\":200}', 0, NULL, '2022-02-04 23:36:02');
INSERT INTO `sys_oper_log` VALUES (334, '物料报废', 1, 'com.logistic.project.system.controller.MaterialScrapController.add()', 'POST', 1, 'admin', NULL, '/system/scrap', '127.0.0.1', '内网IP', '{\"reason\":\"aaa\",\"weight\":33,\"goodid\":3,\"params\":{},\"specifications\":\"22\",\"materialNum\":\"111\",\"scrapPerson\":\"bbb\",\"company\":\"44\",\"id\":7}', '{\"msg\":\"操作成功\",\"code\":200}', 0, NULL, '2022-02-04 23:36:19');
INSERT INTO `sys_oper_log` VALUES (335, '采购订单管理', 1, 'com.logistic.project.system.controller.BusCaigouOrderController.add()', 'POST', 1, 'admin', NULL, '/system/cgOrder', '127.0.0.1', '内网IP', '{\"cgOrderNum\":\"CG003\",\"cgDate\":1643817600000,\"params\":{},\"cgy\":\"bbb\",\"providerId\":1,\"id\":3,\"state\":0}', '{\"msg\":\"操作成功\",\"code\":200}', 0, NULL, '2022-02-04 23:37:20');
INSERT INTO `sys_oper_log` VALUES (336, '采购申请', 1, 'com.logistic.project.system.controller.BusPurchaseController.add()', 'POST', 1, 'admin', NULL, '/system/purchase', '127.0.0.1', '内网IP', '{\"purchaseDate\":1643904000000,\"params\":{},\"completeDate\":1644076800000,\"person\":\"bbb\",\"id\":2,\"purchaseNum\":\"CGSQ002\"}', '{\"msg\":\"操作成功\",\"code\":200}', 0, NULL, '2022-02-04 23:38:05');
INSERT INTO `sys_oper_log` VALUES (337, '配送运输', 1, 'com.logistic.project.system.controller.BusDeliveryController.add()', 'POST', 1, 'admin', NULL, '/system/delivery', '127.0.0.1', '内网IP', '{\"address\":\"33\",\"deliveryPerson\":\"111\",\"deliveryTime\":1643644800000,\"goodsid\":3,\"params\":{},\"operator\":\"343\"}', '{\"msg\":\"操作成功\",\"code\":200}', 0, NULL, '2022-02-05 19:22:35');
INSERT INTO `sys_oper_log` VALUES (338, '采购管理', 1, 'com.logistic.project.system.controller.BusInportController.add()', 'POST', 1, 'admin', NULL, '/system/inport', '127.0.0.1', '内网IP', '{\"inportprice\":314.0,\"inporttime\":1643558400000,\"params\":{},\"number\":32,\"id\":22,\"paytype\":\"1\",\"operateperson\":\"111\"}', '{\"msg\":\"操作成功\",\"code\":200}', 0, NULL, '2022-02-05 19:23:21');
INSERT INTO `sys_oper_log` VALUES (339, '入库接单', 1, 'com.logistic.project.system.controller.BusRukuController.add()', 'POST', 1, 'admin', NULL, '/system/ruku', '127.0.0.1', '内网IP', '{\"params\":{},\"cgy\":\"222\",\"rukuTime\":1644336000000,\"id\":2,\"rukuNum\":\"111\"}', '{\"msg\":\"操作成功\",\"code\":200}', 0, NULL, '2022-02-05 19:46:42');
INSERT INTO `sys_oper_log` VALUES (340, '客户单据', 1, 'com.logistic.project.system.controller.ShippingdocController.add()', 'POST', 1, 'admin', NULL, '/system/shippingdoc', '127.0.0.1', '内网IP', '{\"params\":{},\"warehouse\":\"44\",\"operator\":\"22\",\"cgy\":\"11\",\"shipPerson\":\"23\",\"id\":2,\"shippingTime\":1643644800000}', '{\"msg\":\"操作成功\",\"code\":200}', 0, NULL, '2022-02-05 19:47:42');
INSERT INTO `sys_oper_log` VALUES (341, '客户单据', 2, 'com.logistic.project.system.controller.ShippingdocController.edit()', 'PUT', 1, 'admin', NULL, '/system/shippingdoc', '127.0.0.1', '内网IP', '{\"params\":{},\"warehouse\":\"44\",\"operator\":\"22\",\"cgy\":\"11\",\"shipPerson\":\"23\",\"id\":2,\"shippingTime\":1643644800000}', '{\"msg\":\"操作成功\",\"code\":200}', 0, NULL, '2022-02-05 19:47:54');
INSERT INTO `sys_oper_log` VALUES (342, '客户订单查询', 1, 'com.logistic.project.system.controller.BusCustomorderController.add()', 'POST', 1, 'admin', NULL, '/system/customorder', '127.0.0.1', '内网IP', '{\"orderType\":\"11\",\"custName\":\"11\",\"params\":{},\"payType\":\"0\",\"id\":5,\"state\":\"0\",\"orderDate\":1643644800000}', '{\"msg\":\"操作成功\",\"code\":200}', 0, NULL, '2022-02-05 19:48:15');
INSERT INTO `sys_oper_log` VALUES (343, '采购管理', 1, 'com.logistic.project.system.controller.BusInportController.add()', 'POST', 1, 'admin', NULL, '/system/inport', '127.0.0.1', '内网IP', '{\"inportprice\":33.0,\"inporttime\":1643644800000,\"params\":{},\"number\":22,\"id\":23,\"paytype\":\"0\",\"operateperson\":\"11\"}', '{\"msg\":\"操作成功\",\"code\":200}', 0, NULL, '2022-02-05 19:49:57');
INSERT INTO `sys_oper_log` VALUES (344, '采购管理', 2, 'com.logistic.project.system.controller.BusInportController.edit()', 'PUT', 1, 'admin', NULL, '/system/inport', '127.0.0.1', '内网IP', '{\"inportprice\":33.0,\"goodsid\":2,\"remark\":\"22\",\"inporttime\":1643990400000,\"params\":{},\"number\":22,\"id\":23,\"paytype\":\"1\",\"operateperson\":\"11\"}', '{\"msg\":\"操作成功\",\"code\":200}', 0, NULL, '2022-02-05 19:57:55');
INSERT INTO `sys_oper_log` VALUES (345, '采购管理', 2, 'com.logistic.project.system.controller.BusInportController.edit()', 'PUT', 1, 'admin', NULL, '/system/inport', '127.0.0.1', '内网IP', '{\"inportprice\":33.0,\"goodsid\":2,\"remark\":\"22\",\"inporttime\":1643990400000,\"params\":{},\"number\":44,\"id\":23,\"paytype\":\"1\",\"operateperson\":\"11\"}', '{\"msg\":\"操作成功\",\"code\":200}', 0, NULL, '2022-02-05 19:58:20');
INSERT INTO `sys_oper_log` VALUES (346, '入库接单', 2, 'com.logistic.project.system.controller.BusRukuController.edit()', 'PUT', 1, 'admin', NULL, '/system/ruku', '127.0.0.1', '内网IP', '{\"params\":{},\"cgy\":\"xiaoma\",\"rukuTime\":1589644800000,\"id\":1,\"rukuNum\":\"RUKU001\"}', '{\"msg\":\"操作成功\",\"code\":200}', 0, NULL, '2022-02-05 20:00:47');
INSERT INTO `sys_oper_log` VALUES (347, '入库接单', 2, 'com.logistic.project.system.controller.BusRukuController.edit()', 'PUT', 1, 'admin', NULL, '/system/ruku', '127.0.0.1', '内网IP', '{\"params\":{},\"cgy\":\"222\",\"rukuTime\":1644336000000,\"id\":2,\"rukuNum\":\"33\"}', '{\"msg\":\"操作成功\",\"code\":200}', 0, NULL, '2022-02-05 20:00:51');
INSERT INTO `sys_oper_log` VALUES (348, '客户单据', 1, 'com.logistic.project.system.controller.ShippingdocController.add()', 'POST', 1, 'admin', NULL, '/system/shippingdoc', '127.0.0.1', '内网IP', '{\"params\":{},\"warehouse\":\"3\",\"operator\":\"2\",\"cgy\":\"11\",\"shipPerson\":\"2\",\"id\":3,\"shippingTime\":1643558400000}', '{\"msg\":\"操作成功\",\"code\":200}', 0, NULL, '2022-02-05 20:01:40');
INSERT INTO `sys_oper_log` VALUES (349, '客户单据', 2, 'com.logistic.project.system.controller.ShippingdocController.edit()', 'PUT', 1, 'admin', NULL, '/system/shippingdoc', '127.0.0.1', '内网IP', '{\"params\":{},\"warehouse\":\"3\",\"operator\":\"2\",\"cgy\":\"11\",\"shipPerson\":\"2\",\"id\":3,\"shippingTime\":1643558400000}', '{\"msg\":\"操作成功\",\"code\":200}', 0, NULL, '2022-02-05 20:01:46');
INSERT INTO `sys_oper_log` VALUES (350, '采购管理', 1, 'com.logistic.project.system.controller.BusInportController.add()', 'POST', 1, 'admin', NULL, '/system/inport', '127.0.0.1', '内网IP', '{\"inportprice\":33.0,\"inporttime\":1644249600000,\"params\":{},\"number\":222,\"id\":24,\"paytype\":\"1\",\"operateperson\":\"11\"}', '{\"msg\":\"操作成功\",\"code\":200}', 0, NULL, '2022-02-05 20:04:23');
INSERT INTO `sys_oper_log` VALUES (351, '采购管理', 3, 'com.logistic.project.system.controller.BusInportController.remove()', 'DELETE', 1, 'admin', NULL, '/system/inport/23', '127.0.0.1', '内网IP', '{ids=23}', '{\"msg\":\"操作成功\",\"code\":200}', 0, NULL, '2022-02-05 20:10:42');
INSERT INTO `sys_oper_log` VALUES (352, '采购管理', 1, 'com.logistic.project.system.controller.BusInportController.add()', 'POST', 1, 'admin', NULL, '/system/inport', '127.0.0.1', '内网IP', '{\"inportprice\":3.0,\"inporttime\":1645372800000,\"params\":{},\"number\":2,\"id\":25,\"paytype\":\"0\",\"operateperson\":\"1\"}', '{\"msg\":\"操作成功\",\"code\":200}', 0, NULL, '2022-02-05 20:11:14');
INSERT INTO `sys_oper_log` VALUES (353, '采购管理', 1, 'com.logistic.project.system.controller.BusInportController.add()', 'POST', 1, 'admin', NULL, '/system/inport', '127.0.0.1', '内网IP', '{\"inportprice\":333.0,\"goodsid\":3,\"inporttime\":1643558400000,\"params\":{},\"number\":222,\"id\":26,\"paytype\":\"0\",\"operateperson\":\"11\"}', '{\"msg\":\"操作成功\",\"code\":200}', 0, NULL, '2022-02-05 20:11:19');
INSERT INTO `sys_oper_log` VALUES (354, '采购管理', 1, 'com.logistic.project.system.controller.BusInportController.add()', 'POST', 1, 'admin', NULL, '/system/inport', '127.0.0.1', '内网IP', '{\"inportprice\":333.0,\"goodsid\":3,\"inporttime\":1643558400000,\"params\":{},\"number\":222,\"id\":27,\"paytype\":\"0\",\"operateperson\":\"11\"}', '{\"msg\":\"操作成功\",\"code\":200}', 0, NULL, '2022-02-05 20:11:36');
INSERT INTO `sys_oper_log` VALUES (355, '采购管理', 2, 'com.logistic.project.system.controller.BusInportController.edit()', 'PUT', 1, 'admin', NULL, '/system/inport', '127.0.0.1', '内网IP', '{\"inportprice\":33344.0,\"goodsid\":3,\"inporttime\":1643558400000,\"params\":{},\"number\":222,\"id\":27,\"paytype\":\"0\",\"operateperson\":\"11\"}', '{\"msg\":\"操作成功\",\"code\":200}', 0, NULL, '2022-02-05 20:12:57');
INSERT INTO `sys_oper_log` VALUES (356, '采购管理', 2, 'com.logistic.project.system.controller.BusInportController.edit()', 'PUT', 1, 'admin', NULL, '/system/inport', '127.0.0.1', '内网IP', '{\"inportprice\":32.0,\"goodsid\":3,\"inporttime\":1643558400000,\"params\":{},\"number\":222,\"id\":27,\"paytype\":\"0\",\"operateperson\":\"11\"}', '{\"msg\":\"操作成功\",\"code\":200}', 0, NULL, '2022-02-05 20:13:01');
INSERT INTO `sys_oper_log` VALUES (357, '采购管理', 2, 'com.logistic.project.system.controller.BusInportController.edit()', 'PUT', 1, 'admin', NULL, '/system/inport', '127.0.0.1', '内网IP', '{\"inportprice\":32.0,\"goodsid\":3,\"inporttime\":1643558400000,\"params\":{},\"number\":112,\"id\":27,\"paytype\":\"0\",\"operateperson\":\"11\"}', '{\"msg\":\"操作成功\",\"code\":200}', 0, NULL, '2022-02-05 20:13:06');
INSERT INTO `sys_oper_log` VALUES (358, '采购管理', 2, 'com.logistic.project.system.controller.BusInportController.edit()', 'PUT', 1, 'admin', NULL, '/system/inport', '127.0.0.1', '内网IP', '{\"inportprice\":32.0,\"goodsid\":3,\"inporttime\":1643558400000,\"params\":{},\"number\":112,\"id\":27,\"paytype\":\"0\",\"operateperson\":\"aa\"}', '{\"msg\":\"操作成功\",\"code\":200}', 0, NULL, '2022-02-05 20:13:11');
INSERT INTO `sys_oper_log` VALUES (359, '采购管理', 2, 'com.logistic.project.system.controller.BusInportController.edit()', 'PUT', 1, 'admin', NULL, '/system/inport', '127.0.0.1', '内网IP', '{\"inportprice\":32.0,\"goodsid\":1,\"inporttime\":1643558400000,\"params\":{},\"number\":112,\"id\":27,\"paytype\":\"0\",\"operateperson\":\"aa\"}', '{\"msg\":\"操作成功\",\"code\":200}', 0, NULL, '2022-02-05 20:13:16');
INSERT INTO `sys_oper_log` VALUES (360, '采购管理', 2, 'com.logistic.project.system.controller.BusInportController.edit()', 'PUT', 1, 'admin', NULL, '/system/inport', '127.0.0.1', '内网IP', '{\"inportprice\":333.0,\"goodsid\":4,\"inporttime\":1643558400000,\"params\":{},\"number\":222,\"id\":26,\"paytype\":\"0\",\"operateperson\":\"11\"}', '{\"msg\":\"操作成功\",\"code\":200}', 0, NULL, '2022-02-05 20:13:23');
INSERT INTO `sys_oper_log` VALUES (361, '采购管理', 2, 'com.logistic.project.system.controller.BusInportController.edit()', 'PUT', 1, 'admin', NULL, '/system/inport', '127.0.0.1', '内网IP', '{\"inportprice\":32.0,\"goodsid\":4,\"inporttime\":1643558400000,\"params\":{},\"number\":112,\"id\":27,\"paytype\":\"0\",\"operateperson\":\"aa\"}', '{\"msg\":\"操作成功\",\"code\":200}', 0, NULL, '2022-02-05 20:13:29');
INSERT INTO `sys_oper_log` VALUES (362, '采购管理', 2, 'com.logistic.project.system.controller.BusInportController.edit()', 'PUT', 1, 'admin', NULL, '/system/inport', '127.0.0.1', '内网IP', '{\"inportprice\":1.5,\"goodsid\":3,\"remark\":\"sadfasfdsa\",\"inporttime\":1533571200000,\"params\":{},\"number\":100,\"id\":10,\"paytype\":\"支付宝\",\"operateperson\":\"超级管理员\"}', '{\"msg\":\"操作成功\",\"code\":200}', 0, NULL, '2022-02-05 20:13:36');
INSERT INTO `sys_oper_log` VALUES (363, '采购管理', 2, 'com.logistic.project.system.controller.BusInportController.edit()', 'PUT', 1, 'admin', NULL, '/system/inport', '127.0.0.1', '内网IP', '{\"inportprice\":32.0,\"goodsid\":3,\"inporttime\":1643558400000,\"params\":{},\"number\":112,\"id\":27,\"paytype\":\"1\",\"operateperson\":\"aa\"}', '{\"msg\":\"操作成功\",\"code\":200}', 0, NULL, '2022-02-05 20:13:44');
INSERT INTO `sys_oper_log` VALUES (364, '采购管理', 2, 'com.logistic.project.system.controller.BusInportController.edit()', 'PUT', 1, 'admin', NULL, '/system/inport', '127.0.0.1', '内网IP', '{\"inportprice\":1.5,\"goodsid\":3,\"remark\":\"sadfasfdsa\",\"inporttime\":1533052800000,\"params\":{},\"number\":100,\"id\":10,\"paytype\":\"支付宝\",\"operateperson\":\"超级管理员\"}', '{\"msg\":\"操作成功\",\"code\":200}', 0, NULL, '2022-02-05 20:21:32');
INSERT INTO `sys_oper_log` VALUES (365, '出库管理', 2, 'com.logistic.project.system.controller.BusOutportController.edit()', 'PUT', 1, 'admin', NULL, '/system/outport', '127.0.0.1', '内网IP', '{\"outportprice\":12321321,\"goodsid\":1,\"remark\":\"\",\"params\":{},\"outputtime\":1565884800000,\"number\":1,\"providerid\":3,\"id\":1,\"paytype\":\"1\",\"operateperson\":\"超级管理员\"}', '{\"msg\":\"操作成功\",\"code\":200}', 0, NULL, '2022-02-05 20:23:14');
INSERT INTO `sys_oper_log` VALUES (366, '出库管理', 1, 'com.logistic.project.system.controller.BusOutportController.add()', 'POST', 1, 'admin', NULL, '/system/outport', '127.0.0.1', '内网IP', '{\"outportprice\":22,\"goodsid\":1,\"params\":{},\"outputtime\":1643644800000,\"number\":33,\"providerid\":2,\"id\":4,\"paytype\":\"0\",\"operateperson\":\"11\"}', '{\"msg\":\"操作成功\",\"code\":200}', 0, NULL, '2022-02-05 20:47:22');
INSERT INTO `sys_oper_log` VALUES (367, '出库管理', 2, 'com.logistic.project.system.controller.BusOutportController.edit()', 'PUT', 1, 'admin', NULL, '/system/outport', '127.0.0.1', '内网IP', '{\"outportprice\":22,\"goodsid\":1,\"params\":{},\"outputtime\":1643644800000,\"number\":33,\"providerid\":4,\"id\":4,\"paytype\":\"0\",\"operateperson\":\"11\"}', '{\"msg\":\"操作成功\",\"code\":200}', 0, NULL, '2022-02-05 20:47:40');
INSERT INTO `sys_oper_log` VALUES (368, '客户订单查询', 2, 'com.logistic.project.system.controller.BusCustomorderController.edit()', 'PUT', 1, 'admin', NULL, '/system/customorder', '127.0.0.1', '内网IP', '{\"orderType\":\"国内\",\"custName\":\"中兴\",\"params\":{},\"payType\":\"1\",\"id\":2,\"state\":\"0\",\"orderDate\":1589212800000}', '{\"msg\":\"操作成功\",\"code\":200}', 0, NULL, '2022-02-05 20:49:40');
INSERT INTO `sys_oper_log` VALUES (369, '采购管理', 2, 'com.logistic.project.system.controller.BusInportController.edit()', 'PUT', 1, 'admin', NULL, '/system/inport', '127.0.0.1', '内网IP', '{\"inportprice\":2.0,\"goodsid\":1,\"remark\":\"无\",\"inporttime\":1525622400000,\"params\":{},\"number\":1000,\"id\":4,\"paytype\":\"0\",\"operateperson\":\"张三\"}', '{\"msg\":\"操作成功\",\"code\":200}', 0, NULL, '2022-02-05 21:10:28');
INSERT INTO `sys_oper_log` VALUES (370, '采购管理', 2, 'com.logistic.project.system.controller.BusInportController.edit()', 'PUT', 1, 'admin', NULL, '/system/inport', '127.0.0.1', '内网IP', '{\"inportprice\":1.0,\"goodsid\":1,\"remark\":\"无\",\"inporttime\":1525622400000,\"params\":{},\"number\":100,\"id\":5,\"paytype\":\"1\",\"operateperson\":\"张三\"}', '{\"msg\":\"操作成功\",\"code\":200}', 0, NULL, '2022-02-05 21:10:33');
INSERT INTO `sys_oper_log` VALUES (371, '采购管理', 2, 'com.logistic.project.system.controller.BusInportController.edit()', 'PUT', 1, 'admin', NULL, '/system/inport', '127.0.0.1', '内网IP', '{\"inportprice\":1.5,\"goodsid\":3,\"remark\":\"sadfasfdsa\",\"inporttime\":1533052800000,\"params\":{},\"number\":100,\"id\":10,\"paytype\":\"1\",\"operateperson\":\"超级管理员\"}', '{\"msg\":\"操作成功\",\"code\":200}', 0, NULL, '2022-02-05 21:10:37');
INSERT INTO `sys_oper_log` VALUES (372, '出库管理', 2, 'com.logistic.project.system.controller.BusOutportController.edit()', 'PUT', 1, 'admin', NULL, '/system/outport', '127.0.0.1', '内网IP', '{\"outportprice\":12321321,\"goodsid\":1,\"remark\":\"\",\"params\":{},\"outputtime\":1565884800000,\"number\":1,\"providerid\":3,\"id\":1,\"paytype\":\"0\",\"operateperson\":\"超级管理员\"}', '{\"msg\":\"操作成功\",\"code\":200}', 0, NULL, '2022-02-05 21:11:53');
INSERT INTO `sys_oper_log` VALUES (373, '出库管理', 2, 'com.logistic.project.system.controller.BusOutportController.edit()', 'PUT', 1, 'admin', NULL, '/system/outport', '127.0.0.1', '内网IP', '{\"outportprice\":12321321,\"goodsid\":1,\"remark\":\"11\",\"params\":{},\"outputtime\":1565884800000,\"number\":11,\"providerid\":3,\"id\":2,\"paytype\":\"1\",\"operateperson\":\"超级管理员\"}', '{\"msg\":\"操作成功\",\"code\":200}', 0, NULL, '2022-02-05 21:11:57');
INSERT INTO `sys_oper_log` VALUES (374, '出库管理', 2, 'com.logistic.project.system.controller.BusOutportController.edit()', 'PUT', 1, 'admin', NULL, '/system/outport', '127.0.0.1', '内网IP', '{\"outportprice\":22,\"goodsid\":2,\"remark\":\"sasa\",\"params\":{},\"outputtime\":1583337600000,\"number\":2,\"providerid\":1,\"id\":3,\"paytype\":\"1\",\"operateperson\":\"超级管理员\"}', '{\"msg\":\"操作成功\",\"code\":200}', 0, NULL, '2022-02-05 21:12:02');
INSERT INTO `sys_oper_log` VALUES (375, '出库管理', 2, 'com.logistic.project.system.controller.BusOutportController.edit()', 'PUT', 1, 'admin', NULL, '/system/outport', '127.0.0.1', '内网IP', '{\"outportprice\":12321321,\"goodsid\":1,\"remark\":\"\",\"params\":{},\"outputtime\":1565884800000,\"number\":2,\"providerid\":3,\"id\":1,\"paytype\":\"0\",\"operateperson\":\"超级管理员\"}', '{\"msg\":\"操作成功\",\"code\":200}', 0, NULL, '2022-02-05 21:14:07');
INSERT INTO `sys_oper_log` VALUES (376, '出库管理', 2, 'com.logistic.project.system.controller.BusOutportController.edit()', 'PUT', 1, 'admin', NULL, '/system/outport', '127.0.0.1', '内网IP', '{\"outportprice\":22,\"goodsid\":2,\"remark\":\"sasa\",\"params\":{},\"outputtime\":1583337600000,\"number\":23,\"providerid\":1,\"id\":3,\"paytype\":\"1\",\"operateperson\":\"超级管理员\"}', '{\"msg\":\"操作成功\",\"code\":200}', 0, NULL, '2022-02-05 21:14:11');
INSERT INTO `sys_oper_log` VALUES (377, '出库管理', 2, 'com.logistic.project.system.controller.BusOutportController.edit()', 'PUT', 1, 'admin', NULL, '/system/outport', '127.0.0.1', '内网IP', '{\"outportprice\":22,\"goodsid\":2,\"remark\":\"sasa\",\"params\":{},\"outputtime\":1583337600000,\"number\":23,\"providerid\":1,\"id\":3,\"paytype\":\"0\",\"operateperson\":\"超级管理员\"}', '{\"msg\":\"操作成功\",\"code\":200}', 0, NULL, '2022-02-05 21:14:18');
INSERT INTO `sys_oper_log` VALUES (378, '出库管理', 2, 'com.logistic.project.system.controller.BusOutportController.edit()', 'PUT', 1, 'admin', NULL, '/system/outport', '127.0.0.1', '内网IP', '{\"outportprice\":22,\"goodsid\":4,\"remark\":\"sasa\",\"params\":{},\"outputtime\":1583337600000,\"number\":23,\"providerid\":1,\"id\":3,\"paytype\":\"0\",\"operateperson\":\"超级管理员\"}', '{\"msg\":\"操作成功\",\"code\":200}', 0, NULL, '2022-02-05 21:14:24');
INSERT INTO `sys_oper_log` VALUES (379, '客户订单查询', 2, 'com.logistic.project.system.controller.BusCustomorderController.edit()', 'PUT', 1, 'admin', NULL, '/system/customorder', '127.0.0.1', '内网IP', '{\"orderType\":\"国内\",\"custName\":\"中兴\",\"params\":{},\"payType\":\"0\",\"id\":2,\"state\":\"0\",\"orderDate\":1589212800000}', '{\"msg\":\"操作成功\",\"code\":200}', 0, NULL, '2022-02-05 21:14:38');
INSERT INTO `sys_oper_log` VALUES (380, '代码生成', 8, 'com.logistic.project.tool.gen.controller.GenController.batchGenCode()', 'GET', 1, 'admin', NULL, '/tool/gen/batchGenCode', '127.0.0.1', '内网IP', '{}', 'null', 0, NULL, '2022-02-05 22:45:39');
INSERT INTO `sys_oper_log` VALUES (381, '客户单据', 2, 'com.logistic.project.system.controller.ShippingdocController.edit()', 'PUT', 1, 'admin', NULL, '/system/shippingdoc', '127.0.0.1', '内网IP', '{\"params\":{},\"warehouse\":\"44\",\"operator\":\"22\",\"cgy\":\"11\",\"shipPerson\":\"23\",\"id\":2,\"shippingTime\":1643644800000}', '{\"msg\":\"操作成功\",\"code\":200}', 0, NULL, '2022-02-05 22:51:55');
INSERT INTO `sys_oper_log` VALUES (382, '客户单据', 1, 'com.logistic.project.system.controller.ShippingdocController.add()', 'POST', 1, 'admin', NULL, '/system/shippingdoc', '127.0.0.1', '内网IP', '{\"params\":{},\"warehouse\":\"44\",\"operator\":\"22\",\"cgy\":\"11\",\"shipPerson\":\"33\",\"id\":4,\"shippingTime\":1643644800000}', '{\"msg\":\"操作成功\",\"code\":200}', 0, NULL, '2022-02-05 22:52:15');
INSERT INTO `sys_oper_log` VALUES (383, '客户单据', 2, 'com.logistic.project.system.controller.ShippingdocController.edit()', 'PUT', 1, 'admin', NULL, '/system/shippingdoc', '127.0.0.1', '内网IP', '{\"goodsid\":4,\"params\":{},\"warehouse\":\"1号仓库\",\"operator\":\"admin\",\"cgy\":\"admin\",\"shipPerson\":\"宋师傅\",\"id\":1,\"shippingTime\":1588780800000}', '{\"msg\":\"操作成功\",\"code\":200}', 0, NULL, '2022-02-05 22:56:01');
INSERT INTO `sys_oper_log` VALUES (384, '客户单据', 2, 'com.logistic.project.system.controller.ShippingdocController.edit()', 'PUT', 1, 'admin', NULL, '/system/shippingdoc', '127.0.0.1', '内网IP', '{\"goodsid\":1,\"params\":{},\"warehouse\":\"44\",\"operator\":\"22\",\"cgy\":\"11\",\"shipPerson\":\"23\",\"id\":2,\"shippingTime\":1643644800000}', '{\"msg\":\"操作成功\",\"code\":200}', 0, NULL, '2022-02-05 22:56:06');
INSERT INTO `sys_oper_log` VALUES (385, '客户单据', 2, 'com.logistic.project.system.controller.ShippingdocController.edit()', 'PUT', 1, 'admin', NULL, '/system/shippingdoc', '127.0.0.1', '内网IP', '{\"goodsid\":2,\"params\":{},\"warehouse\":\"3\",\"operator\":\"2\",\"cgy\":\"11\",\"shipPerson\":\"2\",\"id\":3,\"shippingTime\":1643558400000}', '{\"msg\":\"操作成功\",\"code\":200}', 0, NULL, '2022-02-05 22:56:11');
INSERT INTO `sys_oper_log` VALUES (386, '客户单据', 2, 'com.logistic.project.system.controller.ShippingdocController.edit()', 'PUT', 1, 'admin', NULL, '/system/shippingdoc', '127.0.0.1', '内网IP', '{\"goodsid\":2,\"params\":{},\"warehouse\":\"44\",\"operator\":\"22\",\"cgy\":\"11\",\"shipPerson\":\"33\",\"id\":4,\"shippingTime\":1643644800000}', '{\"msg\":\"操作成功\",\"code\":200}', 0, NULL, '2022-02-05 22:56:16');

-- ----------------------------
-- Table structure for sys_post
-- ----------------------------
DROP TABLE IF EXISTS `sys_post`;
CREATE TABLE `sys_post`  (
  `post_id` bigint(20) NOT NULL AUTO_INCREMENT COMMENT '岗位ID',
  `post_code` varchar(64) CHARACTER SET utf8 COLLATE utf8_bin NOT NULL COMMENT '岗位编码',
  `post_name` varchar(50) CHARACTER SET utf8 COLLATE utf8_bin NOT NULL COMMENT '岗位名称',
  `post_sort` int(4) NOT NULL COMMENT '显示顺序',
  `status` char(1) CHARACTER SET utf8 COLLATE utf8_bin NOT NULL COMMENT '状态（0正常 1停用）',
  `create_by` varchar(64) CHARACTER SET utf8 COLLATE utf8_bin NULL DEFAULT '' COMMENT '创建者',
  `create_time` datetime(0) NULL DEFAULT NULL COMMENT '创建时间',
  `update_by` varchar(64) CHARACTER SET utf8 COLLATE utf8_bin NULL DEFAULT '' COMMENT '更新者',
  `update_time` datetime(0) NULL DEFAULT NULL COMMENT '更新时间',
  `remark` varchar(500) CHARACTER SET utf8 COLLATE utf8_bin NULL DEFAULT NULL COMMENT '备注',
  PRIMARY KEY (`post_id`) USING BTREE
) ENGINE = InnoDB AUTO_INCREMENT = 5 CHARACTER SET = utf8 COLLATE = utf8_bin COMMENT = '岗位信息表' ROW_FORMAT = Compact;

-- ----------------------------
-- Records of sys_post
-- ----------------------------
INSERT INTO `sys_post` VALUES (1, 'ceo', '董事长', 1, '0', 'admin', '2018-03-16 11:33:00', 'ry', '2018-03-16 11:33:00', '');
INSERT INTO `sys_post` VALUES (2, 'se', '项目经理', 2, '0', 'admin', '2018-03-16 11:33:00', 'ry', '2018-03-16 11:33:00', '');
INSERT INTO `sys_post` VALUES (3, 'hr', '人力资源', 3, '0', 'admin', '2018-03-16 11:33:00', 'ry', '2018-03-16 11:33:00', '');
INSERT INTO `sys_post` VALUES (4, 'user', '普通员工', 4, '0', 'admin', '2018-03-16 11:33:00', 'ry', '2018-03-16 11:33:00', '');

-- ----------------------------
-- Table structure for sys_role
-- ----------------------------
DROP TABLE IF EXISTS `sys_role`;
CREATE TABLE `sys_role`  (
  `role_id` bigint(20) NOT NULL AUTO_INCREMENT COMMENT '角色ID',
  `role_name` varchar(30) CHARACTER SET utf8 COLLATE utf8_bin NOT NULL COMMENT '角色名称',
  `role_key` varchar(100) CHARACTER SET utf8 COLLATE utf8_bin NOT NULL COMMENT '角色权限字符串',
  `role_sort` int(4) NOT NULL COMMENT '显示顺序',
  `data_scope` char(1) CHARACTER SET utf8 COLLATE utf8_bin NULL DEFAULT '1' COMMENT '数据范围（1：全部数据权限 2：自定数据权限 3：本部门数据权限 4：本部门及以下数据权限）',
  `status` char(1) CHARACTER SET utf8 COLLATE utf8_bin NOT NULL COMMENT '角色状态（0正常 1停用）',
  `del_flag` char(1) CHARACTER SET utf8 COLLATE utf8_bin NULL DEFAULT '0' COMMENT '删除标志（0代表存在 2代表删除）',
  `create_by` varchar(64) CHARACTER SET utf8 COLLATE utf8_bin NULL DEFAULT '' COMMENT '创建者',
  `create_time` datetime(0) NULL DEFAULT NULL COMMENT '创建时间',
  `update_by` varchar(64) CHARACTER SET utf8 COLLATE utf8_bin NULL DEFAULT '' COMMENT '更新者',
  `update_time` datetime(0) NULL DEFAULT NULL COMMENT '更新时间',
  `remark` varchar(500) CHARACTER SET utf8 COLLATE utf8_bin NULL DEFAULT NULL COMMENT '备注',
  PRIMARY KEY (`role_id`) USING BTREE
) ENGINE = InnoDB AUTO_INCREMENT = 4 CHARACTER SET = utf8 COLLATE = utf8_bin COMMENT = '角色信息表' ROW_FORMAT = Compact;

-- ----------------------------
-- Records of sys_role
-- ----------------------------
INSERT INTO `sys_role` VALUES (1, '管理员', 'admin', 1, '1', '0', '0', 'admin', '2018-03-16 11:33:00', 'ry', '2018-03-16 11:33:00', '管理员');
INSERT INTO `sys_role` VALUES (2, '普通角色', 'common', 2, '2', '0', '0', 'admin', '2018-03-16 11:33:00', 'ry', '2018-03-16 11:33:00', '普通角色');
INSERT INTO `sys_role` VALUES (3, '特殊角色', 'common1', 3, '1', '0', '0', 'admin', '2020-05-09 15:35:20', '', NULL, NULL);

-- ----------------------------
-- Table structure for sys_role_dept
-- ----------------------------
DROP TABLE IF EXISTS `sys_role_dept`;
CREATE TABLE `sys_role_dept`  (
  `role_id` bigint(20) NOT NULL COMMENT '角色ID',
  `dept_id` bigint(20) NOT NULL COMMENT '部门ID',
  PRIMARY KEY (`role_id`, `dept_id`) USING BTREE
) ENGINE = InnoDB CHARACTER SET = utf8 COLLATE = utf8_bin COMMENT = '角色和部门关联表' ROW_FORMAT = Compact;

-- ----------------------------
-- Records of sys_role_dept
-- ----------------------------
INSERT INTO `sys_role_dept` VALUES (2, 100);
INSERT INTO `sys_role_dept` VALUES (2, 101);
INSERT INTO `sys_role_dept` VALUES (2, 105);

-- ----------------------------
-- Table structure for sys_role_menu
-- ----------------------------
DROP TABLE IF EXISTS `sys_role_menu`;
CREATE TABLE `sys_role_menu`  (
  `role_id` bigint(20) NOT NULL COMMENT '角色ID',
  `menu_id` bigint(20) NOT NULL COMMENT '菜单ID',
  PRIMARY KEY (`role_id`, `menu_id`) USING BTREE
) ENGINE = InnoDB CHARACTER SET = utf8 COLLATE = utf8_bin COMMENT = '角色和菜单关联表' ROW_FORMAT = Compact;

-- ----------------------------
-- Records of sys_role_menu
-- ----------------------------
INSERT INTO `sys_role_menu` VALUES (2, 1);
INSERT INTO `sys_role_menu` VALUES (2, 2);
INSERT INTO `sys_role_menu` VALUES (2, 3);
INSERT INTO `sys_role_menu` VALUES (2, 4);
INSERT INTO `sys_role_menu` VALUES (2, 100);
INSERT INTO `sys_role_menu` VALUES (2, 101);
INSERT INTO `sys_role_menu` VALUES (2, 102);
INSERT INTO `sys_role_menu` VALUES (2, 103);
INSERT INTO `sys_role_menu` VALUES (2, 104);
INSERT INTO `sys_role_menu` VALUES (2, 105);
INSERT INTO `sys_role_menu` VALUES (2, 106);
INSERT INTO `sys_role_menu` VALUES (2, 107);
INSERT INTO `sys_role_menu` VALUES (2, 108);
INSERT INTO `sys_role_menu` VALUES (2, 109);
INSERT INTO `sys_role_menu` VALUES (2, 110);
INSERT INTO `sys_role_menu` VALUES (2, 111);
INSERT INTO `sys_role_menu` VALUES (2, 112);
INSERT INTO `sys_role_menu` VALUES (2, 113);
INSERT INTO `sys_role_menu` VALUES (2, 114);
INSERT INTO `sys_role_menu` VALUES (2, 115);
INSERT INTO `sys_role_menu` VALUES (2, 500);
INSERT INTO `sys_role_menu` VALUES (2, 501);
INSERT INTO `sys_role_menu` VALUES (2, 1000);
INSERT INTO `sys_role_menu` VALUES (2, 1001);
INSERT INTO `sys_role_menu` VALUES (2, 1002);
INSERT INTO `sys_role_menu` VALUES (2, 1003);
INSERT INTO `sys_role_menu` VALUES (2, 1004);
INSERT INTO `sys_role_menu` VALUES (2, 1005);
INSERT INTO `sys_role_menu` VALUES (2, 1006);
INSERT INTO `sys_role_menu` VALUES (2, 1007);
INSERT INTO `sys_role_menu` VALUES (2, 1008);
INSERT INTO `sys_role_menu` VALUES (2, 1009);
INSERT INTO `sys_role_menu` VALUES (2, 1010);
INSERT INTO `sys_role_menu` VALUES (2, 1011);
INSERT INTO `sys_role_menu` VALUES (2, 1012);
INSERT INTO `sys_role_menu` VALUES (2, 1013);
INSERT INTO `sys_role_menu` VALUES (2, 1014);
INSERT INTO `sys_role_menu` VALUES (2, 1015);
INSERT INTO `sys_role_menu` VALUES (2, 1016);
INSERT INTO `sys_role_menu` VALUES (2, 1017);
INSERT INTO `sys_role_menu` VALUES (2, 1018);
INSERT INTO `sys_role_menu` VALUES (2, 1019);
INSERT INTO `sys_role_menu` VALUES (2, 1020);
INSERT INTO `sys_role_menu` VALUES (2, 1021);
INSERT INTO `sys_role_menu` VALUES (2, 1022);
INSERT INTO `sys_role_menu` VALUES (2, 1023);
INSERT INTO `sys_role_menu` VALUES (2, 1024);
INSERT INTO `sys_role_menu` VALUES (2, 1025);
INSERT INTO `sys_role_menu` VALUES (2, 1026);
INSERT INTO `sys_role_menu` VALUES (2, 1027);
INSERT INTO `sys_role_menu` VALUES (2, 1028);
INSERT INTO `sys_role_menu` VALUES (2, 1029);
INSERT INTO `sys_role_menu` VALUES (2, 1030);
INSERT INTO `sys_role_menu` VALUES (2, 1031);
INSERT INTO `sys_role_menu` VALUES (2, 1032);
INSERT INTO `sys_role_menu` VALUES (2, 1033);
INSERT INTO `sys_role_menu` VALUES (2, 1034);
INSERT INTO `sys_role_menu` VALUES (2, 1035);
INSERT INTO `sys_role_menu` VALUES (2, 1036);
INSERT INTO `sys_role_menu` VALUES (2, 1037);
INSERT INTO `sys_role_menu` VALUES (2, 1038);
INSERT INTO `sys_role_menu` VALUES (2, 1039);
INSERT INTO `sys_role_menu` VALUES (2, 1040);
INSERT INTO `sys_role_menu` VALUES (2, 1041);
INSERT INTO `sys_role_menu` VALUES (2, 1042);
INSERT INTO `sys_role_menu` VALUES (2, 1043);
INSERT INTO `sys_role_menu` VALUES (2, 1044);
INSERT INTO `sys_role_menu` VALUES (2, 1045);
INSERT INTO `sys_role_menu` VALUES (2, 1046);
INSERT INTO `sys_role_menu` VALUES (2, 1047);
INSERT INTO `sys_role_menu` VALUES (2, 1048);
INSERT INTO `sys_role_menu` VALUES (2, 1049);
INSERT INTO `sys_role_menu` VALUES (2, 1050);
INSERT INTO `sys_role_menu` VALUES (2, 1051);
INSERT INTO `sys_role_menu` VALUES (2, 1052);
INSERT INTO `sys_role_menu` VALUES (2, 1053);
INSERT INTO `sys_role_menu` VALUES (2, 1054);
INSERT INTO `sys_role_menu` VALUES (2, 1055);
INSERT INTO `sys_role_menu` VALUES (2, 1056);
INSERT INTO `sys_role_menu` VALUES (2, 1057);
INSERT INTO `sys_role_menu` VALUES (2, 1058);
INSERT INTO `sys_role_menu` VALUES (2, 1059);
INSERT INTO `sys_role_menu` VALUES (2, 1060);
INSERT INTO `sys_role_menu` VALUES (3, 1);
INSERT INTO `sys_role_menu` VALUES (3, 100);
INSERT INTO `sys_role_menu` VALUES (3, 101);
INSERT INTO `sys_role_menu` VALUES (3, 102);
INSERT INTO `sys_role_menu` VALUES (3, 103);
INSERT INTO `sys_role_menu` VALUES (3, 104);
INSERT INTO `sys_role_menu` VALUES (3, 105);
INSERT INTO `sys_role_menu` VALUES (3, 106);
INSERT INTO `sys_role_menu` VALUES (3, 107);
INSERT INTO `sys_role_menu` VALUES (3, 108);
INSERT INTO `sys_role_menu` VALUES (3, 500);
INSERT INTO `sys_role_menu` VALUES (3, 501);
INSERT INTO `sys_role_menu` VALUES (3, 1001);
INSERT INTO `sys_role_menu` VALUES (3, 1002);
INSERT INTO `sys_role_menu` VALUES (3, 1003);
INSERT INTO `sys_role_menu` VALUES (3, 1004);
INSERT INTO `sys_role_menu` VALUES (3, 1005);
INSERT INTO `sys_role_menu` VALUES (3, 1006);
INSERT INTO `sys_role_menu` VALUES (3, 1007);
INSERT INTO `sys_role_menu` VALUES (3, 1008);
INSERT INTO `sys_role_menu` VALUES (3, 1009);
INSERT INTO `sys_role_menu` VALUES (3, 1010);
INSERT INTO `sys_role_menu` VALUES (3, 1011);
INSERT INTO `sys_role_menu` VALUES (3, 1012);
INSERT INTO `sys_role_menu` VALUES (3, 1013);
INSERT INTO `sys_role_menu` VALUES (3, 1014);
INSERT INTO `sys_role_menu` VALUES (3, 1015);
INSERT INTO `sys_role_menu` VALUES (3, 1016);
INSERT INTO `sys_role_menu` VALUES (3, 1017);
INSERT INTO `sys_role_menu` VALUES (3, 1018);
INSERT INTO `sys_role_menu` VALUES (3, 1019);
INSERT INTO `sys_role_menu` VALUES (3, 1020);
INSERT INTO `sys_role_menu` VALUES (3, 1021);
INSERT INTO `sys_role_menu` VALUES (3, 1022);
INSERT INTO `sys_role_menu` VALUES (3, 1023);
INSERT INTO `sys_role_menu` VALUES (3, 1024);
INSERT INTO `sys_role_menu` VALUES (3, 1025);
INSERT INTO `sys_role_menu` VALUES (3, 1026);
INSERT INTO `sys_role_menu` VALUES (3, 1027);
INSERT INTO `sys_role_menu` VALUES (3, 1028);
INSERT INTO `sys_role_menu` VALUES (3, 1029);
INSERT INTO `sys_role_menu` VALUES (3, 1030);
INSERT INTO `sys_role_menu` VALUES (3, 1031);
INSERT INTO `sys_role_menu` VALUES (3, 1032);
INSERT INTO `sys_role_menu` VALUES (3, 1033);
INSERT INTO `sys_role_menu` VALUES (3, 1034);
INSERT INTO `sys_role_menu` VALUES (3, 1035);
INSERT INTO `sys_role_menu` VALUES (3, 1036);
INSERT INTO `sys_role_menu` VALUES (3, 1037);
INSERT INTO `sys_role_menu` VALUES (3, 1038);
INSERT INTO `sys_role_menu` VALUES (3, 1039);
INSERT INTO `sys_role_menu` VALUES (3, 1040);
INSERT INTO `sys_role_menu` VALUES (3, 1041);
INSERT INTO `sys_role_menu` VALUES (3, 1042);
INSERT INTO `sys_role_menu` VALUES (3, 1043);
INSERT INTO `sys_role_menu` VALUES (3, 1044);
INSERT INTO `sys_role_menu` VALUES (3, 1045);
INSERT INTO `sys_role_menu` VALUES (3, 1061);
INSERT INTO `sys_role_menu` VALUES (3, 1065);
INSERT INTO `sys_role_menu` VALUES (3, 1066);
INSERT INTO `sys_role_menu` VALUES (3, 1067);
INSERT INTO `sys_role_menu` VALUES (3, 1068);
INSERT INTO `sys_role_menu` VALUES (3, 1069);
INSERT INTO `sys_role_menu` VALUES (3, 1070);

-- ----------------------------
-- Table structure for sys_user
-- ----------------------------
DROP TABLE IF EXISTS `sys_user`;
CREATE TABLE `sys_user`  (
  `user_id` bigint(20) NOT NULL AUTO_INCREMENT COMMENT '用户ID',
  `dept_id` bigint(20) NULL DEFAULT NULL COMMENT '部门ID',
  `user_name` varchar(30) CHARACTER SET utf8 COLLATE utf8_bin NOT NULL COMMENT '用户账号',
  `nick_name` varchar(30) CHARACTER SET utf8 COLLATE utf8_bin NOT NULL COMMENT '用户昵称',
  `user_type` varchar(2) CHARACTER SET utf8 COLLATE utf8_bin NULL DEFAULT '00' COMMENT '用户类型（00系统用户）',
  `email` varchar(50) CHARACTER SET utf8 COLLATE utf8_bin NULL DEFAULT '' COMMENT '用户邮箱',
  `phonenumber` varchar(11) CHARACTER SET utf8 COLLATE utf8_bin NULL DEFAULT '' COMMENT '手机号码',
  `sex` char(1) CHARACTER SET utf8 COLLATE utf8_bin NULL DEFAULT '0' COMMENT '用户性别（0男 1女 2未知）',
  `avatar` varchar(100) CHARACTER SET utf8 COLLATE utf8_bin NULL DEFAULT '' COMMENT '头像地址',
  `password` varchar(100) CHARACTER SET utf8 COLLATE utf8_bin NULL DEFAULT '' COMMENT '密码',
  `status` char(1) CHARACTER SET utf8 COLLATE utf8_bin NULL DEFAULT '0' COMMENT '帐号状态（0正常 1停用）',
  `del_flag` char(1) CHARACTER SET utf8 COLLATE utf8_bin NULL DEFAULT '0' COMMENT '删除标志（0代表存在 2代表删除）',
  `login_ip` varchar(50) CHARACTER SET utf8 COLLATE utf8_bin NULL DEFAULT '' COMMENT '最后登陆IP',
  `login_date` datetime(0) NULL DEFAULT NULL COMMENT '最后登陆时间',
  `create_by` varchar(64) CHARACTER SET utf8 COLLATE utf8_bin NULL DEFAULT '' COMMENT '创建者',
  `create_time` datetime(0) NULL DEFAULT NULL COMMENT '创建时间',
  `update_by` varchar(64) CHARACTER SET utf8 COLLATE utf8_bin NULL DEFAULT '' COMMENT '更新者',
  `update_time` datetime(0) NULL DEFAULT NULL COMMENT '更新时间',
  `remark` varchar(500) CHARACTER SET utf8 COLLATE utf8_bin NULL DEFAULT NULL COMMENT '备注',
  PRIMARY KEY (`user_id`) USING BTREE
) ENGINE = InnoDB AUTO_INCREMENT = 4 CHARACTER SET = utf8 COLLATE = utf8_bin COMMENT = '用户信息表' ROW_FORMAT = Compact;

-- ----------------------------
-- Records of sys_user
-- ----------------------------
INSERT INTO `sys_user` VALUES (1, 103, 'admin', 'ruoyi', '00', 'ry@163.com', '15888888888', '0', '', '$2a$10$7JB720yubVSZvUI0rEqK/.VqGOZTH.ulu33dHOiBE8ByOhJIrdAu2', '0', '0', '127.0.0.1', '2018-03-16 11:33:00', 'admin', '2018-03-16 11:33:00', 'ry', '2020-05-18 15:08:29', '管理员');
INSERT INTO `sys_user` VALUES (2, 105, 'ry', '诺一', '00', 'ry@qq.com', '15666666666', '0', '', '$2a$10$7JB720yubVSZvUI0rEqK/.VqGOZTH.ulu33dHOiBE8ByOhJIrdAu2', '0', '0', '127.0.0.1', '2018-03-16 11:33:00', 'admin', '2018-03-16 11:33:00', 'admin', '2020-04-24 16:22:19', '测试员');
INSERT INTO `sys_user` VALUES (3, 100, 'mmy', 'mmy', '00', '331887602@qq.com', '18981722787', '1', '', '$2a$10$hoQiKAh27xK1EBwhP7E6DexFbFfbV/tjAytDFeNPf5rIzxg5CbiF.', '0', '0', '', NULL, 'admin', '2020-04-22 14:47:26', 'admin', '2020-05-09 15:38:32', NULL);

-- ----------------------------
-- Table structure for sys_user_post
-- ----------------------------
DROP TABLE IF EXISTS `sys_user_post`;
CREATE TABLE `sys_user_post`  (
  `user_id` bigint(20) NOT NULL COMMENT '用户ID',
  `post_id` bigint(20) NOT NULL COMMENT '岗位ID',
  PRIMARY KEY (`user_id`, `post_id`) USING BTREE
) ENGINE = InnoDB CHARACTER SET = utf8 COLLATE = utf8_bin COMMENT = '用户与岗位关联表' ROW_FORMAT = Compact;

-- ----------------------------
-- Records of sys_user_post
-- ----------------------------
INSERT INTO `sys_user_post` VALUES (1, 1);
INSERT INTO `sys_user_post` VALUES (2, 2);
INSERT INTO `sys_user_post` VALUES (3, 3);

-- ----------------------------
-- Table structure for sys_user_role
-- ----------------------------
DROP TABLE IF EXISTS `sys_user_role`;
CREATE TABLE `sys_user_role`  (
  `user_id` bigint(20) NOT NULL COMMENT '用户ID',
  `role_id` bigint(20) NOT NULL COMMENT '角色ID',
  PRIMARY KEY (`user_id`, `role_id`) USING BTREE
) ENGINE = InnoDB CHARACTER SET = utf8 COLLATE = utf8_bin COMMENT = '用户和角色关联表' ROW_FORMAT = Compact;

-- ----------------------------
-- Records of sys_user_role
-- ----------------------------
INSERT INTO `sys_user_role` VALUES (1, 1);
INSERT INTO `sys_user_role` VALUES (2, 2);
INSERT INTO `sys_user_role` VALUES (3, 2);

SET FOREIGN_KEY_CHECKS = 1;
