/*
SQLyog Professional v12.09 (64 bit)
MySQL - 5.7.24 : Database - ry-vue
*********************************************************************
*/

/*!40101 SET NAMES utf8 */;

/*!40101 SET SQL_MODE=''*/;

/*!40014 SET @OLD_UNIQUE_CHECKS=@@UNIQUE_CHECKS, UNIQUE_CHECKS=0 */;
/*!40014 SET @OLD_FOREIGN_KEY_CHECKS=@@FOREIGN_KEY_CHECKS, FOREIGN_KEY_CHECKS=0 */;
/*!40101 SET @OLD_SQL_MODE=@@SQL_MODE, SQL_MODE='NO_AUTO_VALUE_ON_ZERO' */;
/*!40111 SET @OLD_SQL_NOTES=@@SQL_NOTES, SQL_NOTES=0 */;
CREATE DATABASE /*!32312 IF NOT EXISTS*/`ry-vue` /*!40100 DEFAULT CHARACTER SET utf8 COLLATE utf8_bin */;

USE `ry-vue`;

/*Table structure for table `bus_caigou_order` */

DROP TABLE IF EXISTS `bus_caigou_order`;

CREATE TABLE `bus_caigou_order` (
  `id` int(11) NOT NULL AUTO_INCREMENT COMMENT 'id',
  `cg_order_num` varchar(20) COLLATE utf8_bin DEFAULT NULL COMMENT 'é‡‡è´­è®¢å•ç¼–å·',
  `provider_id` int(11) DEFAULT NULL COMMENT 'ä¾›åº”å•†',
  `cg_date` date DEFAULT NULL COMMENT 'é‡‡è´­æ—¥æœŸ',
  `cgy` varchar(30) COLLATE utf8_bin DEFAULT NULL COMMENT 'é‡‡è´­å‘˜',
  `state` int(11) DEFAULT NULL COMMENT 'çŠ¶æ€',
  PRIMARY KEY (`id`)
) ENGINE=InnoDB AUTO_INCREMENT=3 DEFAULT CHARSET=utf8 COLLATE=utf8_bin;

/*Data for the table `bus_caigou_order` */

insert  into `bus_caigou_order`(`id`,`cg_order_num`,`provider_id`,`cg_date`,`cgy`,`state`) values (1,'CG001',1,'2020-05-13','cg001',0),(2,'CG002',2,'2020-05-04','xiaozhang',0);

/*Table structure for table `bus_ck_check` */

DROP TABLE IF EXISTS `bus_ck_check`;

CREATE TABLE `bus_ck_check` (
  `id` int(11) NOT NULL AUTO_INCREMENT,
  `ck_num` varchar(20) COLLATE utf8_bin DEFAULT NULL COMMENT 'ä»“åº“ç¼–å·',
  `ck_temp` varchar(10) COLLATE utf8_bin DEFAULT NULL COMMENT 'æ¸©åº¦',
  `check_person` varchar(20) COLLATE utf8_bin DEFAULT NULL COMMENT 'æ£€æŸ¥äºº',
  `check_date` date DEFAULT NULL COMMENT 'æ£€æŸ¥æ—¥æœŸ',
  KEY `id` (`id`)
) ENGINE=InnoDB AUTO_INCREMENT=3 DEFAULT CHARSET=utf8 COLLATE=utf8_bin;

/*Data for the table `bus_ck_check` */

insert  into `bus_ck_check`(`id`,`ck_num`,`ck_temp`,`check_person`,`check_date`) values (1,'CK3','24','å°é©¬','2020-05-13'),(2,'CK004','30','mg','2020-05-26');

/*Table structure for table `bus_customer` */

DROP TABLE IF EXISTS `bus_customer`;

CREATE TABLE `bus_customer` (
  `id` int(11) NOT NULL AUTO_INCREMENT,
  `customername` varchar(255) DEFAULT NULL,
  `zip` varchar(255) DEFAULT NULL,
  `address` varchar(255) DEFAULT NULL,
  `telephone` varchar(255) DEFAULT NULL,
  `connectionpersion` varchar(255) DEFAULT NULL,
  `phone` varchar(255) DEFAULT NULL,
  `bank` varchar(255) DEFAULT NULL,
  `account` varchar(255) DEFAULT NULL,
  `email` varchar(255) DEFAULT NULL,
  `fax` varchar(255) DEFAULT NULL,
  `available` varchar(255) DEFAULT NULL,
  PRIMARY KEY (`id`) USING BTREE
) ENGINE=InnoDB AUTO_INCREMENT=10 DEFAULT CHARSET=utf8 ROW_FORMAT=DYNAMIC;

/*Data for the table `bus_customer` */

insert  into `bus_customer`(`id`,`customername`,`zip`,`address`,`telephone`,`connectionpersion`,`phone`,`bank`,`account`,`email`,`fax`,`available`) values (1,'å°å¼ è¶…å¸‚','222','æ­¦æ±‰','027-9123131','å¼ å¤§æ˜','15279230588','ä¸­å›½é“¶è¡Œ','654431331343413','213123@sina.com','430001','1'),(2,'å°æ˜è¶…å¸‚','333','æ·±åœ³','0755-9123131','å¼ å°æ˜','13064154936','ä¸­å›½é“¶è¡Œ','654431331343413','213123@sina.com','430000','1'),(3,'å¿«ä¸ƒè¶…å¸‚','430000','æ­¦æ±‰','027-11011011','é›·ç”Ÿ','13617020687','æ‹›å•†é“¶è¡Œ','6543123341334133','6666@66.com','545341','1'),(4,'ä¸½äº‘è¶…å¸‚','332005','åé‡Œå¤§é“1039å·','0792-13658745','å°„å¯å¯','13648524759','å»ºè®¾é“¶è¡Œ','36245684125509','13648524759@163.com','152632','1'),(8,'å¯»é²è¶…å¸‚','332005','åé‡Œå¤§æ¥¼','0792-56214528','å‘¨ä¸‰','15236987455','å†œä¸šé“¶è¡Œ','362458651236509','15236987455@163.com','320156','1'),(9,'morty','0341','xxx','13976544647','morty','13976544647','å·¥å•†','4555156356222','13976544647@163.com','0786','1');

/*Table structure for table `bus_customorder` */

DROP TABLE IF EXISTS `bus_customorder`;

CREATE TABLE `bus_customorder` (
  `id` int(11) NOT NULL AUTO_INCREMENT COMMENT 'id',
  `cust_name` varchar(20) COLLATE utf8_bin DEFAULT NULL COMMENT 'å®¢æˆ·åç§°',
  `order_date` date DEFAULT NULL COMMENT 'è®¢å•æ—¥æœŸ',
  `order_type` varchar(10) COLLATE utf8_bin DEFAULT NULL COMMENT 'è®¢å•ç±»å‹',
  `pay_type` char(10) COLLATE utf8_bin DEFAULT NULL COMMENT 'ä»˜æ¬¾æ–¹å¼',
  `state` char(10) COLLATE utf8_bin DEFAULT NULL COMMENT 'çŠ¶æ€',
  PRIMARY KEY (`id`)
) ENGINE=InnoDB AUTO_INCREMENT=4 DEFAULT CHARSET=utf8 COLLATE=utf8_bin;

/*Data for the table `bus_customorder` */

insert  into `bus_customorder`(`id`,`cust_name`,`order_date`,`order_type`,`pay_type`,`state`) values (1,'è‹¹æœ','2020-05-13','å›½å†…','åˆ°ä»˜','å·²æ´¾é€'),(2,'ä¸­å…´','2020-05-12','å›½å†…','0','0'),(3,'åä¸º','2020-05-05','å°åŒº','0','0');

/*Table structure for table `bus_delivery` */

DROP TABLE IF EXISTS `bus_delivery`;

CREATE TABLE `bus_delivery` (
  `id` int(11) NOT NULL AUTO_INCREMENT COMMENT 'id',
  `goodsid` int(11) DEFAULT NULL COMMENT 'å•†å“',
  `delivery_time` datetime DEFAULT NULL COMMENT 'é…é€æ—¶é—´',
  `delivery_person` varchar(30) COLLATE utf8_bin DEFAULT NULL COMMENT 'é…é€äººå‘˜',
  `address` varchar(30) COLLATE utf8_bin DEFAULT NULL COMMENT 'é…é€åœ°å€',
  `operator` varchar(30) COLLATE utf8_bin DEFAULT NULL COMMENT 'æ“ä½œå‘˜',
  PRIMARY KEY (`id`)
) ENGINE=InnoDB AUTO_INCREMENT=2 DEFAULT CHARSET=utf8 COLLATE=utf8_bin;

/*Data for the table `bus_delivery` */

insert  into `bus_delivery`(`id`,`goodsid`,`delivery_time`,`delivery_person`,`address`,`operator`) values (1,1,'2020-05-07 00:00:00','è¶…çº§ç›ä¸½','é«˜æ–°åŒº','mmy');

/*Table structure for table `bus_goods` */

DROP TABLE IF EXISTS `bus_goods`;

CREATE TABLE `bus_goods` (
  `id` int(11) NOT NULL AUTO_INCREMENT,
  `goodsname` varchar(255) DEFAULT NULL,
  `produceplace` varchar(255) DEFAULT NULL,
  `size` varchar(255) DEFAULT NULL,
  `goodspackage` varchar(255) DEFAULT NULL,
  `productcode` varchar(255) DEFAULT NULL,
  `promitcode` varchar(255) DEFAULT NULL,
  `description` varchar(255) DEFAULT NULL,
  `price` double(10,2) DEFAULT NULL,
  `number` int(11) DEFAULT NULL,
  `dangernum` int(11) DEFAULT NULL,
  `goodsimg` varchar(255) DEFAULT NULL,
  `available` int(11) DEFAULT NULL,
  `providerid` int(11) DEFAULT NULL,
  PRIMARY KEY (`id`) USING BTREE
) ENGINE=InnoDB AUTO_INCREMENT=5 DEFAULT CHARSET=utf8 ROW_FORMAT=DYNAMIC;

/*Data for the table `bus_goods` */

insert  into `bus_goods`(`id`,`goodsname`,`produceplace`,`size`,`goodspackage`,`productcode`,`promitcode`,`description`,`price`,`number`,`dangernum`,`goodsimg`,`available`,`providerid`) values (1,'å¨ƒå“ˆå“ˆ','æ­¦æ±‰','120ML','ç“¶','PH12345','PZ1234','å°å­©å­éƒ½çˆ±çš„',2.00,487,10,'2018-12-25/userface1.jpg',1,3),(2,'æ—ºæ—ºé›ªé¥¼[å°åŒ…]','ä»™æ¡ƒ','åŒ…','è¢‹','PH12312312','PZ12312','å¥½åƒä¸ä¸Šç«',4.00,1109,10,'2018-12-25/userface2.jpg',1,1),(3,'æ—ºæ—ºå¤§ç¤¼åŒ…','ä»™æ¡ƒ','ç›’','ç›’','11','11','111',28.00,1021,100,'2018-12-25/userface3.jpg',1,1),(4,'å¨ƒå“ˆå“ˆ','æ­¦æ±‰','200ML','ç“¶','11','111','12321',3.00,1100,10,'2018-12-25/userface4.jpg',1,3);

/*Table structure for table `bus_inport` */

DROP TABLE IF EXISTS `bus_inport`;

CREATE TABLE `bus_inport` (
  `id` int(11) NOT NULL AUTO_INCREMENT COMMENT 'id',
  `paytype` varchar(255) DEFAULT NULL COMMENT 'æ”¯ä»˜ç±»å‹',
  `inporttime` datetime DEFAULT NULL ON UPDATE CURRENT_TIMESTAMP COMMENT 'è¿›è´§æ—¶é—´',
  `operateperson` varchar(255) DEFAULT NULL COMMENT 'æ“ä½œå‘˜',
  `number` int(11) DEFAULT NULL COMMENT 'è¿›è´§æ•°é‡',
  `remark` varchar(255) DEFAULT NULL COMMENT 'å¤‡æ³¨',
  `inportprice` double(10,2) DEFAULT NULL COMMENT 'è¿›è´§ä»·æ ¼',
  `providerid` int(11) DEFAULT NULL COMMENT 'ä¾›è´§å•†',
  `goodsid` int(11) DEFAULT NULL COMMENT 'å•†å“id',
  PRIMARY KEY (`id`) USING BTREE
) ENGINE=InnoDB AUTO_INCREMENT=17 DEFAULT CHARSET=utf8 ROW_FORMAT=DYNAMIC;

/*Data for the table `bus_inport` */

insert  into `bus_inport`(`id`,`paytype`,`inporttime`,`operateperson`,`number`,`remark`,`inportprice`,`providerid`,`goodsid`) values (1,'1','2018-05-07 00:00:00','å¼ ä¸‰',100,'å¤‡æ³¨',3.50,1,1),(2,'æ”¯ä»˜å®','2018-05-07 00:00:00','å¼ ä¸‰',1000,'æ— ',2.50,3,3),(3,'é“¶è”','2018-05-07 00:00:00','å¼ ä¸‰',100,'1231',111.00,3,3),(4,'é“¶è”','2018-05-07 00:00:00','å¼ ä¸‰',1000,'æ— ',2.00,3,1),(5,'é“¶è”','2018-05-07 00:00:00','å¼ ä¸‰',100,'æ— ',1.00,3,1),(6,'é“¶è”','2018-05-07 00:00:00','å¼ ä¸‰',100,'1231',2.50,1,2),(8,'æ”¯ä»˜å®','2018-05-07 00:00:00','å¼ ä¸‰',100,'',1.00,3,1),(10,'æ”¯ä»˜å®','2018-08-07 17:17:57','è¶…çº§ç®¡ç†å‘˜',100,'sadfasfdsa',1.50,3,1),(11,'æ”¯ä»˜å®','2018-09-17 00:00:00','è¶…çº§ç®¡ç†å‘˜',21,'21',21.00,1,3),(12,'å¾®ä¿¡','2018-12-25 16:48:24','è¶…çº§ç®¡ç†å‘˜',100,'123213213',12321321.00,3,1),(13,'é“¶è”','2020-03-05 18:52:51','è¶…çº§ç®¡ç†å‘˜',9,'daddaa',22.00,1,2),(14,'0','2020-05-09 15:32:30',NULL,22,NULL,33.00,NULL,2),(15,'0','2020-05-09 15:32:34','dd',33,NULL,44.00,NULL,1),(16,'0','2020-05-09 15:26:44','mmy',10,NULL,23.00,1,2);

/*Table structure for table `bus_outport` */

DROP TABLE IF EXISTS `bus_outport`;

CREATE TABLE `bus_outport` (
  `id` int(11) NOT NULL AUTO_INCREMENT COMMENT 'id',
  `providerid` int(11) DEFAULT NULL COMMENT 'ä¾›åº”å•†',
  `paytype` varchar(255) COLLATE utf8_unicode_ci DEFAULT NULL COMMENT 'æ”¯ä»˜ç±»å‹',
  `outputtime` datetime DEFAULT NULL COMMENT 'é€€è´§æ—¶é—´',
  `operateperson` varchar(255) COLLATE utf8_unicode_ci DEFAULT NULL COMMENT 'æ“ä½œå‘˜',
  `outportprice` double DEFAULT NULL COMMENT 'é€€è´§ä»·æ ¼',
  `number` int(11) DEFAULT NULL COMMENT 'æ•°é‡',
  `remark` varchar(255) COLLATE utf8_unicode_ci DEFAULT NULL COMMENT 'å¤‡æ³¨',
  `goodsid` int(11) DEFAULT NULL COMMENT 'å•†å“',
  PRIMARY KEY (`id`) USING BTREE
) ENGINE=InnoDB AUTO_INCREMENT=4 DEFAULT CHARSET=utf8 COLLATE=utf8_unicode_ci ROW_FORMAT=COMPACT;

/*Data for the table `bus_outport` */

insert  into `bus_outport`(`id`,`providerid`,`paytype`,`outputtime`,`operateperson`,`outportprice`,`number`,`remark`,`goodsid`) values (1,3,'å¾®ä¿¡','2019-08-16 00:00:00','è¶…çº§ç®¡ç†å‘˜',12321321,1,'',1),(2,3,'å¾®ä¿¡','2019-08-16 08:26:54','è¶…çº§ç®¡ç†å‘˜',12321321,11,'11',1),(3,1,'é“¶è”','2020-03-05 18:53:04','è¶…çº§ç®¡ç†å‘˜',22,2,'sasa',2);

/*Table structure for table `bus_provider` */

DROP TABLE IF EXISTS `bus_provider`;

CREATE TABLE `bus_provider` (
  `id` int(11) NOT NULL AUTO_INCREMENT,
  `providername` varchar(255) COLLATE utf8_unicode_ci DEFAULT NULL,
  `zip` varchar(255) COLLATE utf8_unicode_ci DEFAULT NULL,
  `address` varchar(255) COLLATE utf8_unicode_ci DEFAULT NULL,
  `telephone` varchar(255) COLLATE utf8_unicode_ci DEFAULT NULL,
  `connectionperson` varchar(255) COLLATE utf8_unicode_ci DEFAULT NULL,
  `phone` varchar(255) COLLATE utf8_unicode_ci DEFAULT NULL,
  `bank` varchar(255) COLLATE utf8_unicode_ci DEFAULT NULL,
  `account` varchar(255) COLLATE utf8_unicode_ci DEFAULT NULL,
  `email` varchar(255) COLLATE utf8_unicode_ci DEFAULT NULL,
  `fax` varchar(255) COLLATE utf8_unicode_ci DEFAULT NULL,
  `available` int(11) DEFAULT NULL,
  PRIMARY KEY (`id`) USING BTREE
) ENGINE=InnoDB AUTO_INCREMENT=6 DEFAULT CHARSET=utf8 COLLATE=utf8_unicode_ci ROW_FORMAT=COMPACT;

/*Data for the table `bus_provider` */

insert  into `bus_provider`(`id`,`providername`,`zip`,`address`,`telephone`,`connectionperson`,`phone`,`bank`,`account`,`email`,`fax`,`available`) values (1,'æ—ºæ—ºé£Ÿå“','434000','ä»™æ¡ƒ','0728-4124312','å°æ˜','13413441141','ä¸­å›½å†œä¸šé“¶è¡Œ','654124345131','12312321@sina.com','5123123',1),(2,'è¾¾åˆ©å›­é£Ÿå“','430000','æ±‰å·','0728-4124312','å¤§æ˜','13413441141','ä¸­å›½å†œä¸šé“¶è¡Œ','654124345131','12312321@sina.com','5123123',1),(3,'å¨ƒå“ˆå“ˆé›†å›¢','513131','æ­å·','21312','å°æ™¨','12312','å»ºè®¾é“¶è¡Œ','512314141541','123131','312312',1),(4,'è’™ç‰›é›†å›¢','332005','å†…è’™å¤','0790-362514856','å§¿æ€','13617252689','ä¸­å›½é“¶è¡Œ','36214587962509','13617252689@163.com','364145',1),(5,'ä¼Šåˆ©é›†å›¢','562115','å†…è’™å¤','0792-36548569','Rita','13698560566','å»ºè®¾é“¶è¡Œ','3621458963596509','13698560566@163.com','362514',1);

/*Table structure for table `bus_purchase` */

DROP TABLE IF EXISTS `bus_purchase`;

CREATE TABLE `bus_purchase` (
  `id` int(11) NOT NULL AUTO_INCREMENT,
  `purchase_num` varchar(30) COLLATE utf8_bin DEFAULT NULL COMMENT 'é‡‡è´­ç”³è¯·å•ç¼–å·',
  `purchase_date` date DEFAULT NULL COMMENT 'ç”³è¯·æ—¥æœŸ',
  `complete_date` date DEFAULT NULL COMMENT 'å®Œæˆæ—¥æœŸ',
  `person` varchar(20) COLLATE utf8_bin DEFAULT NULL COMMENT 'ç”³è¯·äºº',
  `purchase_state` int(10) DEFAULT '0' COMMENT 'é‡‡è´­çŠ¶æ€',
  PRIMARY KEY (`id`)
) ENGINE=InnoDB AUTO_INCREMENT=2 DEFAULT CHARSET=utf8 COLLATE=utf8_bin;

/*Data for the table `bus_purchase` */

insert  into `bus_purchase`(`id`,`purchase_num`,`purchase_date`,`complete_date`,`person`,`purchase_state`) values (1,'CGSQ001','2020-05-07','2020-05-28','mage',0);

/*Table structure for table `bus_purchase_info` */

DROP TABLE IF EXISTS `bus_purchase_info`;

CREATE TABLE `bus_purchase_info` (
  `id` int(11) NOT NULL AUTO_INCREMENT,
  `purchase_num` varchar(11) COLLATE utf8_bin DEFAULT NULL COMMENT 'é‡‡è´­è®¢å•ç¼–å·',
  `good_id` int(11) DEFAULT NULL COMMENT 'å•†å“',
  `num` double DEFAULT NULL COMMENT 'æ•°é‡',
  `purchase_date` date DEFAULT NULL COMMENT 'æ—¥æœŸ',
  KEY `id` (`id`)
) ENGINE=InnoDB AUTO_INCREMENT=4 DEFAULT CHARSET=utf8 COLLATE=utf8_bin;

/*Data for the table `bus_purchase_info` */

insert  into `bus_purchase_info`(`id`,`purchase_num`,`good_id`,`num`,`purchase_date`) values (1,'CGSQ001',1,2,'2020-05-18'),(2,'CGSQ001',2,3,'2020-05-18'),(3,'CGSQ001',4,3,'2020-05-18');

/*Table structure for table `bus_ruku` */

DROP TABLE IF EXISTS `bus_ruku`;

CREATE TABLE `bus_ruku` (
  `id` int(11) NOT NULL AUTO_INCREMENT COMMENT 'id',
  `ruku_num` varchar(30) COLLATE utf8_bin DEFAULT NULL COMMENT 'å…¥åº“ä½œä¸šå•',
  `cgy` varchar(30) COLLATE utf8_bin DEFAULT NULL COMMENT 'ä»“ç®¡å‘˜',
  `ruku_time` datetime DEFAULT NULL COMMENT 'å…¥åº“æ—¶é—´',
  `dhtz` varchar(11) COLLATE utf8_bin DEFAULT NULL COMMENT 'åˆ°è´§é€šçŸ¥å•',
  PRIMARY KEY (`id`)
) ENGINE=InnoDB AUTO_INCREMENT=2 DEFAULT CHARSET=utf8 COLLATE=utf8_bin;

/*Data for the table `bus_ruku` */

insert  into `bus_ruku`(`id`,`ruku_num`,`cgy`,`ruku_time`,`dhtz`) values (1,'RUKU001','xiaoma','2020-05-17 00:00:00',NULL);

/*Table structure for table `caigou_order_info` */

DROP TABLE IF EXISTS `caigou_order_info`;

CREATE TABLE `caigou_order_info` (
  `order_num` varchar(20) COLLATE utf8_bin DEFAULT NULL COMMENT 'è®¢å•ç¼–å·',
  `good_id` int(11) DEFAULT NULL COMMENT 'å•†å“',
  `num` double DEFAULT NULL COMMENT 'æ•°é‡',
  `company` varchar(20) COLLATE utf8_bin DEFAULT NULL COMMENT 'å•ä½',
  `id` int(11) NOT NULL AUTO_INCREMENT,
  PRIMARY KEY (`id`)
) ENGINE=InnoDB AUTO_INCREMENT=2 DEFAULT CHARSET=utf8 COLLATE=utf8_bin;

/*Data for the table `caigou_order_info` */

insert  into `caigou_order_info`(`order_num`,`good_id`,`num`,`company`,`id`) values ('CG001',1,1,'ä»¶',1);

/*Table structure for table `gen_table` */

DROP TABLE IF EXISTS `gen_table`;

CREATE TABLE `gen_table` (
  `table_id` bigint(20) NOT NULL AUTO_INCREMENT COMMENT 'ç¼–å·',
  `table_name` varchar(200) COLLATE utf8_bin DEFAULT '' COMMENT 'è¡¨åç§°',
  `table_comment` varchar(500) COLLATE utf8_bin DEFAULT '' COMMENT 'è¡¨æè¿°',
  `class_name` varchar(100) COLLATE utf8_bin DEFAULT '' COMMENT 'å®ä½“ç±»åç§°',
  `tpl_category` varchar(200) COLLATE utf8_bin DEFAULT 'crud' COMMENT 'ä½¿ç”¨çš„æ¨¡æ¿ï¼ˆcrudå•è¡¨æ“ä½œ treeæ ‘è¡¨æ“ä½œï¼‰',
  `package_name` varchar(100) COLLATE utf8_bin DEFAULT NULL COMMENT 'ç”ŸæˆåŒ…è·¯å¾„',
  `module_name` varchar(30) COLLATE utf8_bin DEFAULT NULL COMMENT 'ç”Ÿæˆæ¨¡å—å',
  `business_name` varchar(30) COLLATE utf8_bin DEFAULT NULL COMMENT 'ç”Ÿæˆä¸šåŠ¡å',
  `function_name` varchar(50) COLLATE utf8_bin DEFAULT NULL COMMENT 'ç”ŸæˆåŠŸèƒ½å',
  `function_author` varchar(50) COLLATE utf8_bin DEFAULT NULL COMMENT 'ç”ŸæˆåŠŸèƒ½ä½œè€…',
  `options` varchar(1000) COLLATE utf8_bin DEFAULT NULL COMMENT 'å…¶å®ƒç”Ÿæˆé€‰é¡¹',
  `create_by` varchar(64) COLLATE utf8_bin DEFAULT '' COMMENT 'åˆ›å»ºè€…',
  `create_time` datetime DEFAULT NULL COMMENT 'åˆ›å»ºæ—¶é—´',
  `update_by` varchar(64) COLLATE utf8_bin DEFAULT '' COMMENT 'æ›´æ–°è€…',
  `update_time` datetime DEFAULT NULL COMMENT 'æ›´æ–°æ—¶é—´',
  `remark` varchar(500) COLLATE utf8_bin DEFAULT NULL COMMENT 'å¤‡æ³¨',
  PRIMARY KEY (`table_id`)
) ENGINE=InnoDB AUTO_INCREMENT=33 DEFAULT CHARSET=utf8 COLLATE=utf8_bin COMMENT='ä»£ç ç”Ÿæˆä¸šåŠ¡è¡¨';

/*Data for the table `gen_table` */

insert  into `gen_table`(`table_id`,`table_name`,`table_comment`,`class_name`,`tpl_category`,`package_name`,`module_name`,`business_name`,`function_name`,`function_author`,`options`,`create_by`,`create_time`,`update_by`,`update_time`,`remark`) values (5,'bus_goods','å•†å“è¡¨','BusGoods','crud','com.ruoyi.project.system','system','goods','å•†å“','nuoyi','{}','admin','2020-04-23 10:23:09','','2020-04-24 15:41:26',NULL),(7,'bus_provider','ä¾›åº”å•†è¡¨','BusProvider','crud','com.ruoyi.project.system','system','provider','ä¾›åº”å•†','nuoyi','{}','admin','2020-05-05 11:21:10','','2020-05-06 11:28:29',NULL),(14,'bus_inport','é‡‡è´­ç®¡ç†è¡¨','BusInport','crud','com.ruoyi.project.system','system','inport','é‡‡è´­ç®¡ç†','nuoyi','{}','admin','2020-05-07 10:08:16','','2020-05-07 10:14:02',NULL),(15,'bus_outport','å‡ºåº“ç®¡ç†','BusOutport','crud','com.ruoyi.project.system','system','outport','å‡ºåº“ç®¡ç†','nuoyi','{}','admin','2020-05-07 11:55:57','','2020-05-07 11:58:30',NULL),(16,'bus_delivery','é…é€è¿è¾“','BusDelivery','crud','com.ruoyi.project.system','system','delivery','é…é€è¿è¾“','nuoyi','{}','admin','2020-05-07 12:26:48','','2020-05-07 12:27:32',NULL),(19,'bus_customorder','å®¢æˆ·è®¢å•è¡¨','BusCustomorder','crud','com.logistic.project.system','system','customorder','å®¢æˆ·è®¢å•æŸ¥è¯¢','mg','{}','admin','2020-05-13 10:46:29','','2020-05-17 12:57:18',NULL),(23,'bus_purchase','é‡‡è´­ç”³è¯·è¡¨','BusPurchase','crud','com.logistic.project.system','system','purchase','é‡‡è´­ç”³è¯·','mg','{}','admin','2020-05-17 11:36:48','','2020-05-17 11:38:50',NULL),(24,'shippingdoc','å®¢æˆ·å•æ®','Shippingdoc','crud','com.logistic.project.system','system','shippingdoc','å®¢æˆ·å•æ®','mg','{}','admin','2020-05-17 13:13:42','','2020-05-17 13:14:49',NULL),(25,'bus_ck_check','ä»“åº“æ£€æŸ¥è¡¨','BusCkCheck','crud','com.logistic.project.system','system','check','ä»“åº“æ£€æŸ¥','nuoyi','{}','admin','2020-05-17 13:37:35','','2020-05-17 13:42:56',NULL),(31,'caigou_order_info','é‡‡è´­ç‰©æ–™æ˜ç»†','CaigouOrderInfo','crud','com.logistic.project.system','system','cgOrderInfo','é‡‡è´­ç‰©æ–™æ˜ç»†','mag','{}','admin','2020-05-19 16:10:29','','2020-05-19 16:19:10',NULL),(32,'bus_ruku','å…¥åº“æ¥å•','BusRuku','crud','com.logistic.project.system','system','ruku','å…¥åº“æ¥å•','mage','{}','admin','2020-05-19 17:46:15','','2020-05-19 17:47:49',NULL);

/*Table structure for table `gen_table_column` */

DROP TABLE IF EXISTS `gen_table_column`;

CREATE TABLE `gen_table_column` (
  `column_id` bigint(20) NOT NULL AUTO_INCREMENT COMMENT 'ç¼–å·',
  `table_id` varchar(64) COLLATE utf8_bin DEFAULT NULL COMMENT 'å½’å±è¡¨ç¼–å·',
  `column_name` varchar(200) COLLATE utf8_bin DEFAULT NULL COMMENT 'åˆ—åç§°',
  `column_comment` varchar(500) COLLATE utf8_bin DEFAULT NULL COMMENT 'åˆ—æè¿°',
  `column_type` varchar(100) COLLATE utf8_bin DEFAULT NULL COMMENT 'åˆ—ç±»å‹',
  `java_type` varchar(500) COLLATE utf8_bin DEFAULT NULL COMMENT 'JAVAç±»å‹',
  `java_field` varchar(200) COLLATE utf8_bin DEFAULT NULL COMMENT 'JAVAå­—æ®µå',
  `is_pk` char(1) COLLATE utf8_bin DEFAULT NULL COMMENT 'æ˜¯å¦ä¸»é”®ï¼ˆ1æ˜¯ï¼‰',
  `is_increment` char(1) COLLATE utf8_bin DEFAULT NULL COMMENT 'æ˜¯å¦è‡ªå¢ï¼ˆ1æ˜¯ï¼‰',
  `is_required` char(1) COLLATE utf8_bin DEFAULT NULL COMMENT 'æ˜¯å¦å¿…å¡«ï¼ˆ1æ˜¯ï¼‰',
  `is_insert` char(1) COLLATE utf8_bin DEFAULT NULL COMMENT 'æ˜¯å¦ä¸ºæ’å…¥å­—æ®µï¼ˆ1æ˜¯ï¼‰',
  `is_edit` char(1) COLLATE utf8_bin DEFAULT NULL COMMENT 'æ˜¯å¦ç¼–è¾‘å­—æ®µï¼ˆ1æ˜¯ï¼‰',
  `is_list` char(1) COLLATE utf8_bin DEFAULT NULL COMMENT 'æ˜¯å¦åˆ—è¡¨å­—æ®µï¼ˆ1æ˜¯ï¼‰',
  `is_query` char(1) COLLATE utf8_bin DEFAULT NULL COMMENT 'æ˜¯å¦æŸ¥è¯¢å­—æ®µï¼ˆ1æ˜¯ï¼‰',
  `query_type` varchar(200) COLLATE utf8_bin DEFAULT 'EQ' COMMENT 'æŸ¥è¯¢æ–¹å¼ï¼ˆç­‰äºã€ä¸ç­‰äºã€å¤§äºã€å°äºã€èŒƒå›´ï¼‰',
  `html_type` varchar(200) COLLATE utf8_bin DEFAULT NULL COMMENT 'æ˜¾ç¤ºç±»å‹ï¼ˆæ–‡æœ¬æ¡†ã€æ–‡æœ¬åŸŸã€ä¸‹æ‹‰æ¡†ã€å¤é€‰æ¡†ã€å•é€‰æ¡†ã€æ—¥æœŸæ§ä»¶ï¼‰',
  `dict_type` varchar(200) COLLATE utf8_bin DEFAULT '' COMMENT 'å­—å…¸ç±»å‹',
  `sort` int(11) DEFAULT NULL COMMENT 'æ’åº',
  `create_by` varchar(64) COLLATE utf8_bin DEFAULT '' COMMENT 'åˆ›å»ºè€…',
  `create_time` datetime DEFAULT NULL COMMENT 'åˆ›å»ºæ—¶é—´',
  `update_by` varchar(64) COLLATE utf8_bin DEFAULT '' COMMENT 'æ›´æ–°è€…',
  `update_time` datetime DEFAULT NULL COMMENT 'æ›´æ–°æ—¶é—´',
  PRIMARY KEY (`column_id`)
) ENGINE=InnoDB AUTO_INCREMENT=289 DEFAULT CHARSET=utf8 COLLATE=utf8_bin COMMENT='ä»£ç ç”Ÿæˆä¸šåŠ¡è¡¨å­—æ®µ';

/*Data for the table `gen_table_column` */

insert  into `gen_table_column`(`column_id`,`table_id`,`column_name`,`column_comment`,`column_type`,`java_type`,`java_field`,`is_pk`,`is_increment`,`is_required`,`is_insert`,`is_edit`,`is_list`,`is_query`,`query_type`,`html_type`,`dict_type`,`sort`,`create_by`,`create_time`,`update_by`,`update_time`) values (57,'5','id','å•†å“ID','int(11)','Long','id','1','1',NULL,'1',NULL,NULL,NULL,'EQ','input','',1,'admin','2020-04-23 10:23:09','','2020-04-24 15:41:26'),(58,'5','goodsname','å•†å“åç§°','varchar(255)','String','goodsname','0','0',NULL,'1','1','1','1','LIKE','input','',2,'admin','2020-04-23 10:23:09','','2020-04-24 15:41:26'),(59,'5','produceplace','å•†å“äº§åœ°','varchar(255)','String','produceplace','0','0',NULL,'1','1','1','1','EQ','input','',3,'admin','2020-04-23 10:23:09','','2020-04-24 15:41:26'),(60,'5','size','è§„æ ¼','varchar(255)','String','size','0','0',NULL,'1','1','1',NULL,'EQ','input','',4,'admin','2020-04-23 10:23:09','','2020-04-24 15:41:26'),(61,'5','goodspackage','å•†å“åŒ…è£…','varchar(255)','String','goodspackage','0','0',NULL,'1','1',NULL,NULL,'EQ','input','',5,'admin','2020-04-23 10:23:09','','2020-04-24 15:41:26'),(62,'5','productcode','ç”Ÿäº§æ‰¹å·','varchar(255)','String','productcode','0','0',NULL,'1','1',NULL,NULL,'EQ','input','',6,'admin','2020-04-23 10:23:09','','2020-04-24 15:41:26'),(63,'5','promitcode','æ‰¹å‡†æ–‡å·','varchar(255)','String','promitcode','0','0',NULL,'1','1',NULL,NULL,'EQ','input','',7,'admin','2020-04-23 10:23:09','','2020-04-24 15:41:26'),(64,'5','description','å•†å“æè¿°','varchar(255)','String','description','0','0',NULL,'1','1',NULL,NULL,'EQ','input','',8,'admin','2020-04-23 10:23:09','','2020-04-24 15:41:26'),(65,'5','price','é”€å”®ä»·æ ¼','double(10,2)','Double','price','0','0',NULL,'1','1','1','1','EQ','input','',9,'admin','2020-04-23 10:23:09','','2020-04-24 15:41:26'),(66,'5','number','æ•°é‡','int(11)','Long','number','0','0',NULL,'1','1','1','1','EQ','input','',10,'admin','2020-04-23 10:23:09','','2020-04-24 15:41:26'),(67,'5','dangernum','å‘Šè­¦æ•°é‡','int(11)','Long','dangernum','0','0',NULL,'1','1','1','1','EQ','input','',11,'admin','2020-04-23 10:23:09','','2020-04-24 15:41:26'),(68,'5','goodsimg','å•†å“å›¾ç‰‡','varchar(255)','String','goodsimg','0','0',NULL,'1','1',NULL,NULL,'EQ','input','',12,'admin','2020-04-23 10:23:09','','2020-04-24 15:41:26'),(69,'5','available','æ˜¯å¦å¯ç”¨','int(11)','Long','available','0','0',NULL,'1','1','1','1','EQ','select','',13,'admin','2020-04-23 10:23:09','','2020-04-24 15:41:26'),(70,'5','providerid','å‚å®¶ID','int(11)','Long','providerid','0','0',NULL,'1','1','1',NULL,'EQ','input','',14,'admin','2020-04-23 10:23:09','','2020-04-24 15:41:26'),(83,'7','id','ä¾›åº”å•†ID','int(11)','Long','id','1','1',NULL,'1',NULL,NULL,NULL,'EQ','input','',1,'admin','2020-05-05 11:21:10','','2020-05-06 11:28:29'),(84,'7','providername','ä¾›åº”å•†åç§°','varchar(255)','String','providername','0','0',NULL,'1','1','1','1','LIKE','input','',2,'admin','2020-05-05 11:21:10','','2020-05-06 11:28:29'),(85,'7','zip',NULL,'varchar(255)','String','zip','0','0',NULL,'1','1',NULL,NULL,'EQ','input','',3,'admin','2020-05-05 11:21:10','','2020-05-06 11:28:29'),(86,'7','address','ä¾›åº”å•†åœ°å€','varchar(255)','String','address','0','0',NULL,'1','1','1','1','LIKE','input','',4,'admin','2020-05-05 11:21:10','','2020-05-06 11:28:29'),(87,'7','telephone','è”ç³»æ–¹å¼','varchar(255)','String','telephone','0','0',NULL,'1','1','1','1','LIKE','input','',5,'admin','2020-05-05 11:21:10','','2020-05-06 11:28:29'),(88,'7','connectionperson','è”ç³»äºº','varchar(255)','String','connectionperson','0','0',NULL,'1','1','1','1','LIKE','input','',6,'admin','2020-05-05 11:21:10','','2020-05-06 11:28:29'),(89,'7','phone','ç”µè¯','varchar(255)','String','phone','0','0',NULL,'1','1',NULL,NULL,'EQ','input','',7,'admin','2020-05-05 11:21:10','','2020-05-06 11:28:29'),(90,'7','bank','é“¶è¡Œ','varchar(255)','String','bank','0','0',NULL,'1','1',NULL,NULL,'EQ','input','',8,'admin','2020-05-05 11:21:10','','2020-05-06 11:28:29'),(91,'7','account','å¸å·','varchar(255)','String','account','0','0',NULL,'1','1',NULL,NULL,'EQ','input','',9,'admin','2020-05-05 11:21:10','','2020-05-06 11:28:29'),(92,'7','email','é‚®ç®±','varchar(255)','String','email','0','0',NULL,'1','1',NULL,'1','EQ','input','',10,'admin','2020-05-05 11:21:10','','2020-05-06 11:28:29'),(93,'7','fax',NULL,'varchar(255)','String','fax','0','0',NULL,'1','1',NULL,NULL,'EQ','input','',11,'admin','2020-05-05 11:21:10','','2020-05-06 11:28:29'),(94,'7','available','æ˜¯å¦å¯ç”¨','int(11)','Long','available','0','0',NULL,'1','1',NULL,NULL,'EQ','select','sys_job_status',12,'admin','2020-05-05 11:21:10','','2020-05-06 11:28:29'),(171,'14','id','id','int(11)','Long','id','1','1',NULL,'1',NULL,NULL,NULL,'EQ','input','',1,'admin','2020-05-07 10:08:16','','2020-05-07 10:14:02'),(172,'14','paytype','æ”¯ä»˜ç±»å‹','varchar(255)','String','paytype','0','0',NULL,'1','1','1','1','EQ','select','sys_zf_type',2,'admin','2020-05-07 10:08:16','','2020-05-07 10:14:02'),(173,'14','inporttime','è¿›è´§æ—¶é—´','datetime','Date','inporttime','0','0',NULL,'1','1','1','1','EQ','datetime','',3,'admin','2020-05-07 10:08:16','','2020-05-07 10:14:02'),(174,'14','operateperson','æ“ä½œå‘˜','varchar(255)','String','operateperson','0','0',NULL,'1','1','1',NULL,'EQ','input','',4,'admin','2020-05-07 10:08:16','','2020-05-07 10:14:02'),(175,'14','number','è¿›è´§æ•°é‡','int(11)','Long','number','0','0',NULL,'1','1','1','1','EQ','input','',5,'admin','2020-05-07 10:08:16','','2020-05-07 10:14:02'),(176,'14','remark','å¤‡æ³¨','varchar(255)','String','remark','0','0',NULL,'1','1','1',NULL,'EQ','input','',6,'admin','2020-05-07 10:08:16','','2020-05-07 10:14:02'),(177,'14','inportprice','è¿›è´§ä»·æ ¼','double(10,2)','Double','inportprice','0','0',NULL,'1','1','1','1','EQ','input','',7,'admin','2020-05-07 10:08:16','','2020-05-07 10:14:02'),(178,'14','providerid','ä¾›è´§å•†','int(11)','Long','providerid','0','0',NULL,'1','1',NULL,NULL,'EQ','select','',8,'admin','2020-05-07 10:08:16','','2020-05-07 10:14:02'),(179,'14','goodsid','å•†å“id','int(11)','Long','goodsid','0','0',NULL,'1','1',NULL,NULL,'EQ','select','',9,'admin','2020-05-07 10:08:16','','2020-05-07 10:14:02'),(180,'15','id','id','int(11)','Long','id','1','1',NULL,'1',NULL,NULL,NULL,'EQ','input','',1,'admin','2020-05-07 11:55:57','','2020-05-07 11:58:30'),(181,'15','providerid','ä¾›åº”å•†','int(11)','Long','providerid','0','0',NULL,'1',NULL,'1','1','LIKE','select','',2,'admin','2020-05-07 11:55:57','','2020-05-07 11:58:30'),(182,'15','paytype','æ”¯ä»˜ç±»å‹','varchar(255)','String','paytype','0','0',NULL,'1','1','1',NULL,'EQ','select','sys_zf_type',3,'admin','2020-05-07 11:55:57','','2020-05-07 11:58:30'),(183,'15','outputtime','é€€è´§æ—¶é—´','datetime','Date','outputtime','0','0',NULL,'1','1','1','1','EQ','datetime','',4,'admin','2020-05-07 11:55:57','','2020-05-07 11:58:30'),(184,'15','operateperson','æ“ä½œå‘˜','varchar(255)','String','operateperson','0','0',NULL,'1',NULL,'1',NULL,'EQ','input','',5,'admin','2020-05-07 11:55:57','','2020-05-07 11:58:30'),(185,'15','outportprice','é€€è´§ä»·æ ¼','double','Long','outportprice','0','0',NULL,'1','1','1',NULL,'EQ','input','',6,'admin','2020-05-07 11:55:57','','2020-05-07 11:58:30'),(186,'15','number','æ•°é‡','int(11)','Long','number','0','0',NULL,'1','1','1',NULL,'EQ','input','',7,'admin','2020-05-07 11:55:57','','2020-05-07 11:58:30'),(187,'15','remark','å¤‡æ³¨','varchar(255)','String','remark','0','0',NULL,'1',NULL,NULL,NULL,'EQ','input','',8,'admin','2020-05-07 11:55:57','','2020-05-07 11:58:30'),(188,'15','goodsid','å•†å“','int(11)','Long','goodsid','0','0',NULL,'1',NULL,'1','1','LIKE','select','',9,'admin','2020-05-07 11:55:57','','2020-05-07 11:58:30'),(189,'16','id','id','int(11)','Long','id','1','0',NULL,'1',NULL,NULL,NULL,'EQ','input','',1,'admin','2020-05-07 12:26:48','','2020-05-07 12:27:32'),(190,'16','goodsid','å•†å“','int(11)','Long','goodsid','0','0',NULL,'1','1','1','1','EQ','select','',2,'admin','2020-05-07 12:26:48','','2020-05-07 12:27:32'),(191,'16','delivery_time','é…é€æ—¶é—´','datetime','Date','deliveryTime','0','0',NULL,'1','1','1','1','EQ','datetime','',3,'admin','2020-05-07 12:26:48','','2020-05-07 12:27:32'),(192,'16','delivery_person','é…é€äººå‘˜','varchar(30)','String','deliveryPerson','0','0',NULL,'1','1','1','1','EQ','input','',4,'admin','2020-05-07 12:26:48','','2020-05-07 12:27:32'),(193,'16','address','é…é€åœ°å€','varchar(30)','String','address','0','0',NULL,'1','1','1','1','EQ','input','',5,'admin','2020-05-07 12:26:48','','2020-05-07 12:27:32'),(194,'16','operator','æ“ä½œå‘˜','varchar(30)','String','operator','0','0',NULL,'1','1','1','1','EQ','input','',6,'admin','2020-05-07 12:26:48','','2020-05-07 12:27:32'),(208,'19','id','id','int(11)','Long','id','1','1',NULL,NULL,NULL,NULL,NULL,'EQ','input','',1,'admin','2020-05-13 10:46:29','','2020-05-17 12:57:18'),(209,'19','cust_name','å®¢æˆ·åç§°','varchar(20)','String','custName','0','0',NULL,'1','1','1','1','LIKE','input','',2,'admin','2020-05-13 10:46:29','','2020-05-17 12:57:18'),(210,'19','order_date','è®¢å•æ—¥æœŸ','date','Date','orderDate','0','0',NULL,'1','1','1','1','LTE','datetime','',3,'admin','2020-05-13 10:46:29','','2020-05-17 12:57:18'),(211,'19','order_type','è®¢å•ç±»å‹','varchar(10)','String','orderType','0','0',NULL,'1','1','1','1','EQ','select','',4,'admin','2020-05-13 10:46:29','','2020-05-17 12:57:18'),(212,'19','pay_type','ä»˜æ¬¾æ–¹å¼','char(10)','String','payType','0','0',NULL,'1','1','1','1','EQ','select','sys_zf_type',5,'admin','2020-05-13 10:46:29','','2020-05-17 12:57:18'),(213,'19','state','çŠ¶æ€','char(10)','String','state','0','0',NULL,NULL,NULL,NULL,NULL,'EQ','radio','',6,'admin','2020-05-13 10:46:29','','2020-05-17 12:57:18'),(232,'23','id',NULL,'int(11)','Long','id','1','1',NULL,NULL,NULL,NULL,NULL,'EQ','input','',1,'admin','2020-05-17 11:36:48','','2020-05-17 11:38:50'),(233,'23','purchase_num','é‡‡è´­ç”³è¯·å•ç¼–å·','varchar(30)','String','purchaseNum','0','0',NULL,'1','1','1','1','LIKE','input','',2,'admin','2020-05-17 11:36:48','','2020-05-17 11:38:50'),(234,'23','purchase_date','ç”³è¯·æ—¥æœŸ','date','Date','purchaseDate','0','0',NULL,'1','1','1','1','LTE','datetime','',3,'admin','2020-05-17 11:36:48','','2020-05-17 11:38:50'),(235,'23','complete_date','å®Œæˆæ—¥æœŸ','date','Date','completeDate','0','0',NULL,'1','1','1','1','LTE','datetime','',4,'admin','2020-05-17 11:36:48','','2020-05-17 11:38:50'),(236,'23','person','ç”³è¯·äºº','varchar(20)','String','person','0','0',NULL,'1','1','1','1','LIKE','input','',5,'admin','2020-05-17 11:36:48','','2020-05-17 11:38:50'),(237,'23','purchase_state','é‡‡è´­çŠ¶æ€','int(10)','Integer','purchaseState','0','0',NULL,NULL,NULL,'1','1','EQ','select','sys_purchase_state',6,'admin','2020-05-17 11:36:48','','2020-05-17 11:38:50'),(238,'24','id','id','int(11)','Long','id','1','1',NULL,NULL,NULL,NULL,NULL,'EQ','input','',1,'admin','2020-05-17 13:13:42','','2020-05-17 13:14:49'),(239,'24','goodsid','å•†å“','int(11)','Long','goodsid','0','0',NULL,'1','1','1','1','LIKE','select','',2,'admin','2020-05-17 13:13:42','','2020-05-17 13:14:49'),(240,'24','shipping_time','åˆ°è´§æ—¶é—´','datetime','Date','shippingTime','0','0',NULL,'1','1','1','1','EQ','datetime','',3,'admin','2020-05-17 13:13:42','','2020-05-17 13:14:49'),(241,'24','cgy','ä»“ç®¡å‘˜','varchar(20)','String','cgy','0','0',NULL,'1','1','1',NULL,'EQ','input','',4,'admin','2020-05-17 13:13:42','','2020-05-17 13:14:49'),(242,'24','operator','æ“ä½œå‘˜','varchar(20)','String','operator','0','0',NULL,'1','1','1',NULL,'EQ','input','',5,'admin','2020-05-17 13:13:42','','2020-05-17 13:14:49'),(243,'24','ship_person','è¿é€äººå‘˜','varchar(20)','String','shipPerson','0','0',NULL,'1','1','1',NULL,'EQ','input','',6,'admin','2020-05-17 13:13:42','','2020-05-17 13:14:49'),(244,'24','warehouse','ä»“åº“','varchar(20)','String','warehouse','0','0',NULL,'1','1','1',NULL,'EQ','input','',7,'admin','2020-05-17 13:13:42','','2020-05-17 13:14:49'),(245,'25','id',NULL,'int(11)','Long','id','0','1','1',NULL,NULL,NULL,NULL,'EQ','input','',1,'admin','2020-05-17 13:37:35','','2020-05-17 13:42:56'),(246,'25','ck_num','ä»“åº“ç¼–å·','varchar(20)','String','ckNum','0','0',NULL,'1','1','1','1','LIKE','input','',2,'admin','2020-05-17 13:37:35','','2020-05-17 13:42:56'),(247,'25','ck_temp','æ¸©åº¦','varchar(10)','String','ckTemp','0','0',NULL,'1','1','1',NULL,'EQ','input','',3,'admin','2020-05-17 13:37:35','','2020-05-17 13:42:56'),(248,'25','check_person','æ£€æŸ¥äºº','varchar(20)','String','checkPerson','0','0',NULL,'1','1','1',NULL,'EQ','input','',4,'admin','2020-05-17 13:37:35','','2020-05-17 13:42:56'),(249,'25','check_date','æ£€æŸ¥æ—¥æœŸ','date','Date','checkDate','0','0',NULL,'1','1','1','1','EQ','datetime','',5,'admin','2020-05-17 13:37:35','','2020-05-17 13:42:56'),(279,'31','id',NULL,'int(11)','Long','id','0','0','1','1',NULL,NULL,NULL,'EQ','input','',1,'admin','2020-05-19 16:10:29','','2020-05-19 16:19:10'),(280,'31','order_num','è®¢å•ç¼–å·','varchar(20)','String','orderNum','0','0',NULL,'1','1','1','1','LIKE','input','',2,'admin','2020-05-19 16:10:29','','2020-05-19 16:19:10'),(281,'31','good_id','å•†å“','int(11)','Long','goodId','0','0',NULL,'1','1','1','1','LIKE','input','',3,'admin','2020-05-19 16:10:29','','2020-05-19 16:19:10'),(282,'31','num','æ•°é‡','double','Long','num','0','0',NULL,'1','1','1',NULL,'EQ','input','',4,'admin','2020-05-19 16:10:29','','2020-05-19 16:19:10'),(283,'31','company','å•ä½','varchar(20)','String','company','0','0',NULL,'1','1','1',NULL,'EQ','input','',5,'admin','2020-05-19 16:10:29','','2020-05-19 16:19:10'),(284,'32','id','id','int(11)','Long','id','1','1',NULL,NULL,NULL,'1',NULL,'EQ','input','',1,'admin','2020-05-19 17:46:15','','2020-05-19 17:47:49'),(285,'32','ruku_num','å…¥åº“ä½œä¸šå•','varchar(30)','String','rukuNum','0','0',NULL,'1','1','1','1','EQ','input','',2,'admin','2020-05-19 17:46:15','','2020-05-19 17:47:49'),(286,'32','cgy','ä»“ç®¡å‘˜','varchar(30)','String','cgy','0','0',NULL,'1','1','1',NULL,'EQ','input','',3,'admin','2020-05-19 17:46:15','','2020-05-19 17:47:49'),(287,'32','ruku_time','å…¥åº“æ—¶é—´','datetime','Date','rukuTime','0','0',NULL,'1','1','1',NULL,'EQ','datetime','',4,'admin','2020-05-19 17:46:15','','2020-05-19 17:47:49'),(288,'32','dhtz','é‡‡è´­å•å·','varchar(11)','String','dhtz','0','0',NULL,'1','1','1','1','EQ','input','',5,'admin','2020-05-19 17:46:15','','2020-05-19 17:47:49');

/*Table structure for table `material_scrap` */

DROP TABLE IF EXISTS `material_scrap`;

CREATE TABLE `material_scrap` (
  `id` int(11) NOT NULL AUTO_INCREMENT COMMENT 'id',
  `material_num` varchar(20) COLLATE utf8_bin DEFAULT NULL COMMENT 'ç‰©æ–™ç¼–å·',
  `specifications` varchar(30) COLLATE utf8_bin DEFAULT NULL COMMENT 'è§„æ ¼',
  `weight` double DEFAULT NULL COMMENT 'æ•°é‡',
  `company` char(10) COLLATE utf8_bin DEFAULT NULL COMMENT 'å•ä½',
  `reason` varchar(50) COLLATE utf8_bin DEFAULT NULL COMMENT 'æŠ¥åºŸåŸå› ',
  `scrap_person` varchar(20) COLLATE utf8_bin DEFAULT NULL COMMENT 'æŠ¥åºŸäºº',
  `goodId` int(11) DEFAULT NULL COMMENT 'å•†å“å',
  PRIMARY KEY (`id`)
) ENGINE=InnoDB AUTO_INCREMENT=7 DEFAULT CHARSET=utf8 COLLATE=utf8_bin;

/*Data for the table `material_scrap` */

insert  into `material_scrap`(`id`,`material_num`,`specifications`,`weight`,`company`,`reason`,`scrap_person`,`goodId`) values (6,'WLBF001','12Ã—120',2,'ç®±','è¿‡æœŸä½œåºŸ','mage',1);

/*Table structure for table `qrtz_blob_triggers` */

DROP TABLE IF EXISTS `qrtz_blob_triggers`;

CREATE TABLE `qrtz_blob_triggers` (
  `sched_name` varchar(120) COLLATE utf8_bin NOT NULL,
  `trigger_name` varchar(200) COLLATE utf8_bin NOT NULL,
  `trigger_group` varchar(200) COLLATE utf8_bin NOT NULL,
  `blob_data` blob,
  PRIMARY KEY (`sched_name`,`trigger_name`,`trigger_group`),
  CONSTRAINT `qrtz_blob_triggers_ibfk_1` FOREIGN KEY (`sched_name`, `trigger_name`, `trigger_group`) REFERENCES `qrtz_triggers` (`sched_name`, `trigger_name`, `trigger_group`)
) ENGINE=InnoDB DEFAULT CHARSET=utf8 COLLATE=utf8_bin;

/*Data for the table `qrtz_blob_triggers` */

/*Table structure for table `qrtz_calendars` */

DROP TABLE IF EXISTS `qrtz_calendars`;

CREATE TABLE `qrtz_calendars` (
  `sched_name` varchar(120) COLLATE utf8_bin NOT NULL,
  `calendar_name` varchar(200) COLLATE utf8_bin NOT NULL,
  `calendar` blob NOT NULL,
  PRIMARY KEY (`sched_name`,`calendar_name`)
) ENGINE=InnoDB DEFAULT CHARSET=utf8 COLLATE=utf8_bin;

/*Data for the table `qrtz_calendars` */

/*Table structure for table `qrtz_cron_triggers` */

DROP TABLE IF EXISTS `qrtz_cron_triggers`;

CREATE TABLE `qrtz_cron_triggers` (
  `sched_name` varchar(120) COLLATE utf8_bin NOT NULL,
  `trigger_name` varchar(200) COLLATE utf8_bin NOT NULL,
  `trigger_group` varchar(200) COLLATE utf8_bin NOT NULL,
  `cron_expression` varchar(200) COLLATE utf8_bin NOT NULL,
  `time_zone_id` varchar(80) COLLATE utf8_bin DEFAULT NULL,
  PRIMARY KEY (`sched_name`,`trigger_name`,`trigger_group`),
  CONSTRAINT `qrtz_cron_triggers_ibfk_1` FOREIGN KEY (`sched_name`, `trigger_name`, `trigger_group`) REFERENCES `qrtz_triggers` (`sched_name`, `trigger_name`, `trigger_group`)
) ENGINE=InnoDB DEFAULT CHARSET=utf8 COLLATE=utf8_bin;

/*Data for the table `qrtz_cron_triggers` */

insert  into `qrtz_cron_triggers`(`sched_name`,`trigger_name`,`trigger_group`,`cron_expression`,`time_zone_id`) values ('RuoyiScheduler','TASK_CLASS_NAME1','DEFAULT','0/10 * * * * ?','Asia/Shanghai'),('RuoyiScheduler','TASK_CLASS_NAME2','DEFAULT','0/15 * * * * ?','Asia/Shanghai'),('RuoyiScheduler','TASK_CLASS_NAME3','DEFAULT','0/20 * * * * ?','Asia/Shanghai');

/*Table structure for table `qrtz_fired_triggers` */

DROP TABLE IF EXISTS `qrtz_fired_triggers`;

CREATE TABLE `qrtz_fired_triggers` (
  `sched_name` varchar(120) COLLATE utf8_bin NOT NULL,
  `entry_id` varchar(95) COLLATE utf8_bin NOT NULL,
  `trigger_name` varchar(200) COLLATE utf8_bin NOT NULL,
  `trigger_group` varchar(200) COLLATE utf8_bin NOT NULL,
  `instance_name` varchar(200) COLLATE utf8_bin NOT NULL,
  `fired_time` bigint(13) NOT NULL,
  `sched_time` bigint(13) NOT NULL,
  `priority` int(11) NOT NULL,
  `state` varchar(16) COLLATE utf8_bin NOT NULL,
  `job_name` varchar(200) COLLATE utf8_bin DEFAULT NULL,
  `job_group` varchar(200) COLLATE utf8_bin DEFAULT NULL,
  `is_nonconcurrent` varchar(1) COLLATE utf8_bin DEFAULT NULL,
  `requests_recovery` varchar(1) COLLATE utf8_bin DEFAULT NULL,
  PRIMARY KEY (`sched_name`,`entry_id`)
) ENGINE=InnoDB DEFAULT CHARSET=utf8 COLLATE=utf8_bin;

/*Data for the table `qrtz_fired_triggers` */

/*Table structure for table `qrtz_job_details` */

DROP TABLE IF EXISTS `qrtz_job_details`;

CREATE TABLE `qrtz_job_details` (
  `sched_name` varchar(120) COLLATE utf8_bin NOT NULL,
  `job_name` varchar(200) COLLATE utf8_bin NOT NULL,
  `job_group` varchar(200) COLLATE utf8_bin NOT NULL,
  `description` varchar(250) COLLATE utf8_bin DEFAULT NULL,
  `job_class_name` varchar(250) COLLATE utf8_bin NOT NULL,
  `is_durable` varchar(1) COLLATE utf8_bin NOT NULL,
  `is_nonconcurrent` varchar(1) COLLATE utf8_bin NOT NULL,
  `is_update_data` varchar(1) COLLATE utf8_bin NOT NULL,
  `requests_recovery` varchar(1) COLLATE utf8_bin NOT NULL,
  `job_data` blob,
  PRIMARY KEY (`sched_name`,`job_name`,`job_group`)
) ENGINE=InnoDB DEFAULT CHARSET=utf8 COLLATE=utf8_bin;

/*Data for the table `qrtz_job_details` */

insert  into `qrtz_job_details`(`sched_name`,`job_name`,`job_group`,`description`,`job_class_name`,`is_durable`,`is_nonconcurrent`,`is_update_data`,`requests_recovery`,`job_data`) values ('RuoyiScheduler','TASK_CLASS_NAME1','DEFAULT',NULL,'com.logistic.common.utils.job.QuartzDisallowConcurrentExecution','0','1','0','0','¬í\0sr\0org.quartz.JobDataMapŸ°ƒè¿©°Ë\0\0xr\0&org.quartz.utils.StringKeyDirtyFlagMap‚èÃûÅ](\0Z\0allowsTransientDataxr\0org.quartz.utils.DirtyFlagMapæ.­(v\nÎ\0Z\0dirtyL\0mapt\0Ljava/util/Map;xpsr\0java.util.HashMapÚÁÃ`Ñ\0F\0\nloadFactorI\0	thresholdxp?@\0\0\0\0\0w\0\0\0\0\0\0t\0TASK_PROPERTIESsr\0*com.logistic.project.monitor.domain.SysJob\0\0\0\0\0\0\0\0L\0\nconcurrentt\0Ljava/lang/String;L\0cronExpressionq\0~\0	L\0invokeTargetq\0~\0	L\0jobGroupq\0~\0	L\0jobIdt\0Ljava/lang/Long;L\0jobNameq\0~\0	L\0\rmisfirePolicyq\0~\0	L\0statusq\0~\0	xr\0,com.logistic.framework.web.domain.BaseEntity\0\0\0\0\0\0\0\0\nL\0	beginTimeq\0~\0	L\0createByq\0~\0	L\0\ncreateTimet\0Ljava/util/Date;L\0	dataScopeq\0~\0	L\0endTimeq\0~\0	L\0paramsq\0~\0L\0remarkq\0~\0	L\0searchValueq\0~\0	L\0updateByq\0~\0	L\0\nupdateTimeq\0~\0xppt\0adminsr\0java.util.DatehjKYt\0\0xpw\0\0b,Ş)àxpppt\0\0pppt\01t\00/10 * * * * ?t\0ryTask.ryNoParamst\0DEFAULTsr\0java.lang.Long;‹äÌ#ß\0J\0valuexr\0java.lang.Number†¬•”à‹\0\0xp\0\0\0\0\0\0\0t\0ç³»ç»Ÿé»˜è®¤ï¼ˆæ— å‚ï¼‰t\03t\01x\0'),('RuoyiScheduler','TASK_CLASS_NAME2','DEFAULT',NULL,'com.logistic.common.utils.job.QuartzDisallowConcurrentExecution','0','1','0','0','¬í\0sr\0org.quartz.JobDataMapŸ°ƒè¿©°Ë\0\0xr\0&org.quartz.utils.StringKeyDirtyFlagMap‚èÃûÅ](\0Z\0allowsTransientDataxr\0org.quartz.utils.DirtyFlagMapæ.­(v\nÎ\0Z\0dirtyL\0mapt\0Ljava/util/Map;xpsr\0java.util.HashMapÚÁÃ`Ñ\0F\0\nloadFactorI\0	thresholdxp?@\0\0\0\0\0w\0\0\0\0\0\0t\0TASK_PROPERTIESsr\0*com.logistic.project.monitor.domain.SysJob\0\0\0\0\0\0\0\0L\0\nconcurrentt\0Ljava/lang/String;L\0cronExpressionq\0~\0	L\0invokeTargetq\0~\0	L\0jobGroupq\0~\0	L\0jobIdt\0Ljava/lang/Long;L\0jobNameq\0~\0	L\0\rmisfirePolicyq\0~\0	L\0statusq\0~\0	xr\0,com.logistic.framework.web.domain.BaseEntity\0\0\0\0\0\0\0\0\nL\0	beginTimeq\0~\0	L\0createByq\0~\0	L\0\ncreateTimet\0Ljava/util/Date;L\0	dataScopeq\0~\0	L\0endTimeq\0~\0	L\0paramsq\0~\0L\0remarkq\0~\0	L\0searchValueq\0~\0	L\0updateByq\0~\0	L\0\nupdateTimeq\0~\0xppt\0adminsr\0java.util.DatehjKYt\0\0xpw\0\0b,Ş)àxpppt\0\0pppt\01t\00/15 * * * * ?t\0ryTask.ryParams(\'ry\')t\0DEFAULTsr\0java.lang.Long;‹äÌ#ß\0J\0valuexr\0java.lang.Number†¬•”à‹\0\0xp\0\0\0\0\0\0\0t\0ç³»ç»Ÿé»˜è®¤ï¼ˆæœ‰å‚ï¼‰t\03t\01x\0'),('RuoyiScheduler','TASK_CLASS_NAME3','DEFAULT',NULL,'com.logistic.common.utils.job.QuartzDisallowConcurrentExecution','0','1','0','0','¬í\0sr\0org.quartz.JobDataMapŸ°ƒè¿©°Ë\0\0xr\0&org.quartz.utils.StringKeyDirtyFlagMap‚èÃûÅ](\0Z\0allowsTransientDataxr\0org.quartz.utils.DirtyFlagMapæ.­(v\nÎ\0Z\0dirtyL\0mapt\0Ljava/util/Map;xpsr\0java.util.HashMapÚÁÃ`Ñ\0F\0\nloadFactorI\0	thresholdxp?@\0\0\0\0\0w\0\0\0\0\0\0t\0TASK_PROPERTIESsr\0*com.logistic.project.monitor.domain.SysJob\0\0\0\0\0\0\0\0L\0\nconcurrentt\0Ljava/lang/String;L\0cronExpressionq\0~\0	L\0invokeTargetq\0~\0	L\0jobGroupq\0~\0	L\0jobIdt\0Ljava/lang/Long;L\0jobNameq\0~\0	L\0\rmisfirePolicyq\0~\0	L\0statusq\0~\0	xr\0,com.logistic.framework.web.domain.BaseEntity\0\0\0\0\0\0\0\0\nL\0	beginTimeq\0~\0	L\0createByq\0~\0	L\0\ncreateTimet\0Ljava/util/Date;L\0	dataScopeq\0~\0	L\0endTimeq\0~\0	L\0paramsq\0~\0L\0remarkq\0~\0	L\0searchValueq\0~\0	L\0updateByq\0~\0	L\0\nupdateTimeq\0~\0xppt\0adminsr\0java.util.DatehjKYt\0\0xpw\0\0b,Ş)àxpppt\0\0pppt\01t\00/20 * * * * ?t\08ryTask.ryMultipleParams(\'ry\', true, 2000L, 316.50D, 100)t\0DEFAULTsr\0java.lang.Long;‹äÌ#ß\0J\0valuexr\0java.lang.Number†¬•”à‹\0\0xp\0\0\0\0\0\0\0t\0ç³»ç»Ÿé»˜è®¤ï¼ˆå¤šå‚ï¼‰t\03t\01x\0');

/*Table structure for table `qrtz_locks` */

DROP TABLE IF EXISTS `qrtz_locks`;

CREATE TABLE `qrtz_locks` (
  `sched_name` varchar(120) COLLATE utf8_bin NOT NULL,
  `lock_name` varchar(40) COLLATE utf8_bin NOT NULL,
  PRIMARY KEY (`sched_name`,`lock_name`)
) ENGINE=InnoDB DEFAULT CHARSET=utf8 COLLATE=utf8_bin;

/*Data for the table `qrtz_locks` */

insert  into `qrtz_locks`(`sched_name`,`lock_name`) values ('RuoyiScheduler','STATE_ACCESS'),('RuoyiScheduler','TRIGGER_ACCESS');

/*Table structure for table `qrtz_paused_trigger_grps` */

DROP TABLE IF EXISTS `qrtz_paused_trigger_grps`;

CREATE TABLE `qrtz_paused_trigger_grps` (
  `sched_name` varchar(120) COLLATE utf8_bin NOT NULL,
  `trigger_group` varchar(200) COLLATE utf8_bin NOT NULL,
  PRIMARY KEY (`sched_name`,`trigger_group`)
) ENGINE=InnoDB DEFAULT CHARSET=utf8 COLLATE=utf8_bin;

/*Data for the table `qrtz_paused_trigger_grps` */

/*Table structure for table `qrtz_scheduler_state` */

DROP TABLE IF EXISTS `qrtz_scheduler_state`;

CREATE TABLE `qrtz_scheduler_state` (
  `sched_name` varchar(120) COLLATE utf8_bin NOT NULL,
  `instance_name` varchar(200) COLLATE utf8_bin NOT NULL,
  `last_checkin_time` bigint(13) NOT NULL,
  `checkin_interval` bigint(13) NOT NULL,
  PRIMARY KEY (`sched_name`,`instance_name`)
) ENGINE=InnoDB DEFAULT CHARSET=utf8 COLLATE=utf8_bin;

/*Data for the table `qrtz_scheduler_state` */

insert  into `qrtz_scheduler_state`(`sched_name`,`instance_name`,`last_checkin_time`,`checkin_interval`) values ('RuoyiScheduler','CY-20181024UXOJ1589881874548',1589897570578,15000);

/*Table structure for table `qrtz_simple_triggers` */

DROP TABLE IF EXISTS `qrtz_simple_triggers`;

CREATE TABLE `qrtz_simple_triggers` (
  `sched_name` varchar(120) COLLATE utf8_bin NOT NULL,
  `trigger_name` varchar(200) COLLATE utf8_bin NOT NULL,
  `trigger_group` varchar(200) COLLATE utf8_bin NOT NULL,
  `repeat_count` bigint(7) NOT NULL,
  `repeat_interval` bigint(12) NOT NULL,
  `times_triggered` bigint(10) NOT NULL,
  PRIMARY KEY (`sched_name`,`trigger_name`,`trigger_group`),
  CONSTRAINT `qrtz_simple_triggers_ibfk_1` FOREIGN KEY (`sched_name`, `trigger_name`, `trigger_group`) REFERENCES `qrtz_triggers` (`sched_name`, `trigger_name`, `trigger_group`)
) ENGINE=InnoDB DEFAULT CHARSET=utf8 COLLATE=utf8_bin;

/*Data for the table `qrtz_simple_triggers` */

/*Table structure for table `qrtz_simprop_triggers` */

DROP TABLE IF EXISTS `qrtz_simprop_triggers`;

CREATE TABLE `qrtz_simprop_triggers` (
  `sched_name` varchar(120) COLLATE utf8_bin NOT NULL,
  `trigger_name` varchar(200) COLLATE utf8_bin NOT NULL,
  `trigger_group` varchar(200) COLLATE utf8_bin NOT NULL,
  `str_prop_1` varchar(512) COLLATE utf8_bin DEFAULT NULL,
  `str_prop_2` varchar(512) COLLATE utf8_bin DEFAULT NULL,
  `str_prop_3` varchar(512) COLLATE utf8_bin DEFAULT NULL,
  `int_prop_1` int(11) DEFAULT NULL,
  `int_prop_2` int(11) DEFAULT NULL,
  `long_prop_1` bigint(20) DEFAULT NULL,
  `long_prop_2` bigint(20) DEFAULT NULL,
  `dec_prop_1` decimal(13,4) DEFAULT NULL,
  `dec_prop_2` decimal(13,4) DEFAULT NULL,
  `bool_prop_1` varchar(1) COLLATE utf8_bin DEFAULT NULL,
  `bool_prop_2` varchar(1) COLLATE utf8_bin DEFAULT NULL,
  PRIMARY KEY (`sched_name`,`trigger_name`,`trigger_group`),
  CONSTRAINT `qrtz_simprop_triggers_ibfk_1` FOREIGN KEY (`sched_name`, `trigger_name`, `trigger_group`) REFERENCES `qrtz_triggers` (`sched_name`, `trigger_name`, `trigger_group`)
) ENGINE=InnoDB DEFAULT CHARSET=utf8 COLLATE=utf8_bin;

/*Data for the table `qrtz_simprop_triggers` */

/*Table structure for table `qrtz_triggers` */

DROP TABLE IF EXISTS `qrtz_triggers`;

CREATE TABLE `qrtz_triggers` (
  `sched_name` varchar(120) COLLATE utf8_bin NOT NULL,
  `trigger_name` varchar(200) COLLATE utf8_bin NOT NULL,
  `trigger_group` varchar(200) COLLATE utf8_bin NOT NULL,
  `job_name` varchar(200) COLLATE utf8_bin NOT NULL,
  `job_group` varchar(200) COLLATE utf8_bin NOT NULL,
  `description` varchar(250) COLLATE utf8_bin DEFAULT NULL,
  `next_fire_time` bigint(13) DEFAULT NULL,
  `prev_fire_time` bigint(13) DEFAULT NULL,
  `priority` int(11) DEFAULT NULL,
  `trigger_state` varchar(16) COLLATE utf8_bin NOT NULL,
  `trigger_type` varchar(8) COLLATE utf8_bin NOT NULL,
  `start_time` bigint(13) NOT NULL,
  `end_time` bigint(13) DEFAULT NULL,
  `calendar_name` varchar(200) COLLATE utf8_bin DEFAULT NULL,
  `misfire_instr` smallint(2) DEFAULT NULL,
  `job_data` blob,
  PRIMARY KEY (`sched_name`,`trigger_name`,`trigger_group`),
  KEY `sched_name` (`sched_name`,`job_name`,`job_group`),
  CONSTRAINT `qrtz_triggers_ibfk_1` FOREIGN KEY (`sched_name`, `job_name`, `job_group`) REFERENCES `qrtz_job_details` (`sched_name`, `job_name`, `job_group`)
) ENGINE=InnoDB DEFAULT CHARSET=utf8 COLLATE=utf8_bin;

/*Data for the table `qrtz_triggers` */

insert  into `qrtz_triggers`(`sched_name`,`trigger_name`,`trigger_group`,`job_name`,`job_group`,`description`,`next_fire_time`,`prev_fire_time`,`priority`,`trigger_state`,`trigger_type`,`start_time`,`end_time`,`calendar_name`,`misfire_instr`,`job_data`) values ('RuoyiScheduler','TASK_CLASS_NAME1','DEFAULT','TASK_CLASS_NAME1','DEFAULT',NULL,1589881880000,-1,5,'PAUSED','CRON',1589881874000,0,NULL,2,''),('RuoyiScheduler','TASK_CLASS_NAME2','DEFAULT','TASK_CLASS_NAME2','DEFAULT',NULL,1589881875000,-1,5,'PAUSED','CRON',1589881874000,0,NULL,2,''),('RuoyiScheduler','TASK_CLASS_NAME3','DEFAULT','TASK_CLASS_NAME3','DEFAULT',NULL,1589881880000,-1,5,'PAUSED','CRON',1589881874000,0,NULL,2,'');

/*Table structure for table `shippingdoc` */

DROP TABLE IF EXISTS `shippingdoc`;

CREATE TABLE `shippingdoc` (
  `id` int(11) NOT NULL AUTO_INCREMENT COMMENT 'id',
  `goodsid` int(11) DEFAULT NULL COMMENT 'å•†å“',
  `shipping_time` datetime DEFAULT NULL COMMENT 'åˆ°è´§æ—¶é—´',
  `cgy` varchar(20) COLLATE utf8_bin DEFAULT NULL COMMENT 'ä»“ç®¡å‘˜',
  `operator` varchar(20) COLLATE utf8_bin DEFAULT NULL COMMENT 'æ“ä½œå‘˜',
  `ship_person` varchar(20) COLLATE utf8_bin DEFAULT NULL COMMENT 'è¿é€äººå‘˜',
  `warehouse` varchar(20) COLLATE utf8_bin DEFAULT NULL,
  PRIMARY KEY (`id`)
) ENGINE=InnoDB AUTO_INCREMENT=2 DEFAULT CHARSET=utf8 COLLATE=utf8_bin;

/*Data for the table `shippingdoc` */

insert  into `shippingdoc`(`id`,`goodsid`,`shipping_time`,`cgy`,`operator`,`ship_person`,`warehouse`) values (1,1,'2020-05-07 00:00:00','admin','admin','å®‹å¸ˆå‚…','1å·ä»“åº“');

/*Table structure for table `sys_config` */

DROP TABLE IF EXISTS `sys_config`;

CREATE TABLE `sys_config` (
  `config_id` int(5) NOT NULL AUTO_INCREMENT COMMENT 'å‚æ•°ä¸»é”®',
  `config_name` varchar(100) COLLATE utf8_bin DEFAULT '' COMMENT 'å‚æ•°åç§°',
  `config_key` varchar(100) COLLATE utf8_bin DEFAULT '' COMMENT 'å‚æ•°é”®å',
  `config_value` varchar(500) COLLATE utf8_bin DEFAULT '' COMMENT 'å‚æ•°é”®å€¼',
  `config_type` char(1) COLLATE utf8_bin DEFAULT 'N' COMMENT 'ç³»ç»Ÿå†…ç½®ï¼ˆYæ˜¯ Nå¦ï¼‰',
  `create_by` varchar(64) COLLATE utf8_bin DEFAULT '' COMMENT 'åˆ›å»ºè€…',
  `create_time` datetime DEFAULT NULL COMMENT 'åˆ›å»ºæ—¶é—´',
  `update_by` varchar(64) COLLATE utf8_bin DEFAULT '' COMMENT 'æ›´æ–°è€…',
  `update_time` datetime DEFAULT NULL COMMENT 'æ›´æ–°æ—¶é—´',
  `remark` varchar(500) COLLATE utf8_bin DEFAULT NULL COMMENT 'å¤‡æ³¨',
  PRIMARY KEY (`config_id`)
) ENGINE=InnoDB AUTO_INCREMENT=4 DEFAULT CHARSET=utf8 COLLATE=utf8_bin COMMENT='å‚æ•°é…ç½®è¡¨';

/*Data for the table `sys_config` */

insert  into `sys_config`(`config_id`,`config_name`,`config_key`,`config_value`,`config_type`,`create_by`,`create_time`,`update_by`,`update_time`,`remark`) values (1,'ä¸»æ¡†æ¶é¡µ-é»˜è®¤çš®è‚¤æ ·å¼åç§°','sys.index.skinName','skin-blue','Y','admin','2018-03-16 11:33:00','ry','2018-03-16 11:33:00','è“è‰² skin-blueã€ç»¿è‰² skin-greenã€ç´«è‰² skin-purpleã€çº¢è‰² skin-redã€é»„è‰² skin-yellow'),(2,'ç”¨æˆ·ç®¡ç†-è´¦å·åˆå§‹å¯†ç ','sys.user.initPassword','123456','Y','admin','2018-03-16 11:33:00','ry','2018-03-16 11:33:00','åˆå§‹åŒ–å¯†ç  123456'),(3,'ä¸»æ¡†æ¶é¡µ-ä¾§è¾¹æ ä¸»é¢˜','sys.index.sideTheme','theme-dark','Y','admin','2018-03-16 11:33:00','ry','2018-03-16 11:33:00','æ·±è‰²ä¸»é¢˜theme-darkï¼Œæµ…è‰²ä¸»é¢˜theme-light');

/*Table structure for table `sys_dept` */

DROP TABLE IF EXISTS `sys_dept`;

CREATE TABLE `sys_dept` (
  `dept_id` bigint(20) NOT NULL AUTO_INCREMENT COMMENT 'éƒ¨é—¨id',
  `parent_id` bigint(20) DEFAULT '0' COMMENT 'çˆ¶éƒ¨é—¨id',
  `ancestors` varchar(50) COLLATE utf8_bin DEFAULT '' COMMENT 'ç¥–çº§åˆ—è¡¨',
  `dept_name` varchar(30) COLLATE utf8_bin DEFAULT '' COMMENT 'éƒ¨é—¨åç§°',
  `order_num` int(4) DEFAULT '0' COMMENT 'æ˜¾ç¤ºé¡ºåº',
  `leader` varchar(20) COLLATE utf8_bin DEFAULT NULL COMMENT 'è´Ÿè´£äºº',
  `phone` varchar(11) COLLATE utf8_bin DEFAULT NULL COMMENT 'è”ç³»ç”µè¯',
  `email` varchar(50) COLLATE utf8_bin DEFAULT NULL COMMENT 'é‚®ç®±',
  `status` char(1) COLLATE utf8_bin DEFAULT '0' COMMENT 'éƒ¨é—¨çŠ¶æ€ï¼ˆ0æ­£å¸¸ 1åœç”¨ï¼‰',
  `del_flag` char(1) COLLATE utf8_bin DEFAULT '0' COMMENT 'åˆ é™¤æ ‡å¿—ï¼ˆ0ä»£è¡¨å­˜åœ¨ 2ä»£è¡¨åˆ é™¤ï¼‰',
  `create_by` varchar(64) COLLATE utf8_bin DEFAULT '' COMMENT 'åˆ›å»ºè€…',
  `create_time` datetime DEFAULT NULL COMMENT 'åˆ›å»ºæ—¶é—´',
  `update_by` varchar(64) COLLATE utf8_bin DEFAULT '' COMMENT 'æ›´æ–°è€…',
  `update_time` datetime DEFAULT NULL COMMENT 'æ›´æ–°æ—¶é—´',
  PRIMARY KEY (`dept_id`)
) ENGINE=InnoDB AUTO_INCREMENT=110 DEFAULT CHARSET=utf8 COLLATE=utf8_bin COMMENT='éƒ¨é—¨è¡¨';

/*Data for the table `sys_dept` */

insert  into `sys_dept`(`dept_id`,`parent_id`,`ancestors`,`dept_name`,`order_num`,`leader`,`phone`,`email`,`status`,`del_flag`,`create_by`,`create_time`,`update_by`,`update_time`) values (100,0,'0','é¡ºä¸°å¿«é€’',0,'è‹¥ä¾','15888888888','ry@qq.com','0','0','admin','2018-03-16 11:33:00','admin','2020-05-06 12:30:23'),(101,100,'0,100','æ·±åœ³æ€»å…¬å¸',1,'è¯ºä¸€','13800880000','ry@qq.com','0','0','admin','2018-03-16 11:33:00','admin','2020-05-06 12:30:23'),(102,100,'0,100','é•¿æ²™åˆ†å…¬å¸',2,'è‹¥ä¾','15888888888','ry@qq.com','0','0','admin','2018-03-16 11:33:00','ry','2018-03-16 11:33:00'),(103,101,'0,100,101','ç‰©æµéƒ¨é—¨',1,'è‹¥ä¾','15888888888','ry@qq.com','0','0','admin','2018-03-16 11:33:00','admin','2020-05-06 12:30:23'),(104,101,'0,100,101','å¸‚åœºéƒ¨é—¨',2,'è‹¥ä¾','15888888888','ry@qq.com','0','0','admin','2018-03-16 11:33:00','ry','2018-03-16 11:33:00'),(105,101,'0,100,101','ä»“å‚¨éƒ¨é—¨',3,'è‹¥ä¾','15888888888','ry@qq.com','0','0','admin','2018-03-16 11:33:00','admin','2020-05-06 12:29:40'),(106,101,'0,100,101','è´¢åŠ¡éƒ¨é—¨',4,'è‹¥ä¾','15888888888','ry@qq.com','0','0','admin','2018-03-16 11:33:00','ry','2018-03-16 11:33:00'),(107,101,'0,100,101',' ä¿å«éƒ¨é—¨',5,'è‹¥ä¾','15888888888','ry@qq.com','0','0','admin','2018-03-16 11:33:00','admin','2020-05-06 12:30:07'),(108,102,'0,100,102','å¸‚åœºéƒ¨é—¨',1,'è‹¥ä¾','15888888888','ry@qq.com','0','0','admin','2018-03-16 11:33:00','ry','2018-03-16 11:33:00'),(109,102,'0,100,102','è´¢åŠ¡éƒ¨é—¨',2,'è‹¥ä¾','15888888888','ry@qq.com','0','0','admin','2018-03-16 11:33:00','ry','2018-03-16 11:33:00');

/*Table structure for table `sys_dict_data` */

DROP TABLE IF EXISTS `sys_dict_data`;

CREATE TABLE `sys_dict_data` (
  `dict_code` bigint(20) NOT NULL AUTO_INCREMENT COMMENT 'å­—å…¸ç¼–ç ',
  `dict_sort` int(4) DEFAULT '0' COMMENT 'å­—å…¸æ’åº',
  `dict_label` varchar(100) COLLATE utf8_bin DEFAULT '' COMMENT 'å­—å…¸æ ‡ç­¾',
  `dict_value` varchar(100) COLLATE utf8_bin DEFAULT '' COMMENT 'å­—å…¸é”®å€¼',
  `dict_type` varchar(100) COLLATE utf8_bin DEFAULT '' COMMENT 'å­—å…¸ç±»å‹',
  `css_class` varchar(100) COLLATE utf8_bin DEFAULT NULL COMMENT 'æ ·å¼å±æ€§ï¼ˆå…¶ä»–æ ·å¼æ‰©å±•ï¼‰',
  `list_class` varchar(100) COLLATE utf8_bin DEFAULT NULL COMMENT 'è¡¨æ ¼å›æ˜¾æ ·å¼',
  `is_default` char(1) COLLATE utf8_bin DEFAULT 'N' COMMENT 'æ˜¯å¦é»˜è®¤ï¼ˆYæ˜¯ Nå¦ï¼‰',
  `status` char(1) COLLATE utf8_bin DEFAULT '0' COMMENT 'çŠ¶æ€ï¼ˆ0æ­£å¸¸ 1åœç”¨ï¼‰',
  `create_by` varchar(64) COLLATE utf8_bin DEFAULT '' COMMENT 'åˆ›å»ºè€…',
  `create_time` datetime DEFAULT NULL COMMENT 'åˆ›å»ºæ—¶é—´',
  `update_by` varchar(64) COLLATE utf8_bin DEFAULT '' COMMENT 'æ›´æ–°è€…',
  `update_time` datetime DEFAULT NULL COMMENT 'æ›´æ–°æ—¶é—´',
  `remark` varchar(500) COLLATE utf8_bin DEFAULT NULL COMMENT 'å¤‡æ³¨',
  PRIMARY KEY (`dict_code`)
) ENGINE=InnoDB AUTO_INCREMENT=33 DEFAULT CHARSET=utf8 COLLATE=utf8_bin COMMENT='å­—å…¸æ•°æ®è¡¨';

/*Data for the table `sys_dict_data` */

insert  into `sys_dict_data`(`dict_code`,`dict_sort`,`dict_label`,`dict_value`,`dict_type`,`css_class`,`list_class`,`is_default`,`status`,`create_by`,`create_time`,`update_by`,`update_time`,`remark`) values (1,1,'ç”·','0','sys_user_sex','','','Y','0','admin','2018-03-16 11:33:00','ry','2018-03-16 11:33:00','æ€§åˆ«ç”·'),(2,2,'å¥³','1','sys_user_sex','','','N','0','admin','2018-03-16 11:33:00','ry','2018-03-16 11:33:00','æ€§åˆ«å¥³'),(3,3,'æœªçŸ¥','2','sys_user_sex','','','N','0','admin','2018-03-16 11:33:00','ry','2018-03-16 11:33:00','æ€§åˆ«æœªçŸ¥'),(4,1,'æ˜¾ç¤º','0','sys_show_hide','','primary','Y','0','admin','2018-03-16 11:33:00','ry','2018-03-16 11:33:00','æ˜¾ç¤ºèœå•'),(5,2,'éšè—','1','sys_show_hide','','danger','N','0','admin','2018-03-16 11:33:00','ry','2018-03-16 11:33:00','éšè—èœå•'),(6,1,'æ­£å¸¸','0','sys_normal_disable','','primary','Y','0','admin','2018-03-16 11:33:00','ry','2018-03-16 11:33:00','æ­£å¸¸çŠ¶æ€'),(7,2,'åœç”¨','1','sys_normal_disable','','danger','N','0','admin','2018-03-16 11:33:00','ry','2018-03-16 11:33:00','åœç”¨çŠ¶æ€'),(8,1,'æ­£å¸¸','0','sys_job_status','','primary','Y','0','admin','2018-03-16 11:33:00','ry','2018-03-16 11:33:00','æ­£å¸¸çŠ¶æ€'),(9,2,'æš‚åœ','1','sys_job_status','','danger','N','0','admin','2018-03-16 11:33:00','ry','2018-03-16 11:33:00','åœç”¨çŠ¶æ€'),(10,1,'é»˜è®¤','DEFAULT','sys_job_group','','','Y','0','admin','2018-03-16 11:33:00','ry','2018-03-16 11:33:00','é»˜è®¤åˆ†ç»„'),(11,2,'ç³»ç»Ÿ','SYSTEM','sys_job_group','','','N','0','admin','2018-03-16 11:33:00','ry','2018-03-16 11:33:00','ç³»ç»Ÿåˆ†ç»„'),(12,1,'æ˜¯','Y','sys_yes_no','','primary','Y','0','admin','2018-03-16 11:33:00','ry','2018-03-16 11:33:00','ç³»ç»Ÿé»˜è®¤æ˜¯'),(13,2,'å¦','N','sys_yes_no','','danger','N','0','admin','2018-03-16 11:33:00','ry','2018-03-16 11:33:00','ç³»ç»Ÿé»˜è®¤å¦'),(14,1,'é€šçŸ¥','1','sys_notice_type','','warning','Y','0','admin','2018-03-16 11:33:00','ry','2018-03-16 11:33:00','é€šçŸ¥'),(15,2,'å…¬å‘Š','2','sys_notice_type','','success','N','0','admin','2018-03-16 11:33:00','ry','2018-03-16 11:33:00','å…¬å‘Š'),(16,1,'æ­£å¸¸','0','sys_notice_status','','primary','Y','0','admin','2018-03-16 11:33:00','ry','2018-03-16 11:33:00','æ­£å¸¸çŠ¶æ€'),(17,2,'å…³é—­','1','sys_notice_status','','danger','N','0','admin','2018-03-16 11:33:00','ry','2018-03-16 11:33:00','å…³é—­çŠ¶æ€'),(18,1,'æ–°å¢','1','sys_oper_type','','info','N','0','admin','2018-03-16 11:33:00','ry','2018-03-16 11:33:00','æ–°å¢æ“ä½œ'),(19,2,'ä¿®æ”¹','2','sys_oper_type','','info','N','0','admin','2018-03-16 11:33:00','ry','2018-03-16 11:33:00','ä¿®æ”¹æ“ä½œ'),(20,3,'åˆ é™¤','3','sys_oper_type','','danger','N','0','admin','2018-03-16 11:33:00','ry','2018-03-16 11:33:00','åˆ é™¤æ“ä½œ'),(21,4,'æˆæƒ','4','sys_oper_type','','primary','N','0','admin','2018-03-16 11:33:00','ry','2018-03-16 11:33:00','æˆæƒæ“ä½œ'),(22,5,'å¯¼å‡º','5','sys_oper_type','','warning','N','0','admin','2018-03-16 11:33:00','ry','2018-03-16 11:33:00','å¯¼å‡ºæ“ä½œ'),(23,6,'å¯¼å…¥','6','sys_oper_type','','warning','N','0','admin','2018-03-16 11:33:00','ry','2018-03-16 11:33:00','å¯¼å…¥æ“ä½œ'),(24,7,'å¼ºé€€','7','sys_oper_type','','danger','N','0','admin','2018-03-16 11:33:00','ry','2018-03-16 11:33:00','å¼ºé€€æ“ä½œ'),(25,8,'ç”Ÿæˆä»£ç ','8','sys_oper_type','','warning','N','0','admin','2018-03-16 11:33:00','ry','2018-03-16 11:33:00','ç”Ÿæˆæ“ä½œ'),(26,9,'æ¸…ç©ºæ•°æ®','9','sys_oper_type','','danger','N','0','admin','2018-03-16 11:33:00','ry','2018-03-16 11:33:00','æ¸…ç©ºæ“ä½œ'),(27,1,'æˆåŠŸ','0','sys_common_status','','primary','N','0','admin','2018-03-16 11:33:00','ry','2018-03-16 11:33:00','æ­£å¸¸çŠ¶æ€'),(28,2,'å¤±è´¥','1','sys_common_status','','danger','N','0','admin','2018-03-16 11:33:00','ry','2018-03-16 11:33:00','åœç”¨çŠ¶æ€'),(29,0,'å¾®ä¿¡æ”¯ä»˜','0','sys_zf_type',NULL,NULL,'N','0','admin','2020-05-06 20:20:46','',NULL,NULL),(30,1,'æ”¯ä»˜å®æ”¯ä»˜','1','sys_zf_type',NULL,NULL,'N','0','admin','2020-05-06 20:20:56','',NULL,NULL),(31,0,'æœªé‡‡è´­','0','sys_purchase_state',NULL,NULL,'N','0','admin','2020-05-17 11:34:16','admin','2020-05-17 11:45:07',NULL),(32,1,'å·²é‡‡è´­','1','sys_purchase_state',NULL,NULL,'N','0','admin','2020-05-17 11:34:55','admin','2020-05-17 11:45:17',NULL);

/*Table structure for table `sys_dict_type` */

DROP TABLE IF EXISTS `sys_dict_type`;

CREATE TABLE `sys_dict_type` (
  `dict_id` bigint(20) NOT NULL AUTO_INCREMENT COMMENT 'å­—å…¸ä¸»é”®',
  `dict_name` varchar(100) COLLATE utf8_bin DEFAULT '' COMMENT 'å­—å…¸åç§°',
  `dict_type` varchar(100) COLLATE utf8_bin DEFAULT '' COMMENT 'å­—å…¸ç±»å‹',
  `status` char(1) COLLATE utf8_bin DEFAULT '0' COMMENT 'çŠ¶æ€ï¼ˆ0æ­£å¸¸ 1åœç”¨ï¼‰',
  `create_by` varchar(64) COLLATE utf8_bin DEFAULT '' COMMENT 'åˆ›å»ºè€…',
  `create_time` datetime DEFAULT NULL COMMENT 'åˆ›å»ºæ—¶é—´',
  `update_by` varchar(64) COLLATE utf8_bin DEFAULT '' COMMENT 'æ›´æ–°è€…',
  `update_time` datetime DEFAULT NULL COMMENT 'æ›´æ–°æ—¶é—´',
  `remark` varchar(500) COLLATE utf8_bin DEFAULT NULL COMMENT 'å¤‡æ³¨',
  PRIMARY KEY (`dict_id`),
  UNIQUE KEY `dict_type` (`dict_type`)
) ENGINE=InnoDB AUTO_INCREMENT=13 DEFAULT CHARSET=utf8 COLLATE=utf8_bin COMMENT='å­—å…¸ç±»å‹è¡¨';

/*Data for the table `sys_dict_type` */

insert  into `sys_dict_type`(`dict_id`,`dict_name`,`dict_type`,`status`,`create_by`,`create_time`,`update_by`,`update_time`,`remark`) values (1,'ç”¨æˆ·æ€§åˆ«','sys_user_sex','0','admin','2018-03-16 11:33:00','ry','2018-03-16 11:33:00','ç”¨æˆ·æ€§åˆ«åˆ—è¡¨'),(2,'èœå•çŠ¶æ€','sys_show_hide','0','admin','2018-03-16 11:33:00','ry','2018-03-16 11:33:00','èœå•çŠ¶æ€åˆ—è¡¨'),(3,'ç³»ç»Ÿå¼€å…³','sys_normal_disable','0','admin','2018-03-16 11:33:00','ry','2018-03-16 11:33:00','ç³»ç»Ÿå¼€å…³åˆ—è¡¨'),(4,'ä»»åŠ¡çŠ¶æ€','sys_job_status','0','admin','2018-03-16 11:33:00','ry','2018-03-16 11:33:00','ä»»åŠ¡çŠ¶æ€åˆ—è¡¨'),(5,'ä»»åŠ¡åˆ†ç»„','sys_job_group','0','admin','2018-03-16 11:33:00','ry','2018-03-16 11:33:00','ä»»åŠ¡åˆ†ç»„åˆ—è¡¨'),(6,'ç³»ç»Ÿæ˜¯å¦','sys_yes_no','0','admin','2018-03-16 11:33:00','ry','2018-03-16 11:33:00','ç³»ç»Ÿæ˜¯å¦åˆ—è¡¨'),(7,'é€šçŸ¥ç±»å‹','sys_notice_type','0','admin','2018-03-16 11:33:00','ry','2018-03-16 11:33:00','é€šçŸ¥ç±»å‹åˆ—è¡¨'),(8,'é€šçŸ¥çŠ¶æ€','sys_notice_status','0','admin','2018-03-16 11:33:00','ry','2018-03-16 11:33:00','é€šçŸ¥çŠ¶æ€åˆ—è¡¨'),(9,'æ“ä½œç±»å‹','sys_oper_type','0','admin','2018-03-16 11:33:00','ry','2018-03-16 11:33:00','æ“ä½œç±»å‹åˆ—è¡¨'),(10,'ç³»ç»ŸçŠ¶æ€','sys_common_status','0','admin','2018-03-16 11:33:00','ry','2018-03-16 11:33:00','ç™»å½•çŠ¶æ€åˆ—è¡¨'),(11,'æ”¯ä»˜ç±»åˆ«','sys_zf_type','0','admin','2020-05-06 20:19:58','',NULL,'æ”¯ä»˜ç±»å‹'),(12,'é‡‡è´­çŠ¶æ€','sys_purchase_state','0','admin','2020-05-17 11:32:57','',NULL,NULL);

/*Table structure for table `sys_job` */

DROP TABLE IF EXISTS `sys_job`;

CREATE TABLE `sys_job` (
  `job_id` bigint(20) NOT NULL AUTO_INCREMENT COMMENT 'ä»»åŠ¡ID',
  `job_name` varchar(64) COLLATE utf8_bin NOT NULL DEFAULT '' COMMENT 'ä»»åŠ¡åç§°',
  `job_group` varchar(64) COLLATE utf8_bin NOT NULL DEFAULT 'DEFAULT' COMMENT 'ä»»åŠ¡ç»„å',
  `invoke_target` varchar(500) COLLATE utf8_bin NOT NULL COMMENT 'è°ƒç”¨ç›®æ ‡å­—ç¬¦ä¸²',
  `cron_expression` varchar(255) COLLATE utf8_bin DEFAULT '' COMMENT 'cronæ‰§è¡Œè¡¨è¾¾å¼',
  `misfire_policy` varchar(20) COLLATE utf8_bin DEFAULT '3' COMMENT 'è®¡åˆ’æ‰§è¡Œé”™è¯¯ç­–ç•¥ï¼ˆ1ç«‹å³æ‰§è¡Œ 2æ‰§è¡Œä¸€æ¬¡ 3æ”¾å¼ƒæ‰§è¡Œï¼‰',
  `concurrent` char(1) COLLATE utf8_bin DEFAULT '1' COMMENT 'æ˜¯å¦å¹¶å‘æ‰§è¡Œï¼ˆ0å…è®¸ 1ç¦æ­¢ï¼‰',
  `status` char(1) COLLATE utf8_bin DEFAULT '0' COMMENT 'çŠ¶æ€ï¼ˆ0æ­£å¸¸ 1æš‚åœï¼‰',
  `create_by` varchar(64) COLLATE utf8_bin DEFAULT '' COMMENT 'åˆ›å»ºè€…',
  `create_time` datetime DEFAULT NULL COMMENT 'åˆ›å»ºæ—¶é—´',
  `update_by` varchar(64) COLLATE utf8_bin DEFAULT '' COMMENT 'æ›´æ–°è€…',
  `update_time` datetime DEFAULT NULL COMMENT 'æ›´æ–°æ—¶é—´',
  `remark` varchar(500) COLLATE utf8_bin DEFAULT '' COMMENT 'å¤‡æ³¨ä¿¡æ¯',
  PRIMARY KEY (`job_id`,`job_name`,`job_group`)
) ENGINE=InnoDB AUTO_INCREMENT=4 DEFAULT CHARSET=utf8 COLLATE=utf8_bin COMMENT='å®šæ—¶ä»»åŠ¡è°ƒåº¦è¡¨';

/*Data for the table `sys_job` */

insert  into `sys_job`(`job_id`,`job_name`,`job_group`,`invoke_target`,`cron_expression`,`misfire_policy`,`concurrent`,`status`,`create_by`,`create_time`,`update_by`,`update_time`,`remark`) values (1,'ç³»ç»Ÿé»˜è®¤ï¼ˆæ— å‚ï¼‰','DEFAULT','ryTask.ryNoParams','0/10 * * * * ?','3','1','1','admin','2018-03-16 11:33:00','ry','2018-03-16 11:33:00',''),(2,'ç³»ç»Ÿé»˜è®¤ï¼ˆæœ‰å‚ï¼‰','DEFAULT','ryTask.ryParams(\'ry\')','0/15 * * * * ?','3','1','1','admin','2018-03-16 11:33:00','ry','2018-03-16 11:33:00',''),(3,'ç³»ç»Ÿé»˜è®¤ï¼ˆå¤šå‚ï¼‰','DEFAULT','ryTask.ryMultipleParams(\'ry\', true, 2000L, 316.50D, 100)','0/20 * * * * ?','3','1','1','admin','2018-03-16 11:33:00','ry','2018-03-16 11:33:00','');

/*Table structure for table `sys_job_log` */

DROP TABLE IF EXISTS `sys_job_log`;

CREATE TABLE `sys_job_log` (
  `job_log_id` bigint(20) NOT NULL AUTO_INCREMENT COMMENT 'ä»»åŠ¡æ—¥å¿—ID',
  `job_name` varchar(64) COLLATE utf8_bin NOT NULL COMMENT 'ä»»åŠ¡åç§°',
  `job_group` varchar(64) COLLATE utf8_bin NOT NULL COMMENT 'ä»»åŠ¡ç»„å',
  `invoke_target` varchar(500) COLLATE utf8_bin NOT NULL COMMENT 'è°ƒç”¨ç›®æ ‡å­—ç¬¦ä¸²',
  `job_message` varchar(500) COLLATE utf8_bin DEFAULT NULL COMMENT 'æ—¥å¿—ä¿¡æ¯',
  `status` char(1) COLLATE utf8_bin DEFAULT '0' COMMENT 'æ‰§è¡ŒçŠ¶æ€ï¼ˆ0æ­£å¸¸ 1å¤±è´¥ï¼‰',
  `exception_info` varchar(2000) COLLATE utf8_bin DEFAULT '' COMMENT 'å¼‚å¸¸ä¿¡æ¯',
  `create_time` datetime DEFAULT NULL COMMENT 'åˆ›å»ºæ—¶é—´',
  PRIMARY KEY (`job_log_id`)
) ENGINE=InnoDB DEFAULT CHARSET=utf8 COLLATE=utf8_bin COMMENT='å®šæ—¶ä»»åŠ¡è°ƒåº¦æ—¥å¿—è¡¨';

/*Data for the table `sys_job_log` */

/*Table structure for table `sys_logininfor` */

DROP TABLE IF EXISTS `sys_logininfor`;

CREATE TABLE `sys_logininfor` (
  `info_id` bigint(20) NOT NULL AUTO_INCREMENT COMMENT 'è®¿é—®ID',
  `user_name` varchar(50) COLLATE utf8_bin DEFAULT '' COMMENT 'ç”¨æˆ·è´¦å·',
  `ipaddr` varchar(50) COLLATE utf8_bin DEFAULT '' COMMENT 'ç™»å½•IPåœ°å€',
  `login_location` varchar(255) COLLATE utf8_bin DEFAULT '' COMMENT 'ç™»å½•åœ°ç‚¹',
  `browser` varchar(50) COLLATE utf8_bin DEFAULT '' COMMENT 'æµè§ˆå™¨ç±»å‹',
  `os` varchar(50) COLLATE utf8_bin DEFAULT '' COMMENT 'æ“ä½œç³»ç»Ÿ',
  `status` char(1) COLLATE utf8_bin DEFAULT '0' COMMENT 'ç™»å½•çŠ¶æ€ï¼ˆ0æˆåŠŸ 1å¤±è´¥ï¼‰',
  `msg` varchar(255) COLLATE utf8_bin DEFAULT '' COMMENT 'æç¤ºæ¶ˆæ¯',
  `login_time` datetime DEFAULT NULL COMMENT 'è®¿é—®æ—¶é—´',
  PRIMARY KEY (`info_id`)
) ENGINE=InnoDB AUTO_INCREMENT=80 DEFAULT CHARSET=utf8 COLLATE=utf8_bin COMMENT='ç³»ç»Ÿè®¿é—®è®°å½•';

/*Data for the table `sys_logininfor` */

insert  into `sys_logininfor`(`info_id`,`user_name`,`ipaddr`,`login_location`,`browser`,`os`,`status`,`msg`,`login_time`) values (1,'admin','127.0.0.1','å†…ç½‘IP','Chrome','Windows 10','0','ç™»å½•æˆåŠŸ','2020-04-22 14:09:06'),(2,'admin','127.0.0.1','å†…ç½‘IP','Chrome','Windows 10','0','é€€å‡ºæˆåŠŸ','2020-04-22 15:13:32'),(3,'admin','127.0.0.1','å†…ç½‘IP','Chrome','Windows 10','0','ç™»å½•æˆåŠŸ','2020-04-22 15:13:51'),(4,'admin','127.0.0.1','å†…ç½‘IP','Chrome','Windows 10','0','ç™»å½•æˆåŠŸ','2020-04-22 20:37:24'),(5,'admin','127.0.0.1','å†…ç½‘IP','Chrome','Windows 10','0','é€€å‡ºæˆåŠŸ','2020-04-22 20:53:45'),(6,'admin','127.0.0.1','å†…ç½‘IP','Chrome','Windows 10','0','ç™»å½•æˆåŠŸ','2020-04-22 20:53:50'),(7,'admin','127.0.0.1','å†…ç½‘IP','Chrome','Windows 10','0','ç™»å½•æˆåŠŸ','2020-04-23 09:33:07'),(8,'admin','127.0.0.1','å†…ç½‘IP','Chrome','Windows 10','0','é€€å‡ºæˆåŠŸ','2020-04-23 10:22:55'),(9,'admin','127.0.0.1','å†…ç½‘IP','Chrome','Windows 10','0','ç™»å½•æˆåŠŸ','2020-04-23 10:23:00'),(10,'admin','127.0.0.1','å†…ç½‘IP','Chrome','Windows 10','0','ç™»å½•æˆåŠŸ','2020-04-23 13:10:14'),(11,'admin','127.0.0.1','å†…ç½‘IP','Chrome','Windows 10','0','ç™»å½•æˆåŠŸ','2020-04-23 14:09:16'),(12,'admin','127.0.0.1','å†…ç½‘IP','Chrome','Windows 10','0','é€€å‡ºæˆåŠŸ','2020-04-23 15:12:26'),(13,'admin','127.0.0.1','å†…ç½‘IP','Chrome','Windows 10','0','ç™»å½•æˆåŠŸ','2020-04-23 15:12:35'),(14,'admin','127.0.0.1','å†…ç½‘IP','Chrome','Windows 10','0','ç™»å½•æˆåŠŸ','2020-04-24 15:30:39'),(15,'admin','127.0.0.1','å†…ç½‘IP','Chrome','Windows 10','0','é€€å‡ºæˆåŠŸ','2020-04-24 16:48:03'),(16,'admin','127.0.0.1','å†…ç½‘IP','Chrome','Windows 10','0','ç™»å½•æˆåŠŸ','2020-04-24 16:48:12'),(17,'admin','127.0.0.1','å†…ç½‘IP','Chrome','Windows 10','0','ç™»å½•æˆåŠŸ','2020-04-25 09:19:22'),(18,'admin','127.0.0.1','å†…ç½‘IP','Chrome','Windows 10','0','ç™»å½•æˆåŠŸ','2020-05-05 10:55:49'),(19,'admin','127.0.0.1','å†…ç½‘IP','Chrome','Windows 10','0','ç™»å½•æˆåŠŸ','2020-05-05 15:28:49'),(20,'admin','127.0.0.1','å†…ç½‘IP','Chrome','Windows 10','0','ç™»å½•æˆåŠŸ','2020-05-06 11:25:15'),(21,'admin','127.0.0.1','å†…ç½‘IP','Chrome','Windows 10','0','ç™»å½•æˆåŠŸ','2020-05-06 20:08:13'),(22,'admin','127.0.0.1','å†…ç½‘IP','Chrome','Windows 10','0','é€€å‡ºæˆåŠŸ','2020-05-06 20:11:39'),(23,'mmy','127.0.0.1','å†…ç½‘IP','Chrome','Windows 10','1','éªŒè¯ç é”™è¯¯','2020-05-06 20:11:48'),(24,'mmy','127.0.0.1','å†…ç½‘IP','Chrome','Windows 10','0','ç™»å½•æˆåŠŸ','2020-05-06 20:11:54'),(25,'mmy','127.0.0.1','å†…ç½‘IP','Chrome','Windows 10','0','é€€å‡ºæˆåŠŸ','2020-05-06 20:15:35'),(26,'admin','127.0.0.1','å†…ç½‘IP','Chrome','Windows 10','1','éªŒè¯ç é”™è¯¯','2020-05-06 20:15:43'),(27,'admin','127.0.0.1','å†…ç½‘IP','Chrome','Windows 10','0','ç™»å½•æˆåŠŸ','2020-05-06 20:15:51'),(28,'admin','127.0.0.1','å†…ç½‘IP','Chrome','Windows 10','0','ç™»å½•æˆåŠŸ','2020-05-06 22:15:59'),(29,'admin','127.0.0.1','å†…ç½‘IP','Chrome','Windows 10','0','ç™»å½•æˆåŠŸ','2020-05-07 10:03:37'),(30,'admin','127.0.0.1','å†…ç½‘IP','Chrome','Windows 10','0','é€€å‡ºæˆåŠŸ','2020-05-07 10:19:39'),(31,'admin','127.0.0.1','å†…ç½‘IP','Chrome','Windows 10','0','ç™»å½•æˆåŠŸ','2020-05-07 10:19:45'),(32,'admin','127.0.0.1','å†…ç½‘IP','Chrome','Windows 10','1','éªŒè¯ç é”™è¯¯','2020-05-07 12:05:36'),(33,'admin','127.0.0.1','å†…ç½‘IP','Chrome','Windows 10','1','éªŒè¯ç é”™è¯¯','2020-05-07 12:05:41'),(34,'admin','127.0.0.1','å†…ç½‘IP','Chrome','Windows 10','0','ç™»å½•æˆåŠŸ','2020-05-07 12:05:47'),(35,'admin','127.0.0.1','å†…ç½‘IP','Chrome','Windows 10','0','ç™»å½•æˆåŠŸ','2020-05-07 13:13:39'),(36,'admin','127.0.0.1','å†…ç½‘IP','Chrome','Windows 10','1','éªŒè¯ç é”™è¯¯','2020-05-07 15:23:34'),(37,'admin','127.0.0.1','å†…ç½‘IP','Chrome','Windows 10','0','ç™»å½•æˆåŠŸ','2020-05-07 15:23:39'),(38,'admin','127.0.0.1','å†…ç½‘IP','Chrome','Windows 10','0','ç™»å½•æˆåŠŸ','2020-05-07 19:15:26'),(39,'admin','127.0.0.1','å†…ç½‘IP','Chrome','Windows 10','0','ç™»å½•æˆåŠŸ','2020-05-07 20:38:00'),(40,'admin','127.0.0.1','å†…ç½‘IP','Chrome','Windows 10','0','ç™»å½•æˆåŠŸ','2020-05-07 22:00:24'),(41,'admin','127.0.0.1','å†…ç½‘IP','Chrome','Windows 10','1','éªŒè¯ç é”™è¯¯','2020-05-09 10:50:03'),(42,'admin','127.0.0.1','å†…ç½‘IP','Chrome','Windows 10','0','ç™»å½•æˆåŠŸ','2020-05-09 10:50:08'),(43,'admin','127.0.0.1','å†…ç½‘IP','Chrome','Windows 10','0','ç™»å½•æˆåŠŸ','2020-05-09 13:20:34'),(44,'admin','127.0.0.1','å†…ç½‘IP','Chrome','Windows 10','1','éªŒè¯ç é”™è¯¯','2020-05-09 14:52:36'),(45,'admin','127.0.0.1','å†…ç½‘IP','Chrome','Windows 10','0','ç™»å½•æˆåŠŸ','2020-05-09 14:52:41'),(46,'admin','127.0.0.1','å†…ç½‘IP','Chrome','Windows 10','0','ç™»å½•æˆåŠŸ','2020-05-09 15:28:58'),(47,'admin','127.0.0.1','å†…ç½‘IP','Chrome','Windows 10','0','ç™»å½•æˆåŠŸ','2020-05-09 15:32:06'),(48,'admin','127.0.0.1','å†…ç½‘IP','Chrome','Windows 10','0','ç™»å½•æˆåŠŸ','2020-05-09 19:29:46'),(49,'admin','127.0.0.1','å†…ç½‘IP','Chrome','Windows 10','0','ç™»å½•æˆåŠŸ','2020-05-09 20:07:06'),(50,'admin','127.0.0.1','å†…ç½‘IP','Chrome','Windows 10','0','ç™»å½•æˆåŠŸ','2020-05-10 10:11:25'),(51,'admin','127.0.0.1','å†…ç½‘IP','Chrome','Windows 10','1','éªŒè¯ç é”™è¯¯','2020-05-10 15:17:16'),(52,'admin','127.0.0.1','å†…ç½‘IP','Chrome','Windows 10','0','ç™»å½•æˆåŠŸ','2020-05-10 15:17:21'),(53,'admin','127.0.0.1','å†…ç½‘IP','Chrome','Windows 10','0','ç™»å½•æˆåŠŸ','2020-05-11 10:28:18'),(54,'admin','127.0.0.1','å†…ç½‘IP','Chrome','Windows 10','0','ç™»å½•æˆåŠŸ','2020-05-11 11:17:00'),(55,'admin','127.0.0.1','å†…ç½‘IP','Chrome','Windows 10','0','ç™»å½•æˆåŠŸ','2020-05-11 13:07:38'),(56,'admin','127.0.0.1','å†…ç½‘IP','Chrome','Windows 10','0','ç™»å½•æˆåŠŸ','2020-05-12 13:56:14'),(57,'admin','127.0.0.1','å†…ç½‘IP','Chrome','Windows 10','0','ç™»å½•æˆåŠŸ','2020-05-12 14:29:56'),(58,'admin','127.0.0.1','å†…ç½‘IP','Chrome','Windows 10','0','ç™»å½•æˆåŠŸ','2020-05-13 10:39:50'),(59,'admin','127.0.0.1','å†…ç½‘IP','Chrome','Windows 10','0','é€€å‡ºæˆåŠŸ','2020-05-13 11:22:34'),(60,'admin','127.0.0.1','å†…ç½‘IP','Chrome','Windows 10','0','ç™»å½•æˆåŠŸ','2020-05-13 11:22:40'),(61,'admin','127.0.0.1','å†…ç½‘IP','Chrome','Windows 10','0','ç™»å½•æˆåŠŸ','2020-05-13 11:28:39'),(62,'admin','127.0.0.1','å†…ç½‘IP','Chrome','Windows 10','0','ç™»å½•æˆåŠŸ','2020-05-13 13:54:01'),(63,'admin','127.0.0.1','å†…ç½‘IP','Chrome','Windows 10','0','ç™»å½•æˆåŠŸ','2020-05-16 18:59:44'),(64,'admin','127.0.0.1','å†…ç½‘IP','Chrome','Windows 10','0','ç™»å½•æˆåŠŸ','2020-05-17 07:12:49'),(65,'admin','127.0.0.1','å†…ç½‘IP','Chrome','Windows 10','0','ç™»å½•æˆåŠŸ','2020-05-17 09:30:56'),(66,'admin','127.0.0.1','å†…ç½‘IP','Chrome','Windows 10','0','ç™»å½•æˆåŠŸ','2020-05-17 11:08:49'),(67,'admin','127.0.0.1','å†…ç½‘IP','Chrome','Windows 10','0','ç™»å½•æˆåŠŸ','2020-05-17 12:55:27'),(68,'admin','127.0.0.1','å†…ç½‘IP','Chrome','Windows 10','0','ç™»å½•æˆåŠŸ','2020-05-17 12:59:50'),(69,'admin','127.0.0.1','å†…ç½‘IP','Chrome','Windows 10','0','é€€å‡ºæˆåŠŸ','2020-05-17 14:25:01'),(70,'admin','127.0.0.1','å†…ç½‘IP','Chrome','Windows 10','0','ç™»å½•æˆåŠŸ','2020-05-17 14:25:08'),(71,'admin','127.0.0.1','å†…ç½‘IP','Chrome','Windows 10','0','ç™»å½•æˆåŠŸ','2020-05-17 17:03:36'),(72,'admin','127.0.0.1','å†…ç½‘IP','Chrome','Windows 10','0','ç™»å½•æˆåŠŸ','2020-05-18 10:03:11'),(73,'admin','127.0.0.1','å†…ç½‘IP','Chrome','Windows 10','0','ç™»å½•æˆåŠŸ','2020-05-18 13:17:10'),(74,'admin','127.0.0.1','å†…ç½‘IP','Chrome','Windows 10','0','ç™»å½•æˆåŠŸ','2020-05-18 14:30:13'),(75,'admin','127.0.0.1','å†…ç½‘IP','Chrome','Windows 10','0','ç™»å½•æˆåŠŸ','2020-05-19 09:32:17'),(76,'admin','127.0.0.1','å†…ç½‘IP','Chrome','Windows 10','0','ç™»å½•æˆåŠŸ','2020-05-19 11:24:33'),(77,'admin','127.0.0.1','å†…ç½‘IP','Chrome','Windows 10','0','ç™»å½•æˆåŠŸ','2020-05-19 11:32:00'),(78,'admin','127.0.0.1','å†…ç½‘IP','Chrome','Windows 10','0','ç™»å½•æˆåŠŸ','2020-05-19 14:13:32'),(79,'admin','127.0.0.1','å†…ç½‘IP','Chrome','Windows 10','0','ç™»å½•æˆåŠŸ','2020-05-19 15:50:41');

/*Table structure for table `sys_menu` */

DROP TABLE IF EXISTS `sys_menu`;

CREATE TABLE `sys_menu` (
  `menu_id` bigint(20) NOT NULL AUTO_INCREMENT COMMENT 'èœå•ID',
  `menu_name` varchar(50) COLLATE utf8_bin NOT NULL COMMENT 'èœå•åç§°',
  `parent_id` bigint(20) DEFAULT '0' COMMENT 'çˆ¶èœå•ID',
  `order_num` int(4) DEFAULT '0' COMMENT 'æ˜¾ç¤ºé¡ºåº',
  `path` varchar(200) COLLATE utf8_bin DEFAULT '' COMMENT 'è·¯ç”±åœ°å€',
  `component` varchar(255) COLLATE utf8_bin DEFAULT NULL COMMENT 'ç»„ä»¶è·¯å¾„',
  `is_frame` int(1) DEFAULT '1' COMMENT 'æ˜¯å¦ä¸ºå¤–é“¾ï¼ˆ0æ˜¯ 1å¦ï¼‰',
  `menu_type` char(1) COLLATE utf8_bin DEFAULT '' COMMENT 'èœå•ç±»å‹ï¼ˆMç›®å½• Cèœå• FæŒ‰é’®ï¼‰',
  `visible` char(1) COLLATE utf8_bin DEFAULT '0' COMMENT 'èœå•çŠ¶æ€ï¼ˆ0æ˜¾ç¤º 1éšè—ï¼‰',
  `status` char(1) COLLATE utf8_bin NOT NULL COMMENT 'èœå•çŠ¶æ€ï¼ˆ0æ­£å¸¸ 1åœç”¨ï¼‰',
  `perms` varchar(100) COLLATE utf8_bin DEFAULT NULL COMMENT 'æƒé™æ ‡è¯†',
  `icon` varchar(100) COLLATE utf8_bin DEFAULT '#' COMMENT 'èœå•å›¾æ ‡',
  `create_by` varchar(64) COLLATE utf8_bin DEFAULT '' COMMENT 'åˆ›å»ºè€…',
  `create_time` datetime DEFAULT NULL COMMENT 'åˆ›å»ºæ—¶é—´',
  `update_by` varchar(64) COLLATE utf8_bin DEFAULT '' COMMENT 'æ›´æ–°è€…',
  `update_time` datetime DEFAULT NULL COMMENT 'æ›´æ–°æ—¶é—´',
  `remark` varchar(500) COLLATE utf8_bin DEFAULT '' COMMENT 'å¤‡æ³¨',
  PRIMARY KEY (`menu_id`)
) ENGINE=InnoDB AUTO_INCREMENT=1088 DEFAULT CHARSET=utf8 COLLATE=utf8_bin COMMENT='èœå•æƒé™è¡¨';

/*Data for the table `sys_menu` */

insert  into `sys_menu`(`menu_id`,`menu_name`,`parent_id`,`order_num`,`path`,`component`,`is_frame`,`menu_type`,`visible`,`status`,`perms`,`icon`,`create_by`,`create_time`,`update_by`,`update_time`,`remark`) values (1,'åŸºç¡€ç®¡ç†',0,1,'system',NULL,1,'M','0','0','','system','admin','2018-03-16 11:33:00','admin','2020-04-24 16:02:18','ç³»ç»Ÿç®¡ç†ç›®å½•'),(2,'ç³»ç»Ÿç›‘æ§',0,2,'monitor',NULL,1,'M','1','0','','monitor','admin','2018-03-16 11:33:00','admin','2020-04-24 15:31:08','ç³»ç»Ÿç›‘æ§ç›®å½•'),(3,'å…¶ä»–ç®¡ç†',0,4,'tool',NULL,1,'M','0','0','','tool','admin','2018-03-16 11:33:00','admin','2020-05-13 10:45:42','ç³»ç»Ÿå·¥å…·ç›®å½•'),(4,'å•æ®æŸ¥è¯¢',0,11,'bill',NULL,1,'M','0','0','','guide','admin','2018-03-16 11:33:00','admin','2020-05-17 07:15:00','è‹¥ä¾å®˜ç½‘åœ°å€'),(100,'ç”¨æˆ·ç®¡ç†',1,1,'user','system/user/index',1,'C','0','0','system:user:list','user','admin','2018-03-16 11:33:00','ry','2018-03-16 11:33:00','ç”¨æˆ·ç®¡ç†èœå•'),(101,'è§’è‰²ç®¡ç†',1,2,'role','system/role/index',1,'C','0','0','system:role:list','peoples','admin','2018-03-16 11:33:00','ry','2018-03-16 11:33:00','è§’è‰²ç®¡ç†èœå•'),(102,'èœå•ç®¡ç†',1,3,'menu','system/menu/index',1,'C','0','0','system:menu:list','tree-table','admin','2018-03-16 11:33:00','ry','2018-03-16 11:33:00','èœå•ç®¡ç†èœå•'),(103,'éƒ¨é—¨ç®¡ç†',1,4,'dept','system/dept/index',1,'C','0','0','system:dept:list','tree','admin','2018-03-16 11:33:00','ry','2018-03-16 11:33:00','éƒ¨é—¨ç®¡ç†èœå•'),(104,'å²—ä½ç®¡ç†',1,5,'post','system/post/index',1,'C','0','0','system:post:list','post','admin','2018-03-16 11:33:00','ry','2018-03-16 11:33:00','å²—ä½ç®¡ç†èœå•'),(105,'å­—å…¸ç®¡ç†',1,6,'dict','system/dict/index',1,'C','0','0','system:dict:list','dict','admin','2018-03-16 11:33:00','admin','2020-05-17 11:31:08','å­—å…¸ç®¡ç†èœå•'),(106,'å‚æ•°è®¾ç½®',1,7,'config','system/config/index',1,'C','1','0','system:config:list','edit','admin','2018-03-16 11:33:00','admin','2020-05-07 11:53:05','å‚æ•°è®¾ç½®èœå•'),(107,'é€šçŸ¥å…¬å‘Š',1,8,'notice','system/notice/index',1,'C','1','1','system:notice:list','message','admin','2018-03-16 11:33:00','admin','2020-04-23 13:31:53','é€šçŸ¥å…¬å‘Šèœå•'),(108,'æ—¥å¿—ç®¡ç†',1,9,'log','system/log/index',1,'M','1','1','','log','admin','2018-03-16 11:33:00','admin','2020-04-23 13:31:18','æ—¥å¿—ç®¡ç†èœå•'),(109,'åœ¨çº¿ç”¨æˆ·',2,1,'online','monitor/online/index',1,'C','0','0','monitor:online:list','online','admin','2018-03-16 11:33:00','ry','2018-03-16 11:33:00','åœ¨çº¿ç”¨æˆ·èœå•'),(110,'å®šæ—¶ä»»åŠ¡',2,2,'job','monitor/job/index',1,'C','0','0','monitor:job:list','job','admin','2018-03-16 11:33:00','ry','2018-03-16 11:33:00','å®šæ—¶ä»»åŠ¡èœå•'),(111,'æ•°æ®ç›‘æ§',2,3,'druid','monitor/druid/index',1,'C','0','0','monitor:druid:list','druid','admin','2018-03-16 11:33:00','ry','2018-03-16 11:33:00','æ•°æ®ç›‘æ§èœå•'),(112,'æœåŠ¡ç›‘æ§',2,4,'server','monitor/server/index',1,'C','0','0','monitor:server:list','server','admin','2018-03-16 11:33:00','ry','2018-03-16 11:33:00','æœåŠ¡ç›‘æ§èœå•'),(113,'è¡¨å•æ„å»º',3,1,'build','tool/build/index',1,'C','0','0','tool:build:list','build','admin','2018-03-16 11:33:00','ry','2018-03-16 11:33:00','è¡¨å•æ„å»ºèœå•'),(114,'ä»£ç ç”Ÿæˆ',3,2,'gen','tool/gen/index',1,'C','0','0','tool:gen:list','code','admin','2018-03-16 11:33:00','admin','2020-05-07 11:30:39','ä»£ç ç”Ÿæˆèœå•'),(115,'ç³»ç»Ÿæ¥å£',3,3,'swagger','tool/swagger/index',1,'C','0','0','tool:swagger:list','swagger','admin','2018-03-16 11:33:00','ry','2018-03-16 11:33:00','ç³»ç»Ÿæ¥å£èœå•'),(500,'æ“ä½œæ—¥å¿—',108,1,'operlog','monitor/operlog/index',1,'C','0','0','monitor:operlog:list','form','admin','2018-03-16 11:33:00','ry','2018-03-16 11:33:00','æ“ä½œæ—¥å¿—èœå•'),(501,'ç™»å½•æ—¥å¿—',108,2,'logininfor','monitor/logininfor/index',1,'C','0','0','monitor:logininfor:list','logininfor','admin','2018-03-16 11:33:00','ry','2018-03-16 11:33:00','ç™»å½•æ—¥å¿—èœå•'),(1001,'ç”¨æˆ·æŸ¥è¯¢',100,1,'','',1,'F','0','0','system:user:query','#','admin','2018-03-16 11:33:00','ry','2018-03-16 11:33:00',''),(1002,'ç”¨æˆ·æ–°å¢',100,2,'','',1,'F','0','0','system:user:add','#','admin','2018-03-16 11:33:00','ry','2018-03-16 11:33:00',''),(1003,'ç”¨æˆ·ä¿®æ”¹',100,3,'','',1,'F','0','0','system:user:edit','#','admin','2018-03-16 11:33:00','ry','2018-03-16 11:33:00',''),(1004,'ç”¨æˆ·åˆ é™¤',100,4,'','',1,'F','0','0','system:user:remove','#','admin','2018-03-16 11:33:00','ry','2018-03-16 11:33:00',''),(1005,'ç”¨æˆ·å¯¼å‡º',100,5,'','',1,'F','0','0','system:user:export','#','admin','2018-03-16 11:33:00','ry','2018-03-16 11:33:00',''),(1006,'ç”¨æˆ·å¯¼å…¥',100,6,'','',1,'F','0','0','system:user:import','#','admin','2018-03-16 11:33:00','ry','2018-03-16 11:33:00',''),(1007,'é‡ç½®å¯†ç ',100,7,'','',1,'F','0','0','system:user:resetPwd','#','admin','2018-03-16 11:33:00','ry','2018-03-16 11:33:00',''),(1008,'è§’è‰²æŸ¥è¯¢',101,1,'','',1,'F','0','0','system:role:query','#','admin','2018-03-16 11:33:00','ry','2018-03-16 11:33:00',''),(1009,'è§’è‰²æ–°å¢',101,2,'','',1,'F','0','0','system:role:add','#','admin','2018-03-16 11:33:00','ry','2018-03-16 11:33:00',''),(1010,'è§’è‰²ä¿®æ”¹',101,3,'','',1,'F','0','0','system:role:edit','#','admin','2018-03-16 11:33:00','ry','2018-03-16 11:33:00',''),(1011,'è§’è‰²åˆ é™¤',101,4,'','',1,'F','0','0','system:role:remove','#','admin','2018-03-16 11:33:00','ry','2018-03-16 11:33:00',''),(1012,'è§’è‰²å¯¼å‡º',101,5,'','',1,'F','0','0','system:role:export','#','admin','2018-03-16 11:33:00','ry','2018-03-16 11:33:00',''),(1013,'èœå•æŸ¥è¯¢',102,1,'','',1,'F','0','0','system:menu:query','#','admin','2018-03-16 11:33:00','ry','2018-03-16 11:33:00',''),(1014,'èœå•æ–°å¢',102,2,'','',1,'F','0','0','system:menu:add','#','admin','2018-03-16 11:33:00','ry','2018-03-16 11:33:00',''),(1015,'èœå•ä¿®æ”¹',102,3,'','',1,'F','0','0','system:menu:edit','#','admin','2018-03-16 11:33:00','ry','2018-03-16 11:33:00',''),(1016,'èœå•åˆ é™¤',102,4,'','',1,'F','0','0','system:menu:remove','#','admin','2018-03-16 11:33:00','ry','2018-03-16 11:33:00',''),(1017,'éƒ¨é—¨æŸ¥è¯¢',103,1,'','',1,'F','0','0','system:dept:query','#','admin','2018-03-16 11:33:00','ry','2018-03-16 11:33:00',''),(1018,'éƒ¨é—¨æ–°å¢',103,2,'','',1,'F','0','0','system:dept:add','#','admin','2018-03-16 11:33:00','ry','2018-03-16 11:33:00',''),(1019,'éƒ¨é—¨ä¿®æ”¹',103,3,'','',1,'F','0','0','system:dept:edit','#','admin','2018-03-16 11:33:00','ry','2018-03-16 11:33:00',''),(1020,'éƒ¨é—¨åˆ é™¤',103,4,'','',1,'F','0','0','system:dept:remove','#','admin','2018-03-16 11:33:00','ry','2018-03-16 11:33:00',''),(1021,'å²—ä½æŸ¥è¯¢',104,1,'','',1,'F','0','0','system:post:query','#','admin','2018-03-16 11:33:00','ry','2018-03-16 11:33:00',''),(1022,'å²—ä½æ–°å¢',104,2,'','',1,'F','0','0','system:post:add','#','admin','2018-03-16 11:33:00','ry','2018-03-16 11:33:00',''),(1023,'å²—ä½ä¿®æ”¹',104,3,'','',1,'F','0','0','system:post:edit','#','admin','2018-03-16 11:33:00','ry','2018-03-16 11:33:00',''),(1024,'å²—ä½åˆ é™¤',104,4,'','',1,'F','0','0','system:post:remove','#','admin','2018-03-16 11:33:00','ry','2018-03-16 11:33:00',''),(1025,'å²—ä½å¯¼å‡º',104,5,'','',1,'F','0','0','system:post:export','#','admin','2018-03-16 11:33:00','ry','2018-03-16 11:33:00',''),(1026,'å­—å…¸æŸ¥è¯¢',105,1,'#','',1,'F','0','0','system:dict:query','#','admin','2018-03-16 11:33:00','ry','2018-03-16 11:33:00',''),(1027,'å­—å…¸æ–°å¢',105,2,'#','',1,'F','0','0','system:dict:add','#','admin','2018-03-16 11:33:00','ry','2018-03-16 11:33:00',''),(1028,'å­—å…¸ä¿®æ”¹',105,3,'#','',1,'F','0','0','system:dict:edit','#','admin','2018-03-16 11:33:00','ry','2018-03-16 11:33:00',''),(1029,'å­—å…¸åˆ é™¤',105,4,'#','',1,'F','0','0','system:dict:remove','#','admin','2018-03-16 11:33:00','ry','2018-03-16 11:33:00',''),(1030,'å­—å…¸å¯¼å‡º',105,5,'#','',1,'F','0','0','system:dict:export','#','admin','2018-03-16 11:33:00','ry','2018-03-16 11:33:00',''),(1031,'å‚æ•°æŸ¥è¯¢',106,1,'#','',1,'F','0','0','system:config:query','#','admin','2018-03-16 11:33:00','ry','2018-03-16 11:33:00',''),(1032,'å‚æ•°æ–°å¢',106,2,'#','',1,'F','0','0','system:config:add','#','admin','2018-03-16 11:33:00','ry','2018-03-16 11:33:00',''),(1033,'å‚æ•°ä¿®æ”¹',106,3,'#','',1,'F','0','0','system:config:edit','#','admin','2018-03-16 11:33:00','ry','2018-03-16 11:33:00',''),(1034,'å‚æ•°åˆ é™¤',106,4,'#','',1,'F','0','0','system:config:remove','#','admin','2018-03-16 11:33:00','ry','2018-03-16 11:33:00',''),(1035,'å‚æ•°å¯¼å‡º',106,5,'#','',1,'F','0','0','system:config:export','#','admin','2018-03-16 11:33:00','ry','2018-03-16 11:33:00',''),(1036,'å…¬å‘ŠæŸ¥è¯¢',107,1,'#','',1,'F','0','0','system:notice:query','#','admin','2018-03-16 11:33:00','ry','2018-03-16 11:33:00',''),(1037,'å…¬å‘Šæ–°å¢',107,2,'#','',1,'F','0','0','system:notice:add','#','admin','2018-03-16 11:33:00','ry','2018-03-16 11:33:00',''),(1038,'å…¬å‘Šä¿®æ”¹',107,3,'#','',1,'F','0','0','system:notice:edit','#','admin','2018-03-16 11:33:00','ry','2018-03-16 11:33:00',''),(1039,'å…¬å‘Šåˆ é™¤',107,4,'#','',1,'F','0','0','system:notice:remove','#','admin','2018-03-16 11:33:00','ry','2018-03-16 11:33:00',''),(1040,'æ“ä½œæŸ¥è¯¢',500,1,'#','',1,'F','0','0','monitor:operlog:query','#','admin','2018-03-16 11:33:00','ry','2018-03-16 11:33:00',''),(1041,'æ“ä½œåˆ é™¤',500,2,'#','',1,'F','0','0','monitor:operlog:remove','#','admin','2018-03-16 11:33:00','ry','2018-03-16 11:33:00',''),(1042,'æ—¥å¿—å¯¼å‡º',500,4,'#','',1,'F','0','0','monitor:operlog:export','#','admin','2018-03-16 11:33:00','ry','2018-03-16 11:33:00',''),(1043,'ç™»å½•æŸ¥è¯¢',501,1,'#','',1,'F','0','0','monitor:logininfor:query','#','admin','2018-03-16 11:33:00','ry','2018-03-16 11:33:00',''),(1044,'ç™»å½•åˆ é™¤',501,2,'#','',1,'F','0','0','monitor:logininfor:remove','#','admin','2018-03-16 11:33:00','ry','2018-03-16 11:33:00',''),(1045,'æ—¥å¿—å¯¼å‡º',501,3,'#','',1,'F','0','0','monitor:logininfor:export','#','admin','2018-03-16 11:33:00','ry','2018-03-16 11:33:00',''),(1046,'åœ¨çº¿æŸ¥è¯¢',109,1,'#','',1,'F','0','0','monitor:online:query','#','admin','2018-03-16 11:33:00','ry','2018-03-16 11:33:00',''),(1047,'æ‰¹é‡å¼ºé€€',109,2,'#','',1,'F','0','0','monitor:online:batchLogout','#','admin','2018-03-16 11:33:00','ry','2018-03-16 11:33:00',''),(1048,'å•æ¡å¼ºé€€',109,3,'#','',1,'F','0','0','monitor:online:forceLogout','#','admin','2018-03-16 11:33:00','ry','2018-03-16 11:33:00',''),(1049,'ä»»åŠ¡æŸ¥è¯¢',110,1,'#','',1,'F','0','0','monitor:job:query','#','admin','2018-03-16 11:33:00','ry','2018-03-16 11:33:00',''),(1050,'ä»»åŠ¡æ–°å¢',110,2,'#','',1,'F','0','0','monitor:job:add','#','admin','2018-03-16 11:33:00','ry','2018-03-16 11:33:00',''),(1051,'ä»»åŠ¡ä¿®æ”¹',110,3,'#','',1,'F','0','0','monitor:job:edit','#','admin','2018-03-16 11:33:00','ry','2018-03-16 11:33:00',''),(1052,'ä»»åŠ¡åˆ é™¤',110,4,'#','',1,'F','0','0','monitor:job:remove','#','admin','2018-03-16 11:33:00','ry','2018-03-16 11:33:00',''),(1053,'çŠ¶æ€ä¿®æ”¹',110,5,'#','',1,'F','0','0','monitor:job:changeStatus','#','admin','2018-03-16 11:33:00','ry','2018-03-16 11:33:00',''),(1054,'ä»»åŠ¡å¯¼å‡º',110,7,'#','',1,'F','0','0','monitor:job:export','#','admin','2018-03-16 11:33:00','ry','2018-03-16 11:33:00',''),(1055,'ç”ŸæˆæŸ¥è¯¢',114,1,'#','',1,'F','0','0','tool:gen:query','#','admin','2018-03-16 11:33:00','ry','2018-03-16 11:33:00',''),(1056,'ç”Ÿæˆä¿®æ”¹',114,2,'#','',1,'F','0','0','tool:gen:edit','#','admin','2018-03-16 11:33:00','ry','2018-03-16 11:33:00',''),(1057,'ç”Ÿæˆåˆ é™¤',114,3,'#','',1,'F','0','0','tool:gen:remove','#','admin','2018-03-16 11:33:00','ry','2018-03-16 11:33:00',''),(1058,'å¯¼å…¥ä»£ç ',114,2,'#','',1,'F','0','0','tool:gen:import','#','admin','2018-03-16 11:33:00','ry','2018-03-16 11:33:00',''),(1059,'é¢„è§ˆä»£ç ',114,4,'#','',1,'F','0','0','tool:gen:preview','#','admin','2018-03-16 11:33:00','ry','2018-03-16 11:33:00',''),(1060,'ç”Ÿæˆä»£ç ',114,5,'#','',1,'F','0','0','tool:gen:code','#','admin','2018-03-16 11:33:00','ry','2018-03-16 11:33:00',''),(1061,'å•†å“ç®¡ç†',1,1,'goods','system/goods/index',1,'C','0','0','system:goods:list','shopping','admin','2020-04-22 21:09:04','admin','2020-04-22 21:11:22',''),(1065,'ä¾›åº”å•†ç®¡ç†',1078,2,'provider','system/provider/index',1,'C','0','0','system:provider:list','peoples','admin','2020-04-24 16:12:47','admin','2020-05-19 15:03:05',''),(1066,'é‡‡è´­å…¥åº“',1081,4,'inport','system/inport/index',1,'C','0','0','system:inport:list','shopping','admin','2020-04-24 16:19:13','admin','2020-05-17 11:57:50',''),(1067,'å®¢æˆ·ç®¡ç†',1,4,'customer','system/customer/index',1,'C','0','0','system:customer:list','people','admin','2020-05-05 11:15:27','',NULL,''),(1068,'ç‰©æ–™å‡ºåº“',1082,6,'outport','system/outport/index',1,'C','0','0','system:outport:list','shopping','admin','2020-05-07 12:03:06','admin','2020-05-17 12:08:28',''),(1069,'é…é€ä»»åŠ¡',1079,6,'delivery','system/delivery/index',1,'C','0','0','system:delivery:list','drag','admin','2020-05-07 12:32:17','admin','2020-05-17 11:10:18',''),(1070,'åˆ°è´§å•æ®',4,6,'shippingdoc','system/shippingdoc/index',1,'C','0','0','system:shippingdoc:list','search','admin','2020-05-07 13:16:34','admin','2020-05-17 07:15:32',''),(1072,'åº“å­˜ç®¡ç†',0,4,'doc',NULL,1,'M','0','0','','edit','admin','2020-05-12 15:00:17','admin','2020-05-17 09:37:16',''),(1073,'å®¢æˆ·å•æ®',4,2,'customorder','system/customorder/index',1,'C','0','0','system:customorder:list','user','admin','2020-05-13 10:52:21','admin','2020-05-17 07:15:25',''),(1075,'ä»“åº“æ£€æŸ¥',1072,0,'check','system/check/index',1,'C','0','0','system:check:list','message','admin','2020-05-13 11:15:52','admin','2020-05-13 11:38:33',''),(1077,'ç‰©æ–™æŠ¥åºŸ',1072,4,'scrap','system/scrap/index',1,'C','0','0','system:scrap:list','dashboard','admin','2020-05-13 14:12:20','admin','2020-05-13 14:13:24',''),(1078,'é‡‡è´­ç®¡ç†',0,4,'purchase',NULL,1,'M','0','0',NULL,'shopping','admin','2020-05-17 07:19:01','',NULL,''),(1079,'é…é€è¿è¾“',0,5,'delivery',NULL,1,'M','0','0','','example','admin','2020-05-17 09:39:05','admin','2020-05-17 11:12:27',''),(1080,'é‡‡è´­ç”³è¯·',1086,2,'purchase','system/purchase/index',1,'C','0','0','system:purchase:list','nested','admin','2020-05-17 11:17:20','admin','2020-05-19 15:03:13',''),(1081,'å…¥åº“ç®¡ç†',0,6,'warehousing',NULL,1,'M','0','0',NULL,'theme','admin','2020-05-17 11:20:08','',NULL,''),(1082,'å‡ºåº“ç®¡ç†',0,7,'outbound',NULL,1,'M','0','0',NULL,'star','admin','2020-05-17 11:47:27','',NULL,''),(1083,'å…¥åº“æ¥å•',1081,2,'ruku','system/ruku/index',1,'C','0','0','system:ruku:list','example','admin','2020-05-17 13:59:35','admin','2020-05-17 14:06:59',''),(1084,'é‡‡è´­è®¢å•',1078,3,'cgOrder','system/cgOrder/index',1,'C','0','0','system:cgOrder:list','example','admin','2020-05-17 14:21:24','admin','2020-05-17 14:26:43',''),(1085,'ç‰©æ–™ç”³è¯·æ˜ç»†',1086,2,'purchaseInfo','system/purchaseInfo/index',1,'C','0','0','system:purchaseInfo:list','education','admin','2020-05-18 10:47:55','admin','2020-05-19 15:03:22',''),(1086,'ä¾›åº”å•†ç®¡ç†',0,4,'supplier',NULL,1,'M','0','0','','theme','admin','2020-05-19 15:01:46','admin','2020-05-19 15:03:46',''),(1087,'é‡‡è´­ç‰©æ–™æ˜ç»†',1078,3,'cgOrderInfo','system/cgOrderInfo/index',1,'C','0','0','system:cgOrderInfo:list','component','admin','2020-05-19 16:03:57','',NULL,'');

/*Table structure for table `sys_notice` */

DROP TABLE IF EXISTS `sys_notice`;

CREATE TABLE `sys_notice` (
  `notice_id` int(4) NOT NULL AUTO_INCREMENT COMMENT 'å…¬å‘ŠID',
  `notice_title` varchar(50) COLLATE utf8_bin NOT NULL COMMENT 'å…¬å‘Šæ ‡é¢˜',
  `notice_type` char(1) COLLATE utf8_bin NOT NULL COMMENT 'å…¬å‘Šç±»å‹ï¼ˆ1é€šçŸ¥ 2å…¬å‘Šï¼‰',
  `notice_content` varchar(2000) COLLATE utf8_bin DEFAULT NULL COMMENT 'å…¬å‘Šå†…å®¹',
  `status` char(1) COLLATE utf8_bin DEFAULT '0' COMMENT 'å…¬å‘ŠçŠ¶æ€ï¼ˆ0æ­£å¸¸ 1å…³é—­ï¼‰',
  `create_by` varchar(64) COLLATE utf8_bin DEFAULT '' COMMENT 'åˆ›å»ºè€…',
  `create_time` datetime DEFAULT NULL COMMENT 'åˆ›å»ºæ—¶é—´',
  `update_by` varchar(64) COLLATE utf8_bin DEFAULT '' COMMENT 'æ›´æ–°è€…',
  `update_time` datetime DEFAULT NULL COMMENT 'æ›´æ–°æ—¶é—´',
  `remark` varchar(255) COLLATE utf8_bin DEFAULT NULL COMMENT 'å¤‡æ³¨',
  PRIMARY KEY (`notice_id`)
) ENGINE=InnoDB AUTO_INCREMENT=3 DEFAULT CHARSET=utf8 COLLATE=utf8_bin COMMENT='é€šçŸ¥å…¬å‘Šè¡¨';

/*Data for the table `sys_notice` */

insert  into `sys_notice`(`notice_id`,`notice_title`,`notice_type`,`notice_content`,`status`,`create_by`,`create_time`,`update_by`,`update_time`,`remark`) values (1,'æ¸©é¦¨æé†’ï¼š2018-07-01 è‹¥ä¾æ–°ç‰ˆæœ¬å‘å¸ƒå•¦','2','æ–°ç‰ˆæœ¬å†…å®¹','0','admin','2018-03-16 11:33:00','ry','2018-03-16 11:33:00','ç®¡ç†å‘˜'),(2,'ç»´æŠ¤é€šçŸ¥ï¼š2018-07-01 è‹¥ä¾ç³»ç»Ÿå‡Œæ™¨ç»´æŠ¤','1','ç»´æŠ¤å†…å®¹','0','admin','2018-03-16 11:33:00','ry','2018-03-16 11:33:00','ç®¡ç†å‘˜');

/*Table structure for table `sys_oper_log` */

DROP TABLE IF EXISTS `sys_oper_log`;

CREATE TABLE `sys_oper_log` (
  `oper_id` bigint(20) NOT NULL AUTO_INCREMENT COMMENT 'æ—¥å¿—ä¸»é”®',
  `title` varchar(50) COLLATE utf8_bin DEFAULT '' COMMENT 'æ¨¡å—æ ‡é¢˜',
  `business_type` int(2) DEFAULT '0' COMMENT 'ä¸šåŠ¡ç±»å‹ï¼ˆ0å…¶å®ƒ 1æ–°å¢ 2ä¿®æ”¹ 3åˆ é™¤ï¼‰',
  `method` varchar(100) COLLATE utf8_bin DEFAULT '' COMMENT 'æ–¹æ³•åç§°',
  `request_method` varchar(10) COLLATE utf8_bin DEFAULT '' COMMENT 'è¯·æ±‚æ–¹å¼',
  `operator_type` int(1) DEFAULT '0' COMMENT 'æ“ä½œç±»åˆ«ï¼ˆ0å…¶å®ƒ 1åå°ç”¨æˆ· 2æ‰‹æœºç«¯ç”¨æˆ·ï¼‰',
  `oper_name` varchar(50) COLLATE utf8_bin DEFAULT '' COMMENT 'æ“ä½œäººå‘˜',
  `dept_name` varchar(50) COLLATE utf8_bin DEFAULT '' COMMENT 'éƒ¨é—¨åç§°',
  `oper_url` varchar(255) COLLATE utf8_bin DEFAULT '' COMMENT 'è¯·æ±‚URL',
  `oper_ip` varchar(50) COLLATE utf8_bin DEFAULT '' COMMENT 'ä¸»æœºåœ°å€',
  `oper_location` varchar(255) COLLATE utf8_bin DEFAULT '' COMMENT 'æ“ä½œåœ°ç‚¹',
  `oper_param` varchar(2000) COLLATE utf8_bin DEFAULT '' COMMENT 'è¯·æ±‚å‚æ•°',
  `json_result` varchar(2000) COLLATE utf8_bin DEFAULT '' COMMENT 'è¿”å›å‚æ•°',
  `status` int(1) DEFAULT '0' COMMENT 'æ“ä½œçŠ¶æ€ï¼ˆ0æ­£å¸¸ 1å¼‚å¸¸ï¼‰',
  `error_msg` varchar(2000) COLLATE utf8_bin DEFAULT '' COMMENT 'é”™è¯¯æ¶ˆæ¯',
  `oper_time` datetime DEFAULT NULL COMMENT 'æ“ä½œæ—¶é—´',
  PRIMARY KEY (`oper_id`)
) ENGINE=InnoDB AUTO_INCREMENT=312 DEFAULT CHARSET=utf8 COLLATE=utf8_bin COMMENT='æ“ä½œæ—¥å¿—è®°å½•';

/*Data for the table `sys_oper_log` */

insert  into `sys_oper_log`(`oper_id`,`title`,`business_type`,`method`,`request_method`,`operator_type`,`oper_name`,`dept_name`,`oper_url`,`oper_ip`,`oper_location`,`oper_param`,`json_result`,`status`,`error_msg`,`oper_time`) values (1,'ç”¨æˆ·ç®¡ç†',1,'com.ruoyi.project.system.controller.SysUserController.add()','POST',1,'admin',NULL,'/system/user','127.0.0.1','å†…ç½‘IP','{\"phonenumber\":\"18981722787\",\"admin\":false,\"password\":\"admin123\",\"postIds\":[2],\"email\":\"331887602@qq.com\",\"nickName\":\"mmy\",\"sex\":\"0\",\"deptId\":100,\"params\":{},\"userName\":\"admin\",\"roleIds\":[1],\"status\":\"0\"}','{\"msg\":\"æ–°å¢ç”¨æˆ·\'admin\'å¤±è´¥ï¼Œç™»å½•è´¦å·å·²å­˜åœ¨\",\"code\":500}',0,NULL,'2020-04-22 14:47:09'),(2,'ç”¨æˆ·ç®¡ç†',1,'com.ruoyi.project.system.controller.SysUserController.add()','POST',1,'admin',NULL,'/system/user','127.0.0.1','å†…ç½‘IP','{\"phonenumber\":\"18981722787\",\"admin\":false,\"password\":\"$2a$10$hoQiKAh27xK1EBwhP7E6DexFbFfbV/tjAytDFeNPf5rIzxg5CbiF.\",\"postIds\":[2],\"email\":\"331887602@qq.com\",\"nickName\":\"mmy\",\"sex\":\"0\",\"deptId\":100,\"params\":{},\"userName\":\"mmy\",\"userId\":3,\"createBy\":\"admin\",\"roleIds\":[2],\"status\":\"0\"}','{\"msg\":\"æ“ä½œæˆåŠŸ\",\"code\":200}',0,NULL,'2020-04-22 14:47:26'),(3,'ä»£ç ç”Ÿæˆ',6,'com.ruoyi.project.tool.gen.controller.GenController.importTableSave()','POST',1,'admin',NULL,'/tool/gen/importTable','127.0.0.1','å†…ç½‘IP','bus_goods','{\"msg\":\"æ“ä½œæˆåŠŸ\",\"code\":200}',0,NULL,'2020-04-22 14:57:16'),(4,'ä»£ç ç”Ÿæˆ',8,'com.ruoyi.project.tool.gen.controller.GenController.batchGenCode()','GET',1,'admin',NULL,'/tool/gen/batchGenCode','127.0.0.1','å†…ç½‘IP','{}','null',0,NULL,'2020-04-22 14:57:35'),(5,'èœå•ç®¡ç†',1,'com.ruoyi.project.system.controller.SysMenuController.add()','POST',1,'admin',NULL,'/system/menu','127.0.0.1','å†…ç½‘IP','{\"visible\":\"0\",\"icon\":\"shopping\",\"orderNum\":\"1\",\"menuName\":\"å•†å“ç®¡ç†\",\"params\":{},\"parentId\":1,\"path\":\"goods\",\"createBy\":\"admin\",\"children\":[],\"isFrame\":\"1\",\"menuType\":\"M\",\"status\":\"0\"}','{\"msg\":\"æ“ä½œæˆåŠŸ\",\"code\":200}',0,NULL,'2020-04-22 21:09:04'),(6,'èœå•ç®¡ç†',2,'com.ruoyi.project.system.controller.SysMenuController.edit()','PUT',1,'admin',NULL,'/system/menu','127.0.0.1','å†…ç½‘IP','{\"visible\":\"0\",\"icon\":\"shopping\",\"orderNum\":\"1\",\"menuName\":\"å•†å“ç®¡ç†\",\"params\":{},\"parentId\":1,\"path\":\"goods\",\"component\":\"system/user/index\",\"children\":[],\"createTime\":1587560944000,\"updateBy\":\"admin\",\"isFrame\":\"1\",\"menuId\":1061,\"menuType\":\"C\",\"perms\":\"\",\"status\":\"0\"}','{\"msg\":\"æ“ä½œæˆåŠŸ\",\"code\":200}',0,NULL,'2020-04-22 21:10:08'),(7,'èœå•ç®¡ç†',2,'com.ruoyi.project.system.controller.SysMenuController.edit()','PUT',1,'admin',NULL,'/system/menu','127.0.0.1','å†…ç½‘IP','{\"visible\":\"0\",\"icon\":\"shopping\",\"orderNum\":\"1\",\"menuName\":\"å•†å“ç®¡ç†\",\"params\":{},\"parentId\":1,\"path\":\"goods\",\"component\":\"system/user/index\",\"children\":[],\"createTime\":1587560944000,\"updateBy\":\"admin\",\"isFrame\":\"1\",\"menuId\":1061,\"menuType\":\"C\",\"perms\":\"system:goods:list\",\"status\":\"0\"}','{\"msg\":\"æ“ä½œæˆåŠŸ\",\"code\":200}',0,NULL,'2020-04-22 21:10:33'),(8,'èœå•ç®¡ç†',2,'com.ruoyi.project.system.controller.SysMenuController.edit()','PUT',1,'admin',NULL,'/system/menu','127.0.0.1','å†…ç½‘IP','{\"visible\":\"0\",\"icon\":\"shopping\",\"orderNum\":\"1\",\"menuName\":\"å•†å“ç®¡ç†\",\"params\":{},\"parentId\":1,\"path\":\"goods\",\"component\":\"system/goods/index\",\"children\":[],\"createTime\":1587560944000,\"updateBy\":\"admin\",\"isFrame\":\"1\",\"menuId\":1061,\"menuType\":\"C\",\"perms\":\"system:goods:list\",\"status\":\"0\"}','{\"msg\":\"æ“ä½œæˆåŠŸ\",\"code\":200}',0,NULL,'2020-04-22 21:11:22'),(9,'ä»£ç ç”Ÿæˆ',8,'com.ruoyi.project.tool.gen.controller.GenController.batchGenCode()','GET',1,'admin',NULL,'/tool/gen/batchGenCode','127.0.0.1','å†…ç½‘IP','{}','null',0,NULL,'2020-04-23 09:33:16'),(10,'ä»£ç ç”Ÿæˆ',6,'com.ruoyi.project.tool.gen.controller.GenController.importTableSave()','POST',1,'admin',NULL,'/tool/gen/importTable','127.0.0.1','å†…ç½‘IP','sys_dept','{\"msg\":\"æ“ä½œæˆåŠŸ\",\"code\":200}',0,NULL,'2020-04-23 09:34:38'),(11,'ä»£ç ç”Ÿæˆ',2,'com.ruoyi.project.tool.gen.controller.GenController.editSave()','PUT',1,'admin',NULL,'/tool/gen','127.0.0.1','å†…ç½‘IP','{\"functionAuthor\":\"ruoyi\",\"columns\":[{\"usableColumn\":false,\"columnId\":15,\"isIncrement\":\"1\",\"increment\":true,\"insert\":true,\"dictType\":\"\",\"required\":false,\"superColumn\":false,\"updateBy\":\"\",\"isInsert\":\"1\",\"javaField\":\"deptId\",\"htmlType\":\"input\",\"edit\":false,\"query\":false,\"columnComment\":\"éƒ¨é—¨id\",\"sort\":1,\"list\":false,\"params\":{},\"javaType\":\"Long\",\"queryType\":\"EQ\",\"columnType\":\"bigint(20)\",\"createBy\":\"admin\",\"isPk\":\"1\",\"createTime\":1587605678000,\"tableId\":2,\"pk\":true,\"columnName\":\"dept_id\"},{\"usableColumn\":true,\"columnId\":16,\"isIncrement\":\"0\",\"increment\":false,\"insert\":true,\"isList\":\"1\",\"dictType\":\"\",\"required\":false,\"superColumn\":true,\"updateBy\":\"\",\"isInsert\":\"1\",\"javaField\":\"parentId\",\"htmlType\":\"input\",\"edit\":true,\"query\":true,\"columnComment\":\"çˆ¶éƒ¨é—¨id\",\"isQuery\":\"1\",\"sort\":2,\"list\":true,\"params\":{},\"javaType\":\"Long\",\"queryType\":\"EQ\",\"columnType\":\"bigint(20)\",\"createBy\":\"admin\",\"isPk\":\"0\",\"createTime\":1587605678000,\"isEdit\":\"1\",\"tableId\":2,\"pk\":false,\"columnName\":\"parent_id\"},{\"usableColumn\":false,\"columnId\":17,\"isIncrement\":\"0\",\"increment\":false,\"insert\":true,\"isList\":\"1\",\"dictType\":\"\",\"required\":false,\"superColumn\":true,\"updateBy\":\"\",\"isInsert\":\"1\",\"javaField\":\"ancestors\",\"htmlType\":\"input\",\"edit\":true,\"query\":true,\"columnComment\":\"ç¥–çº§åˆ—è¡¨\",\"isQuery\":\"1\",\"sort\":3,\"list\":true,\"params\":{},\"javaType\":\"String\",\"queryType\":\"EQ\",\"columnType\":\"varchar(50)\",\"createBy\":\"admin\",\"isPk\":\"0\",\"createTime\":1587605678000,\"isEdit\":\"1\",\"tableId\":2,\"pk\":false,\"columnName\":\"ancestors\"},{\"usableColumn\":false,\"columnId\":18,\"isIncrement\":\"0\",\"increment\":false,\"insert\":true,\"isList\":\"1\",\"dictType\":\"\",\"required\":false,\"superColumn\":false,\"updateBy\":\"\",\"isInsert\":\"1\",\"javaField\":\"deptName\",\"htmlType\":\"input\",\"edit\":true,\"query\":true,\"columnComment\":\"éƒ¨é—¨åç§°\",\"isQuery\":\"1\",\"sort\":4,\"list\":true,\"params\":{},\"javaType\":\"String\",\"queryType\":\"LIKE\",\"columnType\":\"varchar(30)\",\"createBy\":\"admin\",\"isPk\":\"0\",\"createTime\":1587605678000,\"isEdit\":\"1\",\"tableId\":2,\"pk\":false,\"columnName\":\"dept_name\"},{\"usableColumn\"','{\"msg\":\"æ“ä½œæˆåŠŸ\",\"code\":200}',0,NULL,'2020-04-23 09:46:06'),(12,'ä»£ç ç”Ÿæˆ',2,'com.ruoyi.project.tool.gen.controller.GenController.editSave()','PUT',1,'admin',NULL,'/tool/gen','127.0.0.1','å†…ç½‘IP','{\"functionAuthor\":\"ruoyi\",\"columns\":[{\"usableColumn\":false,\"columnId\":15,\"isIncrement\":\"1\",\"increment\":true,\"insert\":true,\"dictType\":\"\",\"required\":false,\"superColumn\":false,\"updateBy\":\"\",\"isInsert\":\"1\",\"javaField\":\"deptId\",\"htmlType\":\"input\",\"edit\":false,\"query\":false,\"columnComment\":\"éƒ¨é—¨id\",\"updateTime\":1587606365000,\"sort\":1,\"list\":false,\"params\":{},\"javaType\":\"Long\",\"queryType\":\"EQ\",\"columnType\":\"bigint(20)\",\"createBy\":\"admin\",\"isPk\":\"1\",\"createTime\":1587605678000,\"tableId\":2,\"pk\":true,\"columnName\":\"dept_id\"},{\"usableColumn\":true,\"columnId\":16,\"isIncrement\":\"0\",\"increment\":false,\"insert\":true,\"isList\":\"1\",\"dictType\":\"\",\"required\":false,\"superColumn\":true,\"updateBy\":\"\",\"isInsert\":\"1\",\"javaField\":\"parentId\",\"htmlType\":\"input\",\"edit\":true,\"query\":true,\"columnComment\":\"çˆ¶éƒ¨é—¨id\",\"isQuery\":\"1\",\"updateTime\":1587606365000,\"sort\":2,\"list\":true,\"params\":{},\"javaType\":\"Long\",\"queryType\":\"EQ\",\"columnType\":\"bigint(20)\",\"createBy\":\"admin\",\"isPk\":\"0\",\"createTime\":1587605678000,\"isEdit\":\"1\",\"tableId\":2,\"pk\":false,\"columnName\":\"parent_id\"},{\"usableColumn\":false,\"columnId\":17,\"isIncrement\":\"0\",\"increment\":false,\"insert\":true,\"isList\":\"1\",\"dictType\":\"\",\"required\":false,\"superColumn\":true,\"updateBy\":\"\",\"isInsert\":\"1\",\"javaField\":\"ancestors\",\"htmlType\":\"input\",\"edit\":true,\"query\":true,\"columnComment\":\"ç¥–çº§åˆ—è¡¨\",\"isQuery\":\"1\",\"updateTime\":1587606365000,\"sort\":3,\"list\":true,\"params\":{},\"javaType\":\"String\",\"queryType\":\"EQ\",\"columnType\":\"varchar(50)\",\"createBy\":\"admin\",\"isPk\":\"0\",\"createTime\":1587605678000,\"isEdit\":\"1\",\"tableId\":2,\"pk\":false,\"columnName\":\"ancestors\"},{\"usableColumn\":false,\"columnId\":18,\"isIncrement\":\"0\",\"increment\":false,\"insert\":true,\"isList\":\"1\",\"dictType\":\"\",\"required\":false,\"superColumn\":false,\"updateBy\":\"\",\"isInsert\":\"1\",\"javaField\":\"deptName\",\"htmlType\":\"input\",\"edit\":true,\"query\":true,\"columnComment\":\"éƒ¨é—¨åç§°\",\"isQuery\":\"1\",\"updateTime\":1587606365000,\"sort\":4,\"list\":true,\"params\":{},\"javaType\":\"String\",\"queryType\":\"LIKE\",\"columnType\":\"varchar(30)\",\"createBy\":\"admin\",\"isPk\":','{\"msg\":\"æ“ä½œæˆåŠŸ\",\"code\":200}',0,NULL,'2020-04-23 09:51:29'),(13,'ä»£ç ç”Ÿæˆ',2,'com.ruoyi.project.tool.gen.controller.GenController.editSave()','PUT',1,'admin',NULL,'/tool/gen','127.0.0.1','å†…ç½‘IP','{\"functionAuthor\":\"ruoyi\",\"columns\":[{\"usableColumn\":false,\"columnId\":15,\"isIncrement\":\"1\",\"increment\":true,\"insert\":true,\"dictType\":\"\",\"required\":false,\"superColumn\":false,\"updateBy\":\"\",\"isInsert\":\"1\",\"javaField\":\"deptId\",\"htmlType\":\"input\",\"edit\":false,\"query\":false,\"columnComment\":\"éƒ¨é—¨id\",\"updateTime\":1587606689000,\"sort\":1,\"list\":false,\"params\":{},\"javaType\":\"Long\",\"queryType\":\"EQ\",\"columnType\":\"bigint(20)\",\"createBy\":\"admin\",\"isPk\":\"1\",\"createTime\":1587605678000,\"tableId\":2,\"pk\":true,\"columnName\":\"dept_id\"},{\"usableColumn\":true,\"columnId\":16,\"isIncrement\":\"0\",\"increment\":false,\"insert\":true,\"isList\":\"1\",\"dictType\":\"\",\"required\":false,\"superColumn\":true,\"updateBy\":\"\",\"isInsert\":\"1\",\"javaField\":\"parentId\",\"htmlType\":\"input\",\"edit\":true,\"query\":true,\"columnComment\":\"çˆ¶éƒ¨é—¨id\",\"isQuery\":\"1\",\"updateTime\":1587606689000,\"sort\":2,\"list\":true,\"params\":{},\"javaType\":\"Long\",\"queryType\":\"EQ\",\"columnType\":\"bigint(20)\",\"createBy\":\"admin\",\"isPk\":\"0\",\"createTime\":1587605678000,\"isEdit\":\"1\",\"tableId\":2,\"pk\":false,\"columnName\":\"parent_id\"},{\"usableColumn\":false,\"columnId\":17,\"isIncrement\":\"0\",\"increment\":false,\"insert\":true,\"isList\":\"1\",\"dictType\":\"\",\"required\":false,\"superColumn\":true,\"updateBy\":\"\",\"isInsert\":\"1\",\"javaField\":\"ancestors\",\"htmlType\":\"input\",\"edit\":true,\"query\":true,\"columnComment\":\"ç¥–çº§åˆ—è¡¨\",\"isQuery\":\"1\",\"updateTime\":1587606689000,\"sort\":3,\"list\":true,\"params\":{},\"javaType\":\"String\",\"queryType\":\"EQ\",\"columnType\":\"varchar(50)\",\"createBy\":\"admin\",\"isPk\":\"0\",\"createTime\":1587605678000,\"isEdit\":\"1\",\"tableId\":2,\"pk\":false,\"columnName\":\"ancestors\"},{\"usableColumn\":false,\"columnId\":18,\"isIncrement\":\"0\",\"increment\":false,\"insert\":true,\"isList\":\"1\",\"dictType\":\"\",\"required\":false,\"superColumn\":false,\"updateBy\":\"\",\"isInsert\":\"1\",\"javaField\":\"deptName\",\"htmlType\":\"input\",\"edit\":true,\"query\":true,\"columnComment\":\"éƒ¨é—¨åç§°\",\"isQuery\":\"1\",\"updateTime\":1587606689000,\"sort\":4,\"list\":true,\"params\":{},\"javaType\":\"String\",\"queryType\":\"LIKE\",\"columnType\":\"varchar(30)\",\"createBy\":\"admin\",\"isPk\":','{\"msg\":\"æ“ä½œæˆåŠŸ\",\"code\":200}',0,NULL,'2020-04-23 09:51:39'),(14,'ä»£ç ç”Ÿæˆ',3,'com.ruoyi.project.tool.gen.controller.GenController.remove()','DELETE',1,'admin',NULL,'/tool/gen/1','127.0.0.1','å†…ç½‘IP','{tableIds=1}','{\"msg\":\"æ“ä½œæˆåŠŸ\",\"code\":200}',0,NULL,'2020-04-23 10:02:58'),(15,'ä»£ç ç”Ÿæˆ',6,'com.ruoyi.project.tool.gen.controller.GenController.importTableSave()','POST',1,'admin',NULL,'/tool/gen/importTable','127.0.0.1','å†…ç½‘IP','bus_goods','{\"msg\":\"æ“ä½œæˆåŠŸ\",\"code\":200}',0,NULL,'2020-04-23 10:03:43'),(16,'ä»£ç ç”Ÿæˆ',2,'com.ruoyi.project.tool.gen.controller.GenController.editSave()','PUT',1,'admin',NULL,'/tool/gen','127.0.0.1','å†…ç½‘IP','{\"functionAuthor\":\"ruoyi\",\"columns\":[{\"usableColumn\":false,\"columnId\":29,\"isIncrement\":\"1\",\"increment\":true,\"insert\":true,\"dictType\":\"\",\"required\":false,\"superColumn\":false,\"updateBy\":\"\",\"isInsert\":\"1\",\"javaField\":\"goodId\",\"htmlType\":\"input\",\"edit\":false,\"query\":false,\"columnComment\":\"è®¢å•d\",\"sort\":1,\"list\":false,\"params\":{},\"javaType\":\"Long\",\"queryType\":\"EQ\",\"columnType\":\"int(11)\",\"createBy\":\"admin\",\"isPk\":\"1\",\"createTime\":1587607423000,\"tableId\":3,\"pk\":true,\"columnName\":\"good_id\"},{\"usableColumn\":false,\"columnId\":30,\"isIncrement\":\"0\",\"increment\":false,\"insert\":true,\"isList\":\"1\",\"dictType\":\"\",\"required\":false,\"superColumn\":false,\"updateBy\":\"\",\"isInsert\":\"1\",\"javaField\":\"goodsName\",\"htmlType\":\"input\",\"edit\":true,\"query\":true,\"columnComment\":\"é˜¿è¿ª\",\"isQuery\":\"1\",\"sort\":2,\"list\":true,\"params\":{},\"javaType\":\"String\",\"queryType\":\"LIKE\",\"columnType\":\"varchar(255)\",\"createBy\":\"admin\",\"isPk\":\"0\",\"createTime\":1587607423000,\"isEdit\":\"1\",\"tableId\":3,\"pk\":false,\"columnName\":\"goods_name\"},{\"usableColumn\":false,\"columnId\":31,\"isIncrement\":\"0\",\"increment\":false,\"insert\":true,\"isList\":\"1\",\"dictType\":\"\",\"required\":false,\"superColumn\":false,\"updateBy\":\"\",\"isInsert\":\"1\",\"javaField\":\"producePlace\",\"htmlType\":\"input\",\"edit\":true,\"query\":true,\"columnComment\":\"é˜¿å‡¡è¾¾\",\"isQuery\":\"1\",\"sort\":3,\"list\":true,\"params\":{},\"javaType\":\"String\",\"queryType\":\"EQ\",\"columnType\":\"varchar(255)\",\"createBy\":\"admin\",\"isPk\":\"0\",\"createTime\":1587607423000,\"isEdit\":\"1\",\"tableId\":3,\"pk\":false,\"columnName\":\"produce_place\"},{\"usableColumn\":false,\"columnId\":32,\"isIncrement\":\"0\",\"increment\":false,\"insert\":true,\"isList\":\"1\",\"dictType\":\"\",\"required\":false,\"superColumn\":false,\"updateBy\":\"\",\"isInsert\":\"1\",\"javaField\":\"size\",\"htmlType\":\"input\",\"edit\":true,\"query\":true,\"columnComment\":\"é˜¿å‡¡è¾¾\",\"isQuery\":\"1\",\"sort\":4,\"list\":true,\"params\":{},\"javaType\":\"String\",\"queryType\":\"EQ\",\"columnType\":\"varchar(255)\",\"createBy\":\"admin\",\"isPk\":\"0\",\"createTime\":1587607423000,\"isEdit\":\"1\",\"tableId\":3,\"pk\":false,\"columnName\":\"size\"},{\"usableColumn\"','{\"msg\":\"æ“ä½œæˆåŠŸ\",\"code\":200}',0,NULL,'2020-04-23 10:05:54'),(17,'ä»£ç ç”Ÿæˆ',2,'com.ruoyi.project.tool.gen.controller.GenController.editSave()','PUT',1,'admin',NULL,'/tool/gen','127.0.0.1','å†…ç½‘IP','{\"functionAuthor\":\"ruoyi\",\"columns\":[{\"usableColumn\":false,\"columnId\":29,\"isIncrement\":\"1\",\"increment\":true,\"insert\":true,\"dictType\":\"\",\"required\":false,\"superColumn\":false,\"updateBy\":\"\",\"isInsert\":\"1\",\"javaField\":\"goodId\",\"htmlType\":\"input\",\"edit\":false,\"query\":false,\"columnComment\":\"å•†å“ID\",\"updateTime\":1587607554000,\"sort\":1,\"list\":false,\"params\":{},\"javaType\":\"Long\",\"queryType\":\"EQ\",\"columnType\":\"int(11)\",\"createBy\":\"admin\",\"isPk\":\"1\",\"createTime\":1587607423000,\"tableId\":3,\"pk\":true,\"columnName\":\"good_id\"},{\"usableColumn\":false,\"columnId\":30,\"isIncrement\":\"0\",\"increment\":false,\"insert\":true,\"isList\":\"1\",\"dictType\":\"\",\"required\":false,\"superColumn\":false,\"updateBy\":\"\",\"isInsert\":\"1\",\"javaField\":\"goodsName\",\"htmlType\":\"input\",\"edit\":true,\"query\":true,\"columnComment\":\"å•†å“åç§°\",\"isQuery\":\"1\",\"updateTime\":1587607554000,\"sort\":2,\"list\":true,\"params\":{},\"javaType\":\"String\",\"queryType\":\"LIKE\",\"columnType\":\"varchar(255)\",\"createBy\":\"admin\",\"isPk\":\"0\",\"createTime\":1587607423000,\"isEdit\":\"1\",\"tableId\":3,\"pk\":false,\"columnName\":\"goods_name\"},{\"usableColumn\":false,\"columnId\":31,\"isIncrement\":\"0\",\"increment\":false,\"insert\":true,\"isList\":\"1\",\"dictType\":\"\",\"required\":false,\"superColumn\":false,\"updateBy\":\"\",\"isInsert\":\"1\",\"javaField\":\"producePlace\",\"htmlType\":\"input\",\"edit\":true,\"query\":true,\"columnComment\":\"å•†å“äº§åœ°\",\"isQuery\":\"1\",\"updateTime\":1587607554000,\"sort\":3,\"list\":true,\"params\":{},\"javaType\":\"String\",\"queryType\":\"EQ\",\"columnType\":\"varchar(255)\",\"createBy\":\"admin\",\"isPk\":\"0\",\"createTime\":1587607423000,\"isEdit\":\"1\",\"tableId\":3,\"pk\":false,\"columnName\":\"produce_place\"},{\"usableColumn\":false,\"columnId\":32,\"isIncrement\":\"0\",\"increment\":false,\"insert\":true,\"isList\":\"1\",\"dictType\":\"\",\"required\":false,\"superColumn\":false,\"updateBy\":\"\",\"isInsert\":\"1\",\"javaField\":\"size\",\"htmlType\":\"input\",\"edit\":true,\"query\":true,\"columnComment\":\"è§„æ ¼\",\"isQuery\":\"1\",\"updateTime\":1587607554000,\"sort\":4,\"list\":true,\"params\":{},\"javaType\":\"String\",\"queryType\":\"EQ\",\"columnType\":\"varchar(255)\",\"createBy\":\"admin\"','{\"msg\":\"æ“ä½œæˆåŠŸ\",\"code\":200}',0,NULL,'2020-04-23 10:09:54'),(18,'ä»£ç ç”Ÿæˆ',2,'com.ruoyi.project.tool.gen.controller.GenController.editSave()','PUT',1,'admin',NULL,'/tool/gen','127.0.0.1','å†…ç½‘IP','{\"functionAuthor\":\"nuoyi\",\"columns\":[{\"usableColumn\":false,\"columnId\":29,\"isIncrement\":\"1\",\"increment\":true,\"insert\":true,\"dictType\":\"\",\"required\":false,\"superColumn\":false,\"updateBy\":\"\",\"isInsert\":\"1\",\"javaField\":\"goodId\",\"htmlType\":\"input\",\"edit\":false,\"query\":false,\"columnComment\":\"å•†å“ID\",\"updateTime\":1587607794000,\"sort\":1,\"list\":false,\"params\":{},\"javaType\":\"Long\",\"queryType\":\"EQ\",\"columnType\":\"int(11)\",\"createBy\":\"admin\",\"isPk\":\"1\",\"createTime\":1587607423000,\"tableId\":3,\"pk\":true,\"columnName\":\"good_id\"},{\"usableColumn\":false,\"columnId\":30,\"isIncrement\":\"0\",\"increment\":false,\"insert\":true,\"isList\":\"1\",\"dictType\":\"\",\"required\":false,\"superColumn\":false,\"updateBy\":\"\",\"isInsert\":\"1\",\"javaField\":\"goodsName\",\"htmlType\":\"input\",\"edit\":true,\"query\":true,\"columnComment\":\"å•†å“åç§°\",\"isQuery\":\"1\",\"updateTime\":1587607794000,\"sort\":2,\"list\":true,\"params\":{},\"javaType\":\"String\",\"queryType\":\"LIKE\",\"columnType\":\"varchar(255)\",\"createBy\":\"admin\",\"isPk\":\"0\",\"createTime\":1587607423000,\"isEdit\":\"1\",\"tableId\":3,\"pk\":false,\"columnName\":\"goods_name\"},{\"usableColumn\":false,\"columnId\":31,\"isIncrement\":\"0\",\"increment\":false,\"insert\":true,\"isList\":\"1\",\"dictType\":\"\",\"required\":false,\"superColumn\":false,\"updateBy\":\"\",\"isInsert\":\"1\",\"javaField\":\"producePlace\",\"htmlType\":\"input\",\"edit\":true,\"query\":true,\"columnComment\":\"å•†å“äº§åœ°\",\"isQuery\":\"1\",\"updateTime\":1587607794000,\"sort\":3,\"list\":true,\"params\":{},\"javaType\":\"String\",\"queryType\":\"EQ\",\"columnType\":\"varchar(255)\",\"createBy\":\"admin\",\"isPk\":\"0\",\"createTime\":1587607423000,\"isEdit\":\"1\",\"tableId\":3,\"pk\":false,\"columnName\":\"produce_place\"},{\"usableColumn\":false,\"columnId\":32,\"isIncrement\":\"0\",\"increment\":false,\"insert\":true,\"isList\":\"1\",\"dictType\":\"\",\"required\":false,\"superColumn\":false,\"updateBy\":\"\",\"isInsert\":\"1\",\"javaField\":\"size\",\"htmlType\":\"input\",\"edit\":true,\"query\":true,\"columnComment\":\"è§„æ ¼\",\"isQuery\":\"1\",\"updateTime\":1587607794000,\"sort\":4,\"list\":true,\"params\":{},\"javaType\":\"String\",\"queryType\":\"EQ\",\"columnType\":\"varchar(255)\",\"createBy\":\"admin\"','{\"msg\":\"æ“ä½œæˆåŠŸ\",\"code\":200}',0,NULL,'2020-04-23 10:11:32'),(19,'ä»£ç ç”Ÿæˆ',8,'com.ruoyi.project.tool.gen.controller.GenController.batchGenCode()','GET',1,'admin',NULL,'/tool/gen/batchGenCode','127.0.0.1','å†…ç½‘IP','{}','null',0,NULL,'2020-04-23 10:11:38'),(20,'ä»£ç ç”Ÿæˆ',3,'com.ruoyi.project.tool.gen.controller.GenController.remove()','DELETE',1,'admin',NULL,'/tool/gen/3','127.0.0.1','å†…ç½‘IP','{tableIds=3}','{\"msg\":\"æ“ä½œæˆåŠŸ\",\"code\":200}',0,NULL,'2020-04-23 10:20:22'),(21,'ä»£ç ç”Ÿæˆ',6,'com.ruoyi.project.tool.gen.controller.GenController.importTableSave()','POST',1,'admin',NULL,'/tool/gen/importTable','127.0.0.1','å†…ç½‘IP','bus_goods','{\"msg\":\"æ“ä½œæˆåŠŸ\",\"code\":200}',0,NULL,'2020-04-23 10:20:27'),(22,'ä»£ç ç”Ÿæˆ',3,'com.ruoyi.project.tool.gen.controller.GenController.remove()','DELETE',1,'admin',NULL,'/tool/gen/4','127.0.0.1','å†…ç½‘IP','{tableIds=4}','{\"msg\":\"æ“ä½œæˆåŠŸ\",\"code\":200}',0,NULL,'2020-04-23 10:21:50'),(23,'ä»£ç ç”Ÿæˆ',6,'com.ruoyi.project.tool.gen.controller.GenController.importTableSave()','POST',1,'admin',NULL,'/tool/gen/importTable','127.0.0.1','å†…ç½‘IP','bus_goods','{\"msg\":\"æ“ä½œæˆåŠŸ\",\"code\":200}',0,NULL,'2020-04-23 10:23:09'),(24,'ä»£ç ç”Ÿæˆ',2,'com.ruoyi.project.tool.gen.controller.GenController.editSave()','PUT',1,'admin',NULL,'/tool/gen','127.0.0.1','å†…ç½‘IP','{\"functionAuthor\":\"ruoyi\",\"columns\":[{\"usableColumn\":false,\"columnId\":57,\"isIncrement\":\"1\",\"increment\":true,\"insert\":true,\"dictType\":\"\",\"required\":false,\"superColumn\":false,\"updateBy\":\"\",\"isInsert\":\"1\",\"javaField\":\"id\",\"htmlType\":\"input\",\"edit\":false,\"query\":false,\"columnComment\":\"å•†å“ID\",\"sort\":1,\"list\":false,\"params\":{},\"javaType\":\"Long\",\"queryType\":\"EQ\",\"columnType\":\"int(11)\",\"createBy\":\"admin\",\"isPk\":\"1\",\"createTime\":1587608589000,\"tableId\":5,\"pk\":true,\"columnName\":\"id\"},{\"usableColumn\":false,\"columnId\":58,\"isIncrement\":\"0\",\"increment\":false,\"insert\":true,\"isList\":\"1\",\"dictType\":\"\",\"required\":false,\"superColumn\":false,\"updateBy\":\"\",\"isInsert\":\"1\",\"javaField\":\"goodsname\",\"htmlType\":\"input\",\"edit\":true,\"query\":true,\"columnComment\":\"å•†å“åç§°\",\"isQuery\":\"1\",\"sort\":2,\"list\":true,\"params\":{},\"javaType\":\"String\",\"queryType\":\"LIKE\",\"columnType\":\"varchar(255)\",\"createBy\":\"admin\",\"isPk\":\"0\",\"createTime\":1587608589000,\"isEdit\":\"1\",\"tableId\":5,\"pk\":false,\"columnName\":\"goodsname\"},{\"usableColumn\":false,\"columnId\":59,\"isIncrement\":\"0\",\"increment\":false,\"insert\":true,\"isList\":\"1\",\"dictType\":\"\",\"required\":false,\"superColumn\":false,\"updateBy\":\"\",\"isInsert\":\"1\",\"javaField\":\"produceplace\",\"htmlType\":\"input\",\"edit\":true,\"query\":true,\"columnComment\":\"å•†å“äº§åœ°\",\"isQuery\":\"1\",\"sort\":3,\"list\":true,\"params\":{},\"javaType\":\"String\",\"queryType\":\"EQ\",\"columnType\":\"varchar(255)\",\"createBy\":\"admin\",\"isPk\":\"0\",\"createTime\":1587608589000,\"isEdit\":\"1\",\"tableId\":5,\"pk\":false,\"columnName\":\"produceplace\"},{\"usableColumn\":false,\"columnId\":60,\"isIncrement\":\"0\",\"increment\":false,\"insert\":true,\"isList\":\"1\",\"dictType\":\"\",\"required\":false,\"superColumn\":false,\"updateBy\":\"\",\"isInsert\":\"1\",\"javaField\":\"size\",\"htmlType\":\"input\",\"edit\":true,\"query\":true,\"columnComment\":\"è§„æ ¼\",\"isQuery\":\"1\",\"sort\":4,\"list\":true,\"params\":{},\"javaType\":\"String\",\"queryType\":\"EQ\",\"columnType\":\"varchar(255)\",\"createBy\":\"admin\",\"isPk\":\"0\",\"createTime\":1587608589000,\"isEdit\":\"1\",\"tableId\":5,\"pk\":false,\"columnName\":\"size\"},{\"usableColumn\":false,\"','{\"msg\":\"æ“ä½œæˆåŠŸ\",\"code\":200}',0,NULL,'2020-04-23 10:26:16'),(25,'ä»£ç ç”Ÿæˆ',2,'com.ruoyi.project.tool.gen.controller.GenController.editSave()','PUT',1,'admin',NULL,'/tool/gen','127.0.0.1','å†…ç½‘IP','{\"functionAuthor\":\"nuoyi\",\"columns\":[{\"usableColumn\":false,\"columnId\":57,\"isIncrement\":\"1\",\"increment\":true,\"insert\":true,\"dictType\":\"\",\"required\":false,\"superColumn\":false,\"updateBy\":\"\",\"isInsert\":\"1\",\"javaField\":\"id\",\"htmlType\":\"input\",\"edit\":false,\"query\":false,\"columnComment\":\"å•†å“ID\",\"updateTime\":1587608776000,\"sort\":1,\"list\":false,\"params\":{},\"javaType\":\"Long\",\"queryType\":\"EQ\",\"columnType\":\"int(11)\",\"createBy\":\"admin\",\"isPk\":\"1\",\"createTime\":1587608589000,\"tableId\":5,\"pk\":true,\"columnName\":\"id\"},{\"usableColumn\":false,\"columnId\":58,\"isIncrement\":\"0\",\"increment\":false,\"insert\":true,\"isList\":\"1\",\"dictType\":\"\",\"required\":false,\"superColumn\":false,\"updateBy\":\"\",\"isInsert\":\"1\",\"javaField\":\"goodsname\",\"htmlType\":\"input\",\"edit\":true,\"query\":true,\"columnComment\":\"å•†å“åç§°\",\"isQuery\":\"1\",\"updateTime\":1587608776000,\"sort\":2,\"list\":true,\"params\":{},\"javaType\":\"String\",\"queryType\":\"LIKE\",\"columnType\":\"varchar(255)\",\"createBy\":\"admin\",\"isPk\":\"0\",\"createTime\":1587608589000,\"isEdit\":\"1\",\"tableId\":5,\"pk\":false,\"columnName\":\"goodsname\"},{\"usableColumn\":false,\"columnId\":59,\"isIncrement\":\"0\",\"increment\":false,\"insert\":true,\"isList\":\"1\",\"dictType\":\"\",\"required\":false,\"superColumn\":false,\"updateBy\":\"\",\"isInsert\":\"1\",\"javaField\":\"produceplace\",\"htmlType\":\"input\",\"edit\":true,\"query\":true,\"columnComment\":\"å•†å“äº§åœ°\",\"isQuery\":\"1\",\"updateTime\":1587608776000,\"sort\":3,\"list\":true,\"params\":{},\"javaType\":\"String\",\"queryType\":\"EQ\",\"columnType\":\"varchar(255)\",\"createBy\":\"admin\",\"isPk\":\"0\",\"createTime\":1587608589000,\"isEdit\":\"1\",\"tableId\":5,\"pk\":false,\"columnName\":\"produceplace\"},{\"usableColumn\":false,\"columnId\":60,\"isIncrement\":\"0\",\"increment\":false,\"insert\":true,\"isList\":\"1\",\"dictType\":\"\",\"required\":false,\"superColumn\":false,\"updateBy\":\"\",\"isInsert\":\"1\",\"javaField\":\"size\",\"htmlType\":\"input\",\"edit\":true,\"query\":true,\"columnComment\":\"è§„æ ¼\",\"isQuery\":\"1\",\"updateTime\":1587608776000,\"sort\":4,\"list\":true,\"params\":{},\"javaType\":\"String\",\"queryType\":\"EQ\",\"columnType\":\"varchar(255)\",\"createBy\":\"admin\",\"isPk\":\"0\"','{\"msg\":\"æ“ä½œæˆåŠŸ\",\"code\":200}',0,NULL,'2020-04-23 10:26:33'),(26,'ä»£ç ç”Ÿæˆ',2,'com.ruoyi.project.tool.gen.controller.GenController.editSave()','PUT',1,'admin',NULL,'/tool/gen','127.0.0.1','å†…ç½‘IP','{\"functionAuthor\":\"nuoyi\",\"columns\":[{\"usableColumn\":false,\"columnId\":57,\"isIncrement\":\"1\",\"increment\":true,\"insert\":true,\"dictType\":\"\",\"required\":false,\"superColumn\":false,\"updateBy\":\"\",\"isInsert\":\"1\",\"javaField\":\"id\",\"htmlType\":\"input\",\"edit\":false,\"query\":false,\"columnComment\":\"å•†å“ID\",\"updateTime\":1587608793000,\"sort\":1,\"list\":false,\"params\":{},\"javaType\":\"Long\",\"queryType\":\"EQ\",\"columnType\":\"int(11)\",\"createBy\":\"admin\",\"isPk\":\"1\",\"createTime\":1587608589000,\"tableId\":5,\"pk\":true,\"columnName\":\"id\"},{\"usableColumn\":false,\"columnId\":58,\"isIncrement\":\"0\",\"increment\":false,\"insert\":true,\"isList\":\"1\",\"dictType\":\"\",\"required\":false,\"superColumn\":false,\"updateBy\":\"\",\"isInsert\":\"1\",\"javaField\":\"goodsname\",\"htmlType\":\"input\",\"edit\":true,\"query\":true,\"columnComment\":\"å•†å“åç§°\",\"isQuery\":\"1\",\"updateTime\":1587608793000,\"sort\":2,\"list\":true,\"params\":{},\"javaType\":\"String\",\"queryType\":\"LIKE\",\"columnType\":\"varchar(255)\",\"createBy\":\"admin\",\"isPk\":\"0\",\"createTime\":1587608589000,\"isEdit\":\"1\",\"tableId\":5,\"pk\":false,\"columnName\":\"goodsname\"},{\"usableColumn\":false,\"columnId\":59,\"isIncrement\":\"0\",\"increment\":false,\"insert\":true,\"isList\":\"1\",\"dictType\":\"\",\"required\":false,\"superColumn\":false,\"updateBy\":\"\",\"isInsert\":\"1\",\"javaField\":\"produceplace\",\"htmlType\":\"input\",\"edit\":true,\"query\":true,\"columnComment\":\"å•†å“äº§åœ°\",\"isQuery\":\"1\",\"updateTime\":1587608793000,\"sort\":3,\"list\":true,\"params\":{},\"javaType\":\"String\",\"queryType\":\"EQ\",\"columnType\":\"varchar(255)\",\"createBy\":\"admin\",\"isPk\":\"0\",\"createTime\":1587608589000,\"isEdit\":\"1\",\"tableId\":5,\"pk\":false,\"columnName\":\"produceplace\"},{\"usableColumn\":false,\"columnId\":60,\"isIncrement\":\"0\",\"increment\":false,\"insert\":true,\"isList\":\"1\",\"dictType\":\"\",\"required\":false,\"superColumn\":false,\"updateBy\":\"\",\"isInsert\":\"1\",\"javaField\":\"size\",\"htmlType\":\"input\",\"edit\":true,\"query\":false,\"columnComment\":\"è§„æ ¼\",\"updateTime\":1587608793000,\"sort\":4,\"list\":true,\"params\":{},\"javaType\":\"String\",\"queryType\":\"EQ\",\"columnType\":\"varchar(255)\",\"createBy\":\"admin\",\"isPk\":\"0\",\"createTime\"','{\"msg\":\"æ“ä½œæˆåŠŸ\",\"code\":200}',0,NULL,'2020-04-23 10:27:56'),(27,'ä»£ç ç”Ÿæˆ',8,'com.ruoyi.project.tool.gen.controller.GenController.batchGenCode()','GET',1,'admin',NULL,'/tool/gen/batchGenCode','127.0.0.1','å†…ç½‘IP','{}','null',0,NULL,'2020-04-23 10:28:01'),(28,'å•†å“',3,'com.ruoyi.project.system.controller.BusGoodsController.remove()','DELETE',1,'admin',NULL,'/system/goods/5','127.0.0.1','å†…ç½‘IP','{ids=5}','{\"msg\":\"æ“ä½œæˆåŠŸ\",\"code\":200}',0,NULL,'2020-04-23 10:33:08'),(29,'èœå•ç®¡ç†',2,'com.ruoyi.project.system.controller.SysMenuController.edit()','PUT',1,'admin',NULL,'/system/menu','127.0.0.1','å†…ç½‘IP','{\"visible\":\"0\",\"icon\":\"guide\",\"orderNum\":\"4\",\"menuName\":\"è‹¥ä¾å®˜ç½‘\",\"params\":{},\"parentId\":0,\"path\":\"http://ruoyi.vip\",\"children\":[],\"createTime\":1521171180000,\"updateBy\":\"admin\",\"isFrame\":\"0\",\"menuId\":4,\"menuType\":\"M\",\"perms\":\"\",\"status\":\"1\"}','{\"msg\":\"æ“ä½œæˆåŠŸ\",\"code\":200}',0,NULL,'2020-04-23 10:42:28'),(30,'èœå•ç®¡ç†',2,'com.ruoyi.project.system.controller.SysMenuController.edit()','PUT',1,'admin',NULL,'/system/menu','127.0.0.1','å†…ç½‘IP','{\"visible\":\"1\",\"icon\":\"log\",\"orderNum\":\"9\",\"menuName\":\"æ—¥å¿—ç®¡ç†\",\"params\":{},\"parentId\":1,\"path\":\"log\",\"component\":\"system/log/index\",\"children\":[],\"createTime\":1521171180000,\"updateBy\":\"admin\",\"isFrame\":\"1\",\"menuId\":108,\"menuType\":\"M\",\"perms\":\"\",\"status\":\"1\"}','{\"msg\":\"æ“ä½œæˆåŠŸ\",\"code\":200}',0,NULL,'2020-04-23 13:31:18'),(31,'èœå•ç®¡ç†',2,'com.ruoyi.project.system.controller.SysMenuController.edit()','PUT',1,'admin',NULL,'/system/menu','127.0.0.1','å†…ç½‘IP','{\"visible\":\"1\",\"icon\":\"message\",\"orderNum\":\"8\",\"menuName\":\"é€šçŸ¥å…¬å‘Š\",\"params\":{},\"parentId\":1,\"path\":\"notice\",\"component\":\"system/notice/index\",\"children\":[],\"createTime\":1521171180000,\"updateBy\":\"admin\",\"isFrame\":\"1\",\"menuId\":107,\"menuType\":\"C\",\"perms\":\"system:notice:list\",\"status\":\"1\"}','{\"msg\":\"æ“ä½œæˆåŠŸ\",\"code\":200}',0,NULL,'2020-04-23 13:31:53'),(32,'èœå•ç®¡ç†',1,'com.ruoyi.project.system.controller.SysMenuController.add()','POST',1,'admin',NULL,'/system/menu','127.0.0.1','å†…ç½‘IP','{\"visible\":\"0\",\"icon\":\"download\",\"orderNum\":\"4\",\"menuName\":\"åº“æˆ¿ç®¡ç†\",\"params\":{},\"parentId\":0,\"path\":\"storage\",\"createBy\":\"admin\",\"children\":[],\"isFrame\":\"1\",\"menuType\":\"M\",\"status\":\"0\"}','{\"msg\":\"æ“ä½œæˆåŠŸ\",\"code\":200}',0,NULL,'2020-04-23 14:37:59'),(33,'èœå•ç®¡ç†',1,'com.ruoyi.project.system.controller.SysMenuController.add()','POST',1,'admin',NULL,'/system/menu','127.0.0.1','å†…ç½‘IP','{\"visible\":\"0\",\"icon\":\"shopping\",\"orderNum\":\"1\",\"menuName\":\"å…¥å£ç®¡ç†\",\"params\":{},\"parentId\":1062,\"path\":\"storage\",\"component\":\"storage/in/index\",\"createBy\":\"admin\",\"children\":[],\"isFrame\":\"1\",\"menuType\":\"C\",\"perms\":\"system:goods:list\",\"status\":\"0\"}','{\"msg\":\"æ“ä½œæˆåŠŸ\",\"code\":200}',0,NULL,'2020-04-23 14:41:32'),(34,'èœå•ç®¡ç†',2,'com.ruoyi.project.system.controller.SysMenuController.edit()','PUT',1,'admin',NULL,'/system/menu','127.0.0.1','å†…ç½‘IP','{\"visible\":\"0\",\"icon\":\"shopping\",\"orderNum\":\"4\",\"menuName\":\"åº“æˆ¿ç®¡ç†\",\"params\":{},\"parentId\":0,\"path\":\"storage\",\"children\":[],\"createTime\":1587623879000,\"updateBy\":\"admin\",\"isFrame\":\"1\",\"menuId\":1062,\"menuType\":\"M\",\"perms\":\"\",\"status\":\"0\"}','{\"msg\":\"æ“ä½œæˆåŠŸ\",\"code\":200}',0,NULL,'2020-04-23 14:42:09'),(35,'èœå•ç®¡ç†',2,'com.ruoyi.project.system.controller.SysMenuController.edit()','PUT',1,'admin',NULL,'/system/menu','127.0.0.1','å†…ç½‘IP','{\"visible\":\"0\",\"icon\":\"shopping\",\"orderNum\":\"1\",\"menuName\":\"å…¥åº“ç®¡ç†\",\"params\":{},\"parentId\":1062,\"path\":\"storage\",\"component\":\"storage/in/index\",\"children\":[],\"createTime\":1587624092000,\"updateBy\":\"admin\",\"isFrame\":\"1\",\"menuId\":1063,\"menuType\":\"C\",\"perms\":\"system:goods:list\",\"status\":\"0\"}','{\"msg\":\"æ“ä½œæˆåŠŸ\",\"code\":200}',0,NULL,'2020-04-23 14:42:52'),(36,'èœå•ç®¡ç†',3,'com.ruoyi.project.system.controller.SysMenuController.remove()','DELETE',1,'admin',NULL,'/system/menu/4','127.0.0.1','å†…ç½‘IP','{menuId=4}','{\"msg\":\"èœå•å·²åˆ†é…,ä¸å…è®¸åˆ é™¤\",\"code\":500}',0,NULL,'2020-04-23 14:47:25'),(37,'èœå•ç®¡ç†',2,'com.ruoyi.project.system.controller.SysMenuController.edit()','PUT',1,'admin',NULL,'/system/menu','127.0.0.1','å†…ç½‘IP','{\"visible\":\"0\",\"icon\":\"guide\",\"orderNum\":\"11\",\"menuName\":\"åœ¨çº¿æ–‡æ¡£\",\"params\":{},\"parentId\":0,\"path\":\"http://www.baidu.com\",\"children\":[],\"createTime\":1521171180000,\"updateBy\":\"admin\",\"isFrame\":\"0\",\"menuId\":4,\"menuType\":\"M\",\"perms\":\"\",\"status\":\"1\"}','{\"msg\":\"æ“ä½œæˆåŠŸ\",\"code\":200}',0,NULL,'2020-04-23 14:48:15'),(38,'èœå•ç®¡ç†',2,'com.ruoyi.project.system.controller.SysMenuController.edit()','PUT',1,'admin',NULL,'/system/menu','127.0.0.1','å†…ç½‘IP','{\"visible\":\"1\",\"icon\":\"monitor\",\"orderNum\":\"2\",\"menuName\":\"ç³»ç»Ÿç›‘æ§\",\"params\":{},\"parentId\":0,\"path\":\"monitor\",\"children\":[],\"createTime\":1521171180000,\"updateBy\":\"admin\",\"isFrame\":\"1\",\"menuId\":2,\"menuType\":\"M\",\"perms\":\"\",\"status\":\"0\"}','{\"msg\":\"æ“ä½œæˆåŠŸ\",\"code\":200}',0,NULL,'2020-04-24 15:31:08'),(39,'ä»£ç ç”Ÿæˆ',2,'com.ruoyi.project.tool.gen.controller.GenController.editSave()','PUT',1,'admin',NULL,'/tool/gen','127.0.0.1','å†…ç½‘IP','{\"functionAuthor\":\"nuoyi\",\"columns\":[{\"usableColumn\":false,\"columnId\":57,\"isIncrement\":\"1\",\"increment\":true,\"insert\":true,\"dictType\":\"\",\"required\":false,\"superColumn\":false,\"updateBy\":\"\",\"isInsert\":\"1\",\"javaField\":\"id\",\"htmlType\":\"input\",\"edit\":false,\"query\":false,\"columnComment\":\"å•†å“ID\",\"updateTime\":1587608876000,\"sort\":1,\"list\":false,\"params\":{},\"javaType\":\"Long\",\"queryType\":\"EQ\",\"columnType\":\"int(11)\",\"createBy\":\"admin\",\"isPk\":\"1\",\"createTime\":1587608589000,\"tableId\":5,\"pk\":true,\"columnName\":\"id\"},{\"usableColumn\":false,\"columnId\":58,\"isIncrement\":\"0\",\"increment\":false,\"insert\":true,\"isList\":\"1\",\"dictType\":\"\",\"required\":false,\"superColumn\":false,\"updateBy\":\"\",\"isInsert\":\"1\",\"javaField\":\"goodsname\",\"htmlType\":\"input\",\"edit\":true,\"query\":true,\"columnComment\":\"å•†å“åç§°\",\"isQuery\":\"1\",\"updateTime\":1587608876000,\"sort\":2,\"list\":true,\"params\":{},\"javaType\":\"String\",\"queryType\":\"LIKE\",\"columnType\":\"varchar(255)\",\"createBy\":\"admin\",\"isPk\":\"0\",\"createTime\":1587608589000,\"isEdit\":\"1\",\"tableId\":5,\"pk\":false,\"columnName\":\"goodsname\"},{\"usableColumn\":false,\"columnId\":59,\"isIncrement\":\"0\",\"increment\":false,\"insert\":true,\"isList\":\"1\",\"dictType\":\"\",\"required\":false,\"superColumn\":false,\"updateBy\":\"\",\"isInsert\":\"1\",\"javaField\":\"produceplace\",\"htmlType\":\"input\",\"edit\":true,\"query\":true,\"columnComment\":\"å•†å“äº§åœ°\",\"isQuery\":\"1\",\"updateTime\":1587608876000,\"sort\":3,\"list\":true,\"params\":{},\"javaType\":\"String\",\"queryType\":\"EQ\",\"columnType\":\"varchar(255)\",\"createBy\":\"admin\",\"isPk\":\"0\",\"createTime\":1587608589000,\"isEdit\":\"1\",\"tableId\":5,\"pk\":false,\"columnName\":\"produceplace\"},{\"usableColumn\":false,\"columnId\":60,\"isIncrement\":\"0\",\"increment\":false,\"insert\":true,\"isList\":\"1\",\"dictType\":\"\",\"required\":false,\"superColumn\":false,\"updateBy\":\"\",\"isInsert\":\"1\",\"javaField\":\"size\",\"htmlType\":\"input\",\"edit\":true,\"query\":false,\"columnComment\":\"è§„æ ¼\",\"updateTime\":1587608876000,\"sort\":4,\"list\":true,\"params\":{},\"javaType\":\"String\",\"queryType\":\"EQ\",\"columnType\":\"varchar(255)\",\"createBy\":\"admin\",\"isPk\":\"0\",\"createTime\"','{\"msg\":\"æ“ä½œæˆåŠŸ\",\"code\":200}',0,NULL,'2020-04-24 15:41:26'),(40,'ä»£ç ç”Ÿæˆ',8,'com.ruoyi.project.tool.gen.controller.GenController.batchGenCode()','GET',1,'admin',NULL,'/tool/gen/batchGenCode','127.0.0.1','å†…ç½‘IP','{}','null',0,NULL,'2020-04-24 15:42:02'),(41,'èœå•ç®¡ç†',2,'com.ruoyi.project.system.controller.SysMenuController.edit()','PUT',1,'admin',NULL,'/system/menu','127.0.0.1','å†…ç½‘IP','{\"visible\":\"0\",\"icon\":\"shopping\",\"orderNum\":\"1\",\"menuName\":\"å…¥åº“ç®¡ç†\",\"params\":{},\"parentId\":1062,\"path\":\"enter\",\"component\":\"storage/enter/index\",\"children\":[],\"createTime\":1587624092000,\"updateBy\":\"admin\",\"isFrame\":\"1\",\"menuId\":1063,\"menuType\":\"C\",\"perms\":\"storage:enter:list\",\"status\":\"0\"}','{\"msg\":\"æ“ä½œæˆåŠŸ\",\"code\":200}',0,NULL,'2020-04-24 15:54:39'),(42,'èœå•ç®¡ç†',1,'com.ruoyi.project.system.controller.SysMenuController.add()','POST',1,'admin',NULL,'/system/menu','127.0.0.1','å†…ç½‘IP','{\"visible\":\"0\",\"icon\":\"shopping\",\"orderNum\":\"2\",\"menuName\":\"å‡ºåº“ç®¡ç†\",\"params\":{},\"parentId\":1062,\"path\":\"out\",\"component\":\"storage/out/index\",\"createBy\":\"admin\",\"children\":[],\"isFrame\":\"1\",\"menuType\":\"C\",\"perms\":\"storage:out:list\",\"status\":\"0\"}','{\"msg\":\"æ“ä½œæˆåŠŸ\",\"code\":200}',0,NULL,'2020-04-24 15:56:52'),(43,'èœå•ç®¡ç†',2,'com.ruoyi.project.system.controller.SysMenuController.edit()','PUT',1,'admin',NULL,'/system/menu','127.0.0.1','å†…ç½‘IP','{\"visible\":\"0\",\"icon\":\"shopping\",\"orderNum\":\"3\",\"menuName\":\"åº“æˆ¿ç®¡ç†\",\"params\":{},\"parentId\":0,\"path\":\"storage\",\"children\":[],\"createTime\":1587623879000,\"updateBy\":\"admin\",\"isFrame\":\"1\",\"menuId\":1062,\"menuType\":\"M\",\"perms\":\"\",\"status\":\"0\"}','{\"msg\":\"æ“ä½œæˆåŠŸ\",\"code\":200}',0,NULL,'2020-04-24 15:57:34'),(44,'èœå•ç®¡ç†',2,'com.ruoyi.project.system.controller.SysMenuController.edit()','PUT',1,'admin',NULL,'/system/menu','127.0.0.1','å†…ç½‘IP','{\"visible\":\"0\",\"icon\":\"tool\",\"orderNum\":\"4\",\"menuName\":\"ç³»ç»Ÿå·¥å…·\",\"params\":{},\"parentId\":0,\"path\":\"tool\",\"children\":[],\"createTime\":1521171180000,\"updateBy\":\"admin\",\"isFrame\":\"1\",\"menuId\":3,\"menuType\":\"M\",\"perms\":\"\",\"status\":\"0\"}','{\"msg\":\"æ“ä½œæˆåŠŸ\",\"code\":200}',0,NULL,'2020-04-24 15:57:41'),(45,'èœå•ç®¡ç†',2,'com.ruoyi.project.system.controller.SysMenuController.edit()','PUT',1,'admin',NULL,'/system/menu','127.0.0.1','å†…ç½‘IP','{\"visible\":\"0\",\"icon\":\"system\",\"orderNum\":\"1\",\"menuName\":\"åŸºç¡€ç®¡ç†\",\"params\":{},\"parentId\":0,\"path\":\"system\",\"children\":[],\"createTime\":1521171180000,\"updateBy\":\"admin\",\"isFrame\":\"1\",\"menuId\":1,\"menuType\":\"M\",\"perms\":\"\",\"status\":\"0\"}','{\"msg\":\"æ“ä½œæˆåŠŸ\",\"code\":200}',0,NULL,'2020-04-24 16:02:18'),(46,'èœå•ç®¡ç†',1,'com.ruoyi.project.system.controller.SysMenuController.add()','POST',1,'admin',NULL,'/system/menu','127.0.0.1','å†…ç½‘IP','{\"visible\":\"0\",\"icon\":\"peoples\",\"orderNum\":\"2\",\"menuName\":\"ä¾›åº”å•†å®˜åº“\",\"params\":{},\"parentId\":1,\"path\":\"provider\",\"component\":\"system/provider/index\",\"createBy\":\"admin\",\"children\":[],\"isFrame\":\"1\",\"menuType\":\"C\",\"perms\":\"system:provider:list\",\"status\":\"0\"}','{\"msg\":\"æ“ä½œæˆåŠŸ\",\"code\":200}',0,NULL,'2020-04-24 16:12:47'),(47,'èœå•ç®¡ç†',2,'com.ruoyi.project.system.controller.SysMenuController.edit()','PUT',1,'admin',NULL,'/system/menu','127.0.0.1','å†…ç½‘IP','{\"visible\":\"0\",\"icon\":\"peoples\",\"orderNum\":\"2\",\"menuName\":\"ä¾›åº”å•†ç®¡ç†\",\"params\":{},\"parentId\":1,\"path\":\"provider\",\"component\":\"system/provider/index\",\"children\":[],\"createTime\":1587715967000,\"updateBy\":\"admin\",\"isFrame\":\"1\",\"menuId\":1065,\"menuType\":\"C\",\"perms\":\"system:provider:list\",\"status\":\"0\"}','{\"msg\":\"æ“ä½œæˆåŠŸ\",\"code\":200}',0,NULL,'2020-04-24 16:13:23'),(48,'èœå•ç®¡ç†',1,'com.ruoyi.project.system.controller.SysMenuController.add()','POST',1,'admin',NULL,'/system/menu','127.0.0.1','å†…ç½‘IP','{\"visible\":\"0\",\"icon\":\"shopping\",\"orderNum\":\"4\",\"menuName\":\"é‡‡è´­ç®¡ç†\",\"params\":{},\"parentId\":1,\"path\":\"purchase\",\"component\":\"system/purchase/index\",\"createBy\":\"admin\",\"children\":[],\"isFrame\":\"1\",\"menuType\":\"C\",\"perms\":\"system:purchase:list\",\"status\":\"0\"}','{\"msg\":\"æ“ä½œæˆåŠŸ\",\"code\":200}',0,NULL,'2020-04-24 16:19:13'),(49,'èœå•ç®¡ç†',2,'com.ruoyi.project.system.controller.SysMenuController.edit()','PUT',1,'admin',NULL,'/system/menu','127.0.0.1','å†…ç½‘IP','{\"visible\":\"0\",\"icon\":\"shopping\",\"orderNum\":\"9\",\"menuName\":\"åº“æˆ¿ç®¡ç†\",\"params\":{},\"parentId\":0,\"path\":\"storage\",\"children\":[],\"createTime\":1587623879000,\"updateBy\":\"admin\",\"isFrame\":\"1\",\"menuId\":1062,\"menuType\":\"M\",\"perms\":\"\",\"status\":\"0\"}','{\"msg\":\"æ“ä½œæˆåŠŸ\",\"code\":200}',0,NULL,'2020-04-24 16:19:37'),(50,'èœå•ç®¡ç†',2,'com.ruoyi.project.system.controller.SysMenuController.edit()','PUT',1,'admin',NULL,'/system/menu','127.0.0.1','å†…ç½‘IP','{\"visible\":\"0\",\"icon\":\"shopping\",\"orderNum\":\"6\",\"menuName\":\"åº“æˆ¿ç®¡ç†\",\"params\":{},\"parentId\":0,\"path\":\"storage\",\"children\":[],\"createTime\":1587623879000,\"updateBy\":\"admin\",\"isFrame\":\"1\",\"menuId\":1062,\"menuType\":\"M\",\"perms\":\"\",\"status\":\"0\"}','{\"msg\":\"æ“ä½œæˆåŠŸ\",\"code\":200}',0,NULL,'2020-04-24 16:19:56'),(51,'ç”¨æˆ·ç®¡ç†',2,'com.ruoyi.project.system.controller.SysUserController.edit()','PUT',1,'admin',NULL,'/system/user','127.0.0.1','å†…ç½‘IP','{\"roles\":[{\"flag\":false,\"roleId\":1,\"admin\":true,\"dataScope\":\"1\",\"params\":{},\"roleSort\":\"1\",\"roleKey\":\"admin\",\"roleName\":\"ç®¡ç†å‘˜\",\"status\":\"0\"}],\"phonenumber\":\"15888888888\",\"admin\":true,\"loginDate\":1521171180000,\"remark\":\"ç®¡ç†å‘˜\",\"delFlag\":\"0\",\"password\":\"\",\"postIds\":[1],\"loginIp\":\"127.0.0.1\",\"email\":\"ry@163.com\",\"nickName\":\"è¯ºä¸€\",\"sex\":\"1\",\"deptId\":103,\"avatar\":\"\",\"dept\":{\"deptName\":\"ç ”å‘éƒ¨é—¨\",\"leader\":\"è‹¥ä¾\",\"deptId\":103,\"orderNum\":\"1\",\"params\":{},\"parentId\":101,\"children\":[],\"status\":\"0\"},\"params\":{},\"userName\":\"admin\",\"userId\":1,\"createBy\":\"admin\",\"roleIds\":[1],\"createTime\":1521171180000,\"status\":\"0\"}','null',1,'ä¸å…è®¸æ“ä½œè¶…çº§ç®¡ç†å‘˜ç”¨æˆ·','2020-04-24 16:22:00'),(52,'ç”¨æˆ·ç®¡ç†',2,'com.ruoyi.project.system.controller.SysUserController.edit()','PUT',1,'admin',NULL,'/system/user','127.0.0.1','å†…ç½‘IP','{\"roles\":[{\"flag\":false,\"roleId\":2,\"admin\":false,\"dataScope\":\"2\",\"params\":{},\"roleSort\":\"2\",\"roleKey\":\"common\",\"roleName\":\"æ™®é€šè§’è‰²\",\"status\":\"0\"}],\"phonenumber\":\"15666666666\",\"admin\":false,\"loginDate\":1521171180000,\"remark\":\"æµ‹è¯•å‘˜\",\"delFlag\":\"0\",\"password\":\"\",\"updateBy\":\"admin\",\"postIds\":[2],\"loginIp\":\"127.0.0.1\",\"email\":\"ry@qq.com\",\"nickName\":\"è¯ºä¸€\",\"sex\":\"0\",\"deptId\":105,\"avatar\":\"\",\"dept\":{\"deptName\":\"æµ‹è¯•éƒ¨é—¨\",\"leader\":\"è‹¥ä¾\",\"deptId\":105,\"orderNum\":\"3\",\"params\":{},\"parentId\":101,\"children\":[],\"status\":\"0\"},\"params\":{},\"userName\":\"ry\",\"userId\":2,\"createBy\":\"admin\",\"roleIds\":[2],\"createTime\":1521171180000,\"status\":\"0\"}','{\"msg\":\"æ“ä½œæˆåŠŸ\",\"code\":200}',0,NULL,'2020-04-24 16:22:19'),(53,'éƒ¨é—¨ç®¡ç†',2,'com.ruoyi.project.system.controller.SysDeptController.edit()','PUT',1,'admin',NULL,'/system/dept','127.0.0.1','å†…ç½‘IP','{\"deptName\":\"æ·±åœ³æ€»å…¬å¸\",\"leader\":\"è¯ºä¸€\",\"deptId\":101,\"orderNum\":\"1\",\"delFlag\":\"0\",\"params\":{},\"parentId\":100,\"createBy\":\"admin\",\"children\":[],\"createTime\":1521171180000,\"phone\":\"13800880000\",\"updateBy\":\"admin\",\"ancestors\":\"0,100\",\"email\":\"ry@qq.com\",\"status\":\"0\"}','{\"msg\":\"æ“ä½œæˆåŠŸ\",\"code\":200}',0,NULL,'2020-04-24 16:23:07'),(54,'èœå•ç®¡ç†',2,'com.ruoyi.project.system.controller.SysMenuController.edit()','PUT',1,'admin',NULL,'/system/menu','127.0.0.1','å†…ç½‘IP','{\"visible\":\"0\",\"icon\":\"tool\",\"orderNum\":\"4\",\"menuName\":\"å…¶ä»–ç®¡ç†\",\"params\":{},\"parentId\":0,\"path\":\"tool\",\"children\":[],\"createTime\":1521171180000,\"updateBy\":\"admin\",\"isFrame\":\"1\",\"menuId\":3,\"menuType\":\"M\",\"perms\":\"\",\"status\":\"0\"}','{\"msg\":\"æ“ä½œæˆåŠŸ\",\"code\":200}',0,NULL,'2020-04-24 16:24:32'),(55,'ç”¨æˆ·ç®¡ç†',2,'com.ruoyi.project.system.controller.SysUserController.edit()','PUT',1,'admin',NULL,'/system/user','127.0.0.1','å†…ç½‘IP','{\"roles\":[{\"flag\":false,\"roleId\":1,\"admin\":true,\"dataScope\":\"1\",\"params\":{},\"roleSort\":\"1\",\"roleKey\":\"admin\",\"roleName\":\"ç®¡ç†å‘˜\",\"status\":\"0\"}],\"phonenumber\":\"15888888888\",\"admin\":true,\"loginDate\":1521171180000,\"remark\":\"ç®¡ç†å‘˜\",\"delFlag\":\"0\",\"password\":\"\",\"postIds\":[1],\"loginIp\":\"127.0.0.1\",\"email\":\"ry@163.com\",\"nickName\":\"ruoyi\",\"sex\":\"1\",\"deptId\":103,\"avatar\":\"\",\"dept\":{\"deptName\":\"ç ”å‘éƒ¨é—¨\",\"leader\":\"è‹¥ä¾\",\"deptId\":103,\"orderNum\":\"1\",\"params\":{},\"parentId\":101,\"children\":[],\"status\":\"0\"},\"params\":{},\"userName\":\"admin\",\"userId\":1,\"createBy\":\"admin\",\"roleIds\":[1],\"createTime\":1521171180000,\"status\":\"0\"}','null',1,'ä¸å…è®¸æ“ä½œè¶…çº§ç®¡ç†å‘˜ç”¨æˆ·','2020-05-05 10:56:39'),(56,'èœå•ç®¡ç†',1,'com.ruoyi.project.system.controller.SysMenuController.add()','POST',1,'admin',NULL,'/system/menu','127.0.0.1','å†…ç½‘IP','{\"visible\":\"0\",\"icon\":\"people\",\"orderNum\":\"4\",\"menuName\":\"å®¢æˆ·ç®¡ç†\",\"params\":{},\"parentId\":1,\"path\":\"customer\",\"component\":\"system/customer/index\",\"createBy\":\"admin\",\"children\":[],\"isFrame\":\"1\",\"menuType\":\"C\",\"perms\":\"system:customer:list\",\"status\":\"0\"}','{\"msg\":\"æ“ä½œæˆåŠŸ\",\"code\":200}',0,NULL,'2020-05-05 11:15:27'),(57,'ä»£ç ç”Ÿæˆ',6,'com.ruoyi.project.tool.gen.controller.GenController.importTableSave()','POST',1,'admin',NULL,'/tool/gen/importTable','127.0.0.1','å†…ç½‘IP','bus_customer,bus_provider','{\"msg\":\"æ“ä½œæˆåŠŸ\",\"code\":200}',0,NULL,'2020-05-05 11:21:10'),(58,'ä»£ç ç”Ÿæˆ',2,'com.ruoyi.project.tool.gen.controller.GenController.editSave()','PUT',1,'admin',NULL,'/tool/gen','127.0.0.1','å†…ç½‘IP','{\"functionAuthor\":\"nuoyi\",\"columns\":[{\"usableColumn\":false,\"columnId\":71,\"isIncrement\":\"1\",\"increment\":true,\"insert\":true,\"dictType\":\"\",\"required\":false,\"superColumn\":false,\"updateBy\":\"\",\"isInsert\":\"1\",\"javaField\":\"id\",\"htmlType\":\"input\",\"edit\":false,\"query\":false,\"columnComment\":\"å®¢æˆ·ID\",\"sort\":1,\"list\":false,\"params\":{},\"javaType\":\"Long\",\"queryType\":\"EQ\",\"columnType\":\"int(11)\",\"createBy\":\"admin\",\"isPk\":\"1\",\"createTime\":1588648870000,\"tableId\":6,\"pk\":true,\"columnName\":\"id\"},{\"usableColumn\":false,\"columnId\":72,\"isIncrement\":\"0\",\"increment\":false,\"insert\":true,\"isList\":\"1\",\"dictType\":\"\",\"required\":false,\"superColumn\":false,\"updateBy\":\"\",\"isInsert\":\"1\",\"javaField\":\"customername\",\"htmlType\":\"input\",\"edit\":true,\"query\":true,\"columnComment\":\"å®¢æˆ·åç§°\",\"isQuery\":\"1\",\"sort\":2,\"list\":true,\"params\":{},\"javaType\":\"String\",\"queryType\":\"LIKE\",\"columnType\":\"varchar(255)\",\"createBy\":\"admin\",\"isPk\":\"0\",\"createTime\":1588648870000,\"isEdit\":\"1\",\"tableId\":6,\"pk\":false,\"columnName\":\"customername\"},{\"usableColumn\":false,\"columnId\":73,\"isIncrement\":\"0\",\"increment\":false,\"insert\":true,\"dictType\":\"\",\"required\":false,\"superColumn\":false,\"updateBy\":\"\",\"isInsert\":\"1\",\"javaField\":\"zip\",\"htmlType\":\"input\",\"edit\":true,\"query\":false,\"columnComment\":\"ä¼ çœŸ\",\"sort\":3,\"list\":false,\"params\":{},\"javaType\":\"String\",\"queryType\":\"EQ\",\"columnType\":\"varchar(255)\",\"createBy\":\"admin\",\"isPk\":\"0\",\"createTime\":1588648870000,\"isEdit\":\"1\",\"tableId\":6,\"pk\":false,\"columnName\":\"zip\"},{\"usableColumn\":false,\"columnId\":74,\"isIncrement\":\"0\",\"increment\":false,\"insert\":true,\"isList\":\"1\",\"dictType\":\"\",\"required\":false,\"superColumn\":false,\"updateBy\":\"\",\"isInsert\":\"1\",\"javaField\":\"address\",\"htmlType\":\"input\",\"edit\":true,\"query\":true,\"columnComment\":\"åœ°å€\",\"isQuery\":\"1\",\"sort\":4,\"list\":true,\"params\":{},\"javaType\":\"String\",\"queryType\":\"EQ\",\"columnType\":\"varchar(255)\",\"createBy\":\"admin\",\"isPk\":\"0\",\"createTime\":1588648870000,\"isEdit\":\"1\",\"tableId\":6,\"pk\":false,\"columnName\":\"address\"},{\"usableColumn\":false,\"columnId\":75,\"isIncrement\":\"0\",\"i','{\"msg\":\"æ“ä½œæˆåŠŸ\",\"code\":200}',0,NULL,'2020-05-05 11:30:19'),(59,'ä»£ç ç”Ÿæˆ',8,'com.ruoyi.project.tool.gen.controller.GenController.batchGenCode()','GET',1,'admin',NULL,'/tool/gen/batchGenCode','127.0.0.1','å†…ç½‘IP','{}','null',0,NULL,'2020-05-05 11:32:45'),(60,'å®¢æˆ·',2,'com.ruoyi.project.system.controller.BusCustomerController.edit()','PUT',1,'admin',NULL,'/system/customer','127.0.0.1','å†…ç½‘IP','{\"zip\":\"222\",\"address\":\"æ­¦æ±‰\",\"available\":\"1\",\"telephone\":\"027-9123131\",\"params\":{},\"bank\":\"ä¸­å›½é“¶è¡Œ\",\"connectionpersion\":\"å¼ å¤§æ˜\",\"phone\":\"15279230588\",\"id\":1,\"customername\":\"å°å¼ è¶…å¸‚\",\"fax\":\"430001\",\"account\":\"654431331343413\",\"email\":\"213123@sina.com\"}','{\"msg\":\"æ“ä½œæˆåŠŸ\",\"code\":200}',0,NULL,'2020-05-05 11:37:53'),(61,'ä»£ç ç”Ÿæˆ',6,'com.ruoyi.project.tool.gen.controller.GenController.importTableSave()','POST',1,'admin',NULL,'/tool/gen/importTable','127.0.0.1','å†…ç½‘IP','sys_user','{\"msg\":\"æ“ä½œæˆåŠŸ\",\"code\":200}',0,NULL,'2020-05-05 15:38:40'),(62,'ä»£ç ç”Ÿæˆ',3,'com.ruoyi.project.tool.gen.controller.GenController.remove()','DELETE',1,'admin',NULL,'/tool/gen/8','127.0.0.1','å†…ç½‘IP','{tableIds=8}','{\"msg\":\"æ“ä½œæˆåŠŸ\",\"code\":200}',0,NULL,'2020-05-05 15:45:16'),(63,'ä»£ç ç”Ÿæˆ',6,'com.ruoyi.project.tool.gen.controller.GenController.importTableSave()','POST',1,'admin',NULL,'/tool/gen/importTable','127.0.0.1','å†…ç½‘IP','sys_user','{\"msg\":\"æ“ä½œæˆåŠŸ\",\"code\":200}',0,NULL,'2020-05-05 15:47:32'),(64,'ä»£ç ç”Ÿæˆ',2,'com.ruoyi.project.tool.gen.controller.GenController.editSave()','PUT',1,'admin',NULL,'/tool/gen','127.0.0.1','å†…ç½‘IP','{\"functionAuthor\":\"nuoyi\",\"columns\":[{\"usableColumn\":false,\"columnId\":83,\"isIncrement\":\"1\",\"increment\":true,\"insert\":true,\"dictType\":\"\",\"required\":false,\"superColumn\":false,\"updateBy\":\"\",\"isInsert\":\"1\",\"javaField\":\"id\",\"htmlType\":\"input\",\"edit\":false,\"query\":false,\"columnComment\":\"ä¾›åº”å•†ID\",\"sort\":1,\"list\":false,\"params\":{},\"javaType\":\"Long\",\"queryType\":\"EQ\",\"columnType\":\"int(11)\",\"createBy\":\"admin\",\"isPk\":\"1\",\"createTime\":1588648870000,\"tableId\":7,\"pk\":true,\"columnName\":\"id\"},{\"usableColumn\":false,\"columnId\":84,\"isIncrement\":\"0\",\"increment\":false,\"insert\":true,\"isList\":\"1\",\"dictType\":\"\",\"required\":false,\"superColumn\":false,\"updateBy\":\"\",\"isInsert\":\"1\",\"javaField\":\"providername\",\"htmlType\":\"input\",\"edit\":true,\"query\":true,\"columnComment\":\"ä¾›åº”å•†åç§°\",\"isQuery\":\"1\",\"sort\":2,\"list\":true,\"params\":{},\"javaType\":\"String\",\"queryType\":\"LIKE\",\"columnType\":\"varchar(255)\",\"createBy\":\"admin\",\"isPk\":\"0\",\"createTime\":1588648870000,\"isEdit\":\"1\",\"tableId\":7,\"pk\":false,\"columnName\":\"providername\"},{\"usableColumn\":false,\"columnId\":85,\"isIncrement\":\"0\",\"increment\":false,\"insert\":true,\"dictType\":\"\",\"required\":false,\"superColumn\":false,\"updateBy\":\"\",\"isInsert\":\"1\",\"javaField\":\"zip\",\"htmlType\":\"input\",\"edit\":true,\"query\":false,\"sort\":3,\"list\":false,\"params\":{},\"javaType\":\"String\",\"queryType\":\"EQ\",\"columnType\":\"varchar(255)\",\"createBy\":\"admin\",\"isPk\":\"0\",\"createTime\":1588648870000,\"isEdit\":\"1\",\"tableId\":7,\"pk\":false,\"columnName\":\"zip\"},{\"usableColumn\":false,\"columnId\":86,\"isIncrement\":\"0\",\"increment\":false,\"insert\":true,\"isList\":\"1\",\"dictType\":\"\",\"required\":false,\"superColumn\":false,\"updateBy\":\"\",\"isInsert\":\"1\",\"javaField\":\"address\",\"htmlType\":\"input\",\"edit\":true,\"query\":true,\"columnComment\":\"ä¾›åº”å•†åœ°å€\",\"isQuery\":\"1\",\"sort\":4,\"list\":true,\"params\":{},\"javaType\":\"String\",\"queryType\":\"LIKE\",\"columnType\":\"varchar(255)\",\"createBy\":\"admin\",\"isPk\":\"0\",\"createTime\":1588648870000,\"isEdit\":\"1\",\"tableId\":7,\"pk\":false,\"columnName\":\"address\"},{\"usableColumn\":false,\"columnId\":87,\"isIncrement\":\"0\",\"increment\":fals','{\"msg\":\"æ“ä½œæˆåŠŸ\",\"code\":200}',0,NULL,'2020-05-05 15:49:34'),(65,'ä»£ç ç”Ÿæˆ',3,'com.ruoyi.project.tool.gen.controller.GenController.remove()','DELETE',1,'admin',NULL,'/tool/gen/9','127.0.0.1','å†…ç½‘IP','{tableIds=9}','{\"msg\":\"æ“ä½œæˆåŠŸ\",\"code\":200}',0,NULL,'2020-05-05 15:49:39'),(66,'ä»£ç ç”Ÿæˆ',8,'com.ruoyi.project.tool.gen.controller.GenController.batchGenCode()','GET',1,'admin',NULL,'/tool/gen/batchGenCode','127.0.0.1','å†…ç½‘IP','{}','null',0,NULL,'2020-05-05 15:50:16'),(67,'ä»£ç ç”Ÿæˆ',2,'com.ruoyi.project.tool.gen.controller.GenController.editSave()','PUT',1,'admin',NULL,'/tool/gen','127.0.0.1','å†…ç½‘IP','{\"functionAuthor\":\"nuoyi\",\"columns\":[{\"usableColumn\":false,\"columnId\":83,\"isIncrement\":\"1\",\"increment\":true,\"insert\":true,\"dictType\":\"\",\"required\":false,\"superColumn\":false,\"updateBy\":\"\",\"isInsert\":\"1\",\"javaField\":\"id\",\"htmlType\":\"input\",\"edit\":false,\"query\":false,\"columnComment\":\"ä¾›åº”å•†ID\",\"updateTime\":1588664973000,\"sort\":1,\"list\":false,\"params\":{},\"javaType\":\"Long\",\"queryType\":\"EQ\",\"columnType\":\"int(11)\",\"createBy\":\"admin\",\"isPk\":\"1\",\"createTime\":1588648870000,\"tableId\":7,\"pk\":true,\"columnName\":\"id\"},{\"usableColumn\":false,\"columnId\":84,\"isIncrement\":\"0\",\"increment\":false,\"insert\":true,\"isList\":\"1\",\"dictType\":\"\",\"required\":false,\"superColumn\":false,\"updateBy\":\"\",\"isInsert\":\"1\",\"javaField\":\"providername\",\"htmlType\":\"input\",\"edit\":true,\"query\":true,\"columnComment\":\"ä¾›åº”å•†åç§°\",\"isQuery\":\"1\",\"updateTime\":1588664973000,\"sort\":2,\"list\":true,\"params\":{},\"javaType\":\"String\",\"queryType\":\"LIKE\",\"columnType\":\"varchar(255)\",\"createBy\":\"admin\",\"isPk\":\"0\",\"createTime\":1588648870000,\"isEdit\":\"1\",\"tableId\":7,\"pk\":false,\"columnName\":\"providername\"},{\"usableColumn\":false,\"columnId\":85,\"isIncrement\":\"0\",\"increment\":false,\"insert\":true,\"dictType\":\"\",\"required\":false,\"superColumn\":false,\"updateBy\":\"\",\"isInsert\":\"1\",\"javaField\":\"zip\",\"htmlType\":\"input\",\"edit\":true,\"query\":false,\"updateTime\":1588664973000,\"sort\":3,\"list\":false,\"params\":{},\"javaType\":\"String\",\"queryType\":\"EQ\",\"columnType\":\"varchar(255)\",\"createBy\":\"admin\",\"isPk\":\"0\",\"createTime\":1588648870000,\"isEdit\":\"1\",\"tableId\":7,\"pk\":false,\"columnName\":\"zip\"},{\"usableColumn\":false,\"columnId\":86,\"isIncrement\":\"0\",\"increment\":false,\"insert\":true,\"isList\":\"1\",\"dictType\":\"\",\"required\":false,\"superColumn\":false,\"updateBy\":\"\",\"isInsert\":\"1\",\"javaField\":\"address\",\"htmlType\":\"input\",\"edit\":true,\"query\":true,\"columnComment\":\"ä¾›åº”å•†åœ°å€\",\"isQuery\":\"1\",\"updateTime\":1588664974000,\"sort\":4,\"list\":true,\"params\":{},\"javaType\":\"String\",\"queryType\":\"LIKE\",\"columnType\":\"varchar(255)\",\"createBy\":\"admin\",\"isPk\":\"0\",\"createTime\":1588648870000,\"isEdit\":\"1\",\"tableId\"','{\"msg\":\"æ“ä½œæˆåŠŸ\",\"code\":200}',0,NULL,'2020-05-06 11:28:29'),(68,'ä»£ç ç”Ÿæˆ',8,'com.ruoyi.project.tool.gen.controller.GenController.batchGenCode()','GET',1,'admin',NULL,'/tool/gen/batchGenCode','127.0.0.1','å†…ç½‘IP','{}','null',0,NULL,'2020-05-06 11:28:33'),(69,'å•†å“',5,'com.ruoyi.project.system.controller.BusGoodsController.export()','GET',1,'admin',NULL,'/system/goods/export','127.0.0.1','å†…ç½‘IP','{}','{\"msg\":\"946f4044-bc84-4805-af40-e461f5639214_goods.xlsx\",\"code\":200}',0,NULL,'2020-05-06 12:27:25'),(70,'éƒ¨é—¨ç®¡ç†',2,'com.ruoyi.project.system.controller.SysDeptController.edit()','PUT',1,'admin',NULL,'/system/dept','127.0.0.1','å†…ç½‘IP','{\"deptName\":\"ä»“å‚¨éƒ¨é—¨\",\"leader\":\"è‹¥ä¾\",\"deptId\":105,\"orderNum\":\"3\",\"delFlag\":\"0\",\"params\":{},\"parentId\":101,\"createBy\":\"admin\",\"children\":[],\"createTime\":1521171180000,\"phone\":\"15888888888\",\"updateBy\":\"admin\",\"ancestors\":\"0,100,101\",\"email\":\"ry@qq.com\",\"status\":\"0\"}','{\"msg\":\"æ“ä½œæˆåŠŸ\",\"code\":200}',0,NULL,'2020-05-06 12:29:40'),(71,'éƒ¨é—¨ç®¡ç†',2,'com.ruoyi.project.system.controller.SysDeptController.edit()','PUT',1,'admin',NULL,'/system/dept','127.0.0.1','å†…ç½‘IP','{\"deptName\":\" ä¿å«éƒ¨é—¨\",\"leader\":\"è‹¥ä¾\",\"deptId\":107,\"orderNum\":\"5\",\"delFlag\":\"0\",\"params\":{},\"parentId\":101,\"createBy\":\"admin\",\"children\":[],\"createTime\":1521171180000,\"phone\":\"15888888888\",\"updateBy\":\"admin\",\"ancestors\":\"0,100,101\",\"email\":\"ry@qq.com\",\"status\":\"0\"}','{\"msg\":\"æ“ä½œæˆåŠŸ\",\"code\":200}',0,NULL,'2020-05-06 12:30:07'),(72,'éƒ¨é—¨ç®¡ç†',2,'com.ruoyi.project.system.controller.SysDeptController.edit()','PUT',1,'admin',NULL,'/system/dept','127.0.0.1','å†…ç½‘IP','{\"deptName\":\"ç‰©æµéƒ¨é—¨\",\"leader\":\"è‹¥ä¾\",\"deptId\":103,\"orderNum\":\"1\",\"delFlag\":\"0\",\"params\":{},\"parentId\":101,\"createBy\":\"admin\",\"children\":[],\"createTime\":1521171180000,\"phone\":\"15888888888\",\"updateBy\":\"admin\",\"ancestors\":\"0,100,101\",\"email\":\"ry@qq.com\",\"status\":\"0\"}','{\"msg\":\"æ“ä½œæˆåŠŸ\",\"code\":200}',0,NULL,'2020-05-06 12:30:23'),(73,'ä»£ç ç”Ÿæˆ',6,'com.ruoyi.project.tool.gen.controller.GenController.importTableSave()','POST',1,'admin',NULL,'/tool/gen/importTable','127.0.0.1','å†…ç½‘IP','bus_inport,bus_outport','{\"msg\":\"æ“ä½œæˆåŠŸ\",\"code\":200}',0,NULL,'2020-05-06 12:48:00'),(74,'èœå•ç®¡ç†',2,'com.ruoyi.project.system.controller.SysMenuController.edit()','PUT',1,'admin',NULL,'/system/menu','127.0.0.1','å†…ç½‘IP','{\"visible\":\"0\",\"icon\":\"shopping\",\"orderNum\":\"4\",\"menuName\":\"é‡‡è´­ç®¡ç†\",\"params\":{},\"parentId\":1,\"path\":\"purchase\",\"component\":\"system/purchase/index\",\"children\":[],\"createTime\":1587716353000,\"updateBy\":\"admin\",\"isFrame\":\"1\",\"menuId\":1066,\"menuType\":\"M\",\"perms\":\"system:purchase:list\",\"status\":\"0\"}','{\"msg\":\"æ“ä½œæˆåŠŸ\",\"code\":200}',0,NULL,'2020-05-06 12:54:08'),(75,'èœå•ç®¡ç†',2,'com.ruoyi.project.system.controller.SysMenuController.edit()','PUT',1,'admin',NULL,'/system/menu','127.0.0.1','å†…ç½‘IP','{\"visible\":\"0\",\"icon\":\"shopping\",\"orderNum\":\"4\",\"menuName\":\"é‡‡è´­ç®¡ç†\",\"params\":{},\"parentId\":1,\"path\":\"purchase\",\"component\":\"system/purchase/index\",\"children\":[],\"createTime\":1587716353000,\"updateBy\":\"admin\",\"isFrame\":\"1\",\"menuId\":1066,\"menuType\":\"C\",\"perms\":\"system:purchase:list\",\"status\":\"0\"}','{\"msg\":\"æ“ä½œæˆåŠŸ\",\"code\":200}',0,NULL,'2020-05-06 12:59:18'),(76,'ä»£ç ç”Ÿæˆ',2,'com.ruoyi.project.tool.gen.controller.GenController.editSave()','PUT',1,'admin',NULL,'/tool/gen','127.0.0.1','å†…ç½‘IP','{\"functionAuthor\":\"nuoyi\",\"columns\":[{\"usableColumn\":false,\"columnId\":133,\"isIncrement\":\"1\",\"increment\":true,\"insert\":true,\"dictType\":\"\",\"required\":false,\"superColumn\":false,\"updateBy\":\"\",\"isInsert\":\"1\",\"javaField\":\"id\",\"htmlType\":\"input\",\"edit\":false,\"query\":false,\"columnComment\":\"è¿›è´§ID\",\"sort\":1,\"list\":false,\"params\":{},\"javaType\":\"Long\",\"queryType\":\"EQ\",\"columnType\":\"int(11)\",\"createBy\":\"admin\",\"isPk\":\"1\",\"createTime\":1588740480000,\"tableId\":10,\"pk\":true,\"columnName\":\"id\"},{\"usableColumn\":false,\"columnId\":134,\"isIncrement\":\"0\",\"increment\":false,\"insert\":true,\"isList\":\"1\",\"dictType\":\"\",\"required\":false,\"superColumn\":false,\"updateBy\":\"\",\"isInsert\":\"1\",\"javaField\":\"paytype\",\"htmlType\":\"select\",\"edit\":true,\"query\":true,\"columnComment\":\"æ”¯ä»˜ç±»å‹\",\"isQuery\":\"1\",\"sort\":2,\"list\":true,\"params\":{},\"javaType\":\"String\",\"queryType\":\"EQ\",\"columnType\":\"varchar(255)\",\"createBy\":\"admin\",\"isPk\":\"0\",\"createTime\":1588740480000,\"isEdit\":\"1\",\"tableId\":10,\"pk\":false,\"columnName\":\"paytype\"},{\"usableColumn\":false,\"columnId\":135,\"isIncrement\":\"0\",\"increment\":false,\"insert\":true,\"isList\":\"1\",\"dictType\":\"\",\"required\":false,\"superColumn\":false,\"updateBy\":\"\",\"isInsert\":\"1\",\"javaField\":\"inporttime\",\"htmlType\":\"datetime\",\"edit\":true,\"query\":true,\"columnComment\":\"è¿›è´§æ—¶é—´\",\"isQuery\":\"1\",\"sort\":3,\"list\":true,\"params\":{},\"javaType\":\"Date\",\"queryType\":\"EQ\",\"columnType\":\"datetime\",\"createBy\":\"admin\",\"isPk\":\"0\",\"createTime\":1588740480000,\"isEdit\":\"1\",\"tableId\":10,\"pk\":false,\"columnName\":\"inporttime\"},{\"usableColumn\":false,\"columnId\":136,\"isIncrement\":\"0\",\"increment\":false,\"insert\":true,\"isList\":\"1\",\"dictType\":\"\",\"required\":false,\"superColumn\":false,\"updateBy\":\"\",\"isInsert\":\"1\",\"javaField\":\"operateperson\",\"htmlType\":\"input\",\"edit\":true,\"query\":true,\"columnComment\":\"æ“ä½œå‘˜\",\"isQuery\":\"1\",\"sort\":4,\"list\":true,\"params\":{},\"javaType\":\"String\",\"queryType\":\"EQ\",\"columnType\":\"varchar(255)\",\"createBy\":\"admin\",\"isPk\":\"0\",\"createTime\":1588740480000,\"isEdit\":\"1\",\"tableId\":10,\"pk\":false,\"columnName\":\"operateperson\"},{\"usable','{\"msg\":\"æ“ä½œæˆåŠŸ\",\"code\":200}',0,NULL,'2020-05-06 13:05:24'),(77,'ä»£ç ç”Ÿæˆ',3,'com.ruoyi.project.tool.gen.controller.GenController.remove()','DELETE',1,'admin',NULL,'/tool/gen/10','127.0.0.1','å†…ç½‘IP','{tableIds=10}','{\"msg\":\"æ“ä½œæˆåŠŸ\",\"code\":200}',0,NULL,'2020-05-06 13:05:40'),(78,'ä»£ç ç”Ÿæˆ',6,'com.ruoyi.project.tool.gen.controller.GenController.importTableSave()','POST',1,'admin',NULL,'/tool/gen/importTable','127.0.0.1','å†…ç½‘IP','bus_inport','{\"msg\":\"æ“ä½œæˆåŠŸ\",\"code\":200}',0,NULL,'2020-05-06 13:05:47'),(79,'ä»£ç ç”Ÿæˆ',3,'com.ruoyi.project.tool.gen.controller.GenController.remove()','DELETE',1,'admin',NULL,'/tool/gen/12','127.0.0.1','å†…ç½‘IP','{tableIds=12}','{\"msg\":\"æ“ä½œæˆåŠŸ\",\"code\":200}',0,NULL,'2020-05-06 13:07:37'),(80,'ä»£ç ç”Ÿæˆ',6,'com.ruoyi.project.tool.gen.controller.GenController.importTableSave()','POST',1,'admin',NULL,'/tool/gen/importTable','127.0.0.1','å†…ç½‘IP','bus_inport','{\"msg\":\"æ“ä½œæˆåŠŸ\",\"code\":200}',0,NULL,'2020-05-06 13:07:42'),(81,'ä»£ç ç”Ÿæˆ',2,'com.ruoyi.project.tool.gen.controller.GenController.editSave()','PUT',1,'admin',NULL,'/tool/gen','127.0.0.1','å†…ç½‘IP','{\"functionAuthor\":\"nuoyi\",\"columns\":[{\"usableColumn\":false,\"columnId\":161,\"isIncrement\":\"1\",\"increment\":true,\"insert\":true,\"dictType\":\"\",\"required\":false,\"superColumn\":false,\"updateBy\":\"\",\"isInsert\":\"1\",\"javaField\":\"id\",\"htmlType\":\"input\",\"edit\":false,\"query\":false,\"columnComment\":\"id\",\"sort\":1,\"list\":false,\"params\":{},\"javaType\":\"Long\",\"queryType\":\"EQ\",\"columnType\":\"int(11)\",\"createBy\":\"admin\",\"isPk\":\"1\",\"createTime\":1588741662000,\"tableId\":13,\"pk\":true,\"columnName\":\"id\"},{\"usableColumn\":false,\"columnId\":162,\"isIncrement\":\"0\",\"increment\":false,\"insert\":true,\"isList\":\"1\",\"dictType\":\"\",\"required\":false,\"superColumn\":false,\"updateBy\":\"\",\"isInsert\":\"1\",\"javaField\":\"paytype\",\"htmlType\":\"select\",\"edit\":true,\"query\":false,\"columnComment\":\"æ”¯ä»˜ç±»å‹\",\"sort\":2,\"list\":true,\"params\":{},\"javaType\":\"String\",\"queryType\":\"EQ\",\"columnType\":\"varchar(255)\",\"createBy\":\"admin\",\"isPk\":\"0\",\"createTime\":1588741662000,\"isEdit\":\"1\",\"tableId\":13,\"pk\":false,\"columnName\":\"paytype\"},{\"usableColumn\":false,\"columnId\":163,\"isIncrement\":\"0\",\"increment\":false,\"insert\":true,\"isList\":\"1\",\"dictType\":\"\",\"required\":false,\"superColumn\":false,\"updateBy\":\"\",\"isInsert\":\"1\",\"javaField\":\"inporttime\",\"htmlType\":\"datetime\",\"edit\":true,\"query\":false,\"columnComment\":\"è¿›è´§æ—¶é—´\",\"sort\":3,\"list\":true,\"params\":{},\"javaType\":\"Date\",\"queryType\":\"EQ\",\"columnType\":\"datetime\",\"createBy\":\"admin\",\"isPk\":\"0\",\"createTime\":1588741662000,\"isEdit\":\"1\",\"tableId\":13,\"pk\":false,\"columnName\":\"inporttime\"},{\"usableColumn\":false,\"columnId\":164,\"isIncrement\":\"0\",\"increment\":false,\"insert\":true,\"isList\":\"1\",\"dictType\":\"\",\"required\":false,\"superColumn\":false,\"updateBy\":\"\",\"isInsert\":\"1\",\"javaField\":\"operateperson\",\"htmlType\":\"input\",\"edit\":true,\"query\":false,\"columnComment\":\"æ“ä½œå‘˜\",\"sort\":4,\"list\":true,\"params\":{},\"javaType\":\"String\",\"queryType\":\"EQ\",\"columnType\":\"varchar(255)\",\"createBy\":\"admin\",\"isPk\":\"0\",\"createTime\":1588741662000,\"isEdit\":\"1\",\"tableId\":13,\"pk\":false,\"columnName\":\"operateperson\"},{\"usableColumn\":false,\"columnId\":165,\"isIncrement','{\"msg\":\"æ“ä½œæˆåŠŸ\",\"code\":200}',0,NULL,'2020-05-06 13:09:06'),(82,'ä»£ç ç”Ÿæˆ',2,'com.ruoyi.project.tool.gen.controller.GenController.editSave()','PUT',1,'admin',NULL,'/tool/gen','127.0.0.1','å†…ç½‘IP','{\"functionAuthor\":\"nuoyi\",\"columns\":[{\"usableColumn\":false,\"columnId\":161,\"isIncrement\":\"1\",\"increment\":true,\"insert\":true,\"dictType\":\"\",\"required\":false,\"superColumn\":false,\"updateBy\":\"\",\"isInsert\":\"1\",\"javaField\":\"id\",\"htmlType\":\"input\",\"edit\":false,\"query\":false,\"columnComment\":\"id\",\"updateTime\":1588741746000,\"sort\":1,\"list\":false,\"params\":{},\"javaType\":\"Long\",\"queryType\":\"EQ\",\"columnType\":\"int(11)\",\"createBy\":\"admin\",\"isPk\":\"1\",\"createTime\":1588741662000,\"tableId\":13,\"pk\":true,\"columnName\":\"id\"},{\"usableColumn\":false,\"columnId\":162,\"isIncrement\":\"0\",\"increment\":false,\"insert\":true,\"isList\":\"1\",\"dictType\":\"\",\"required\":false,\"superColumn\":false,\"updateBy\":\"\",\"isInsert\":\"1\",\"javaField\":\"paytype\",\"htmlType\":\"select\",\"edit\":true,\"query\":false,\"columnComment\":\"æ”¯ä»˜ç±»å‹\",\"updateTime\":1588741746000,\"sort\":2,\"list\":true,\"params\":{},\"javaType\":\"String\",\"queryType\":\"EQ\",\"columnType\":\"varchar(255)\",\"createBy\":\"admin\",\"isPk\":\"0\",\"createTime\":1588741662000,\"isEdit\":\"1\",\"tableId\":13,\"pk\":false,\"columnName\":\"paytype\"},{\"usableColumn\":false,\"columnId\":163,\"isIncrement\":\"0\",\"increment\":false,\"insert\":true,\"isList\":\"1\",\"dictType\":\"\",\"required\":false,\"superColumn\":false,\"updateBy\":\"\",\"isInsert\":\"1\",\"javaField\":\"inporttime\",\"htmlType\":\"datetime\",\"edit\":true,\"query\":false,\"columnComment\":\"è¿›è´§æ—¶é—´\",\"updateTime\":1588741746000,\"sort\":3,\"list\":true,\"params\":{},\"javaType\":\"Date\",\"queryType\":\"EQ\",\"columnType\":\"datetime\",\"createBy\":\"admin\",\"isPk\":\"0\",\"createTime\":1588741662000,\"isEdit\":\"1\",\"tableId\":13,\"pk\":false,\"columnName\":\"inporttime\"},{\"usableColumn\":false,\"columnId\":164,\"isIncrement\":\"0\",\"increment\":false,\"insert\":true,\"isList\":\"1\",\"dictType\":\"\",\"required\":false,\"superColumn\":false,\"updateBy\":\"\",\"isInsert\":\"1\",\"javaField\":\"operateperson\",\"htmlType\":\"input\",\"edit\":true,\"query\":false,\"columnComment\":\"æ“ä½œå‘˜\",\"updateTime\":1588741746000,\"sort\":4,\"list\":true,\"params\":{},\"javaType\":\"String\",\"queryType\":\"EQ\",\"columnType\":\"varchar(255)\",\"createBy\":\"admin\",\"isPk\":\"0\",\"createTime\":1588741662000,\"isEdit\"','{\"msg\":\"æ“ä½œæˆåŠŸ\",\"code\":200}',0,NULL,'2020-05-06 13:11:51'),(83,'ä»£ç ç”Ÿæˆ',8,'com.ruoyi.project.tool.gen.controller.GenController.batchGenCode()','GET',1,'admin',NULL,'/tool/gen/batchGenCode','127.0.0.1','å†…ç½‘IP','{}','null',0,NULL,'2020-05-06 13:11:56'),(84,'èœå•ç®¡ç†',2,'com.ruoyi.project.system.controller.SysMenuController.edit()','PUT',1,'admin',NULL,'/system/menu','127.0.0.1','å†…ç½‘IP','{\"visible\":\"0\",\"icon\":\"shopping\",\"orderNum\":\"4\",\"menuName\":\"é‡‡è´­ç®¡ç†\",\"params\":{},\"parentId\":1,\"path\":\"inport\",\"component\":\"system/inport/index\",\"children\":[],\"createTime\":1587716353000,\"updateBy\":\"admin\",\"isFrame\":\"1\",\"menuId\":1066,\"menuType\":\"C\",\"perms\":\"system:inport:list\",\"status\":\"0\"}','{\"msg\":\"æ“ä½œæˆåŠŸ\",\"code\":200}',0,NULL,'2020-05-06 13:16:19'),(85,'å­—å…¸ç±»å‹',1,'com.ruoyi.project.system.controller.SysDictTypeController.add()','POST',1,'admin',NULL,'/system/dict/type','127.0.0.1','å†…ç½‘IP','{\"remark\":\"æ”¯ä»˜ç±»å‹\",\"params\":{},\"dictType\":\"sys_zf_type\",\"createBy\":\"admin\",\"dictName\":\"æ”¯ä»˜ç±»åˆ«\",\"status\":\"0\"}','{\"msg\":\"æ“ä½œæˆåŠŸ\",\"code\":200}',0,NULL,'2020-05-06 20:19:59'),(86,'å­—å…¸æ•°æ®',1,'com.ruoyi.project.system.controller.SysDictDataController.add()','POST',1,'admin',NULL,'/system/dict/data','127.0.0.1','å†…ç½‘IP','{\"dictValue\":\"0\",\"dictSort\":0,\"params\":{},\"dictType\":\"sys_zf_type\",\"dictLabel\":\"å¾®ä¿¡æ”¯ä»˜\",\"createBy\":\"admin\",\"default\":false,\"status\":\"0\"}','{\"msg\":\"æ“ä½œæˆåŠŸ\",\"code\":200}',0,NULL,'2020-05-06 20:20:46'),(87,'å­—å…¸æ•°æ®',1,'com.ruoyi.project.system.controller.SysDictDataController.add()','POST',1,'admin',NULL,'/system/dict/data','127.0.0.1','å†…ç½‘IP','{\"dictValue\":\"1\",\"dictSort\":1,\"params\":{},\"dictType\":\"sys_zf_type\",\"dictLabel\":\"æ”¯ä»˜å®æ”¯ä»˜\",\"createBy\":\"admin\",\"default\":false,\"status\":\"0\"}','{\"msg\":\"æ“ä½œæˆåŠŸ\",\"code\":200}',0,NULL,'2020-05-06 20:20:56'),(88,'ä»£ç ç”Ÿæˆ',2,'com.ruoyi.project.tool.gen.controller.GenController.editSave()','PUT',1,'admin',NULL,'/tool/gen','127.0.0.1','å†…ç½‘IP','{\"functionAuthor\":\"nuoyi\",\"columns\":[{\"usableColumn\":false,\"columnId\":161,\"isIncrement\":\"1\",\"increment\":true,\"insert\":true,\"dictType\":\"\",\"required\":false,\"superColumn\":false,\"updateBy\":\"\",\"isInsert\":\"1\",\"javaField\":\"id\",\"htmlType\":\"input\",\"edit\":false,\"query\":false,\"columnComment\":\"id\",\"updateTime\":1588741911000,\"sort\":1,\"list\":false,\"params\":{},\"javaType\":\"Long\",\"queryType\":\"EQ\",\"columnType\":\"int(11)\",\"createBy\":\"admin\",\"isPk\":\"1\",\"createTime\":1588741662000,\"tableId\":13,\"pk\":true,\"columnName\":\"id\"},{\"usableColumn\":false,\"columnId\":162,\"isIncrement\":\"0\",\"increment\":false,\"insert\":true,\"isList\":\"1\",\"dictType\":\"sys_zf_type\",\"required\":false,\"superColumn\":false,\"updateBy\":\"\",\"isInsert\":\"1\",\"javaField\":\"paytype\",\"htmlType\":\"select\",\"edit\":true,\"query\":false,\"columnComment\":\"æ”¯ä»˜ç±»å‹\",\"updateTime\":1588741911000,\"sort\":2,\"list\":true,\"params\":{},\"javaType\":\"String\",\"queryType\":\"EQ\",\"columnType\":\"varchar(255)\",\"createBy\":\"admin\",\"isPk\":\"0\",\"createTime\":1588741662000,\"isEdit\":\"1\",\"tableId\":13,\"pk\":false,\"columnName\":\"paytype\"},{\"usableColumn\":false,\"columnId\":163,\"isIncrement\":\"0\",\"increment\":false,\"insert\":true,\"isList\":\"1\",\"dictType\":\"\",\"required\":false,\"superColumn\":false,\"updateBy\":\"\",\"isInsert\":\"1\",\"javaField\":\"inporttime\",\"htmlType\":\"datetime\",\"edit\":true,\"query\":false,\"columnComment\":\"è¿›è´§æ—¶é—´\",\"updateTime\":1588741911000,\"sort\":3,\"list\":true,\"params\":{},\"javaType\":\"Date\",\"queryType\":\"EQ\",\"columnType\":\"datetime\",\"createBy\":\"admin\",\"isPk\":\"0\",\"createTime\":1588741662000,\"isEdit\":\"1\",\"tableId\":13,\"pk\":false,\"columnName\":\"inporttime\"},{\"usableColumn\":false,\"columnId\":164,\"isIncrement\":\"0\",\"increment\":false,\"insert\":true,\"isList\":\"1\",\"dictType\":\"\",\"required\":false,\"superColumn\":false,\"updateBy\":\"\",\"isInsert\":\"1\",\"javaField\":\"operateperson\",\"htmlType\":\"input\",\"edit\":true,\"query\":false,\"columnComment\":\"æ“ä½œå‘˜\",\"updateTime\":1588741911000,\"sort\":4,\"list\":true,\"params\":{},\"javaType\":\"String\",\"queryType\":\"EQ\",\"columnType\":\"varchar(255)\",\"createBy\":\"admin\",\"isPk\":\"0\",\"createTime\":15887416620','{\"msg\":\"æ“ä½œæˆåŠŸ\",\"code\":200}',0,NULL,'2020-05-06 20:22:09'),(89,'ä»£ç ç”Ÿæˆ',2,'com.ruoyi.project.tool.gen.controller.GenController.editSave()','PUT',1,'admin',NULL,'/tool/gen','127.0.0.1','å†…ç½‘IP','{\"functionAuthor\":\"nuoyi\",\"columns\":[{\"usableColumn\":false,\"columnId\":161,\"isIncrement\":\"1\",\"increment\":true,\"insert\":true,\"dictType\":\"\",\"required\":false,\"superColumn\":false,\"updateBy\":\"\",\"isInsert\":\"1\",\"javaField\":\"id\",\"htmlType\":\"input\",\"edit\":false,\"query\":false,\"columnComment\":\"id\",\"updateTime\":1588767728000,\"sort\":1,\"list\":false,\"params\":{},\"javaType\":\"Long\",\"queryType\":\"EQ\",\"columnType\":\"int(11)\",\"createBy\":\"admin\",\"isPk\":\"1\",\"createTime\":1588741662000,\"tableId\":13,\"pk\":true,\"columnName\":\"id\"},{\"usableColumn\":false,\"columnId\":162,\"isIncrement\":\"0\",\"increment\":false,\"insert\":true,\"isList\":\"1\",\"dictType\":\"sys_zf_type\",\"required\":false,\"superColumn\":false,\"updateBy\":\"\",\"isInsert\":\"1\",\"javaField\":\"paytype\",\"htmlType\":\"select\",\"edit\":true,\"query\":false,\"columnComment\":\"æ”¯ä»˜ç±»å‹\",\"updateTime\":1588767728000,\"sort\":2,\"list\":true,\"params\":{},\"javaType\":\"String\",\"queryType\":\"EQ\",\"columnType\":\"varchar(255)\",\"createBy\":\"admin\",\"isPk\":\"0\",\"createTime\":1588741662000,\"isEdit\":\"1\",\"tableId\":13,\"pk\":false,\"columnName\":\"paytype\"},{\"usableColumn\":false,\"columnId\":163,\"isIncrement\":\"0\",\"increment\":false,\"insert\":true,\"isList\":\"1\",\"dictType\":\"\",\"required\":false,\"superColumn\":false,\"updateBy\":\"\",\"isInsert\":\"1\",\"javaField\":\"inporttime\",\"htmlType\":\"datetime\",\"edit\":true,\"query\":false,\"columnComment\":\"è¿›è´§æ—¶é—´\",\"updateTime\":1588767728000,\"sort\":3,\"list\":true,\"params\":{},\"javaType\":\"Date\",\"queryType\":\"EQ\",\"columnType\":\"datetime\",\"createBy\":\"admin\",\"isPk\":\"0\",\"createTime\":1588741662000,\"isEdit\":\"1\",\"tableId\":13,\"pk\":false,\"columnName\":\"inporttime\"},{\"usableColumn\":false,\"columnId\":164,\"isIncrement\":\"0\",\"increment\":false,\"insert\":true,\"isList\":\"1\",\"dictType\":\"\",\"required\":false,\"superColumn\":false,\"updateBy\":\"\",\"isInsert\":\"1\",\"javaField\":\"operateperson\",\"htmlType\":\"input\",\"edit\":true,\"query\":false,\"columnComment\":\"æ“ä½œå‘˜\",\"updateTime\":1588767728000,\"sort\":4,\"list\":true,\"params\":{},\"javaType\":\"String\",\"queryType\":\"EQ\",\"columnType\":\"varchar(255)\",\"createBy\":\"admin\",\"isPk\":\"0\",\"createTime\":15887416620','{\"msg\":\"æ“ä½œæˆåŠŸ\",\"code\":200}',0,NULL,'2020-05-06 20:43:35'),(90,'ä»£ç ç”Ÿæˆ',2,'com.ruoyi.project.tool.gen.controller.GenController.editSave()','PUT',1,'admin',NULL,'/tool/gen','127.0.0.1','å†…ç½‘IP','{\"functionAuthor\":\"nuoyi\",\"columns\":[{\"usableColumn\":false,\"columnId\":161,\"isIncrement\":\"1\",\"increment\":true,\"insert\":true,\"dictType\":\"\",\"required\":false,\"superColumn\":false,\"updateBy\":\"\",\"isInsert\":\"1\",\"javaField\":\"id\",\"htmlType\":\"input\",\"edit\":false,\"query\":false,\"columnComment\":\"id\",\"updateTime\":1588769015000,\"sort\":1,\"list\":false,\"params\":{},\"javaType\":\"Long\",\"queryType\":\"EQ\",\"columnType\":\"int(11)\",\"createBy\":\"admin\",\"isPk\":\"1\",\"createTime\":1588741662000,\"tableId\":13,\"pk\":true,\"columnName\":\"id\"},{\"usableColumn\":false,\"columnId\":162,\"isIncrement\":\"0\",\"increment\":false,\"insert\":true,\"isList\":\"1\",\"dictType\":\"sys_zf_type\",\"required\":false,\"superColumn\":false,\"updateBy\":\"\",\"isInsert\":\"1\",\"javaField\":\"paytype\",\"htmlType\":\"select\",\"edit\":true,\"query\":false,\"columnComment\":\"æ”¯ä»˜ç±»å‹\",\"updateTime\":1588769015000,\"sort\":2,\"list\":true,\"params\":{},\"javaType\":\"String\",\"queryType\":\"EQ\",\"columnType\":\"varchar(255)\",\"createBy\":\"admin\",\"isPk\":\"0\",\"createTime\":1588741662000,\"isEdit\":\"1\",\"tableId\":13,\"pk\":false,\"columnName\":\"paytype\"},{\"usableColumn\":false,\"columnId\":163,\"isIncrement\":\"0\",\"increment\":false,\"insert\":true,\"isList\":\"1\",\"dictType\":\"\",\"required\":false,\"superColumn\":false,\"updateBy\":\"\",\"isInsert\":\"1\",\"javaField\":\"inporttime\",\"htmlType\":\"datetime\",\"edit\":true,\"query\":false,\"columnComment\":\"è¿›è´§æ—¶é—´\",\"updateTime\":1588769015000,\"sort\":3,\"list\":true,\"params\":{},\"javaType\":\"Date\",\"queryType\":\"EQ\",\"columnType\":\"datetime\",\"createBy\":\"admin\",\"isPk\":\"0\",\"createTime\":1588741662000,\"isEdit\":\"1\",\"tableId\":13,\"pk\":false,\"columnName\":\"inporttime\"},{\"usableColumn\":false,\"columnId\":164,\"isIncrement\":\"0\",\"increment\":false,\"insert\":true,\"isList\":\"1\",\"dictType\":\"\",\"required\":false,\"superColumn\":false,\"updateBy\":\"\",\"isInsert\":\"1\",\"javaField\":\"operateperson\",\"htmlType\":\"input\",\"edit\":true,\"query\":false,\"columnComment\":\"æ“ä½œå‘˜\",\"updateTime\":1588769015000,\"sort\":4,\"list\":true,\"params\":{},\"javaType\":\"String\",\"queryType\":\"EQ\",\"columnType\":\"varchar(255)\",\"createBy\":\"admin\",\"isPk\":\"0\",\"createTime\":15887416620','{\"msg\":\"æ“ä½œæˆåŠŸ\",\"code\":200}',0,NULL,'2020-05-06 20:44:54'),(91,'ä»£ç ç”Ÿæˆ',3,'com.ruoyi.project.tool.gen.controller.GenController.remove()','DELETE',1,'admin',NULL,'/tool/gen/13','127.0.0.1','å†…ç½‘IP','{tableIds=13}','{\"msg\":\"æ“ä½œæˆåŠŸ\",\"code\":200}',0,NULL,'2020-05-07 10:08:10'),(92,'ä»£ç ç”Ÿæˆ',6,'com.ruoyi.project.tool.gen.controller.GenController.importTableSave()','POST',1,'admin',NULL,'/tool/gen/importTable','127.0.0.1','å†…ç½‘IP','bus_inport','{\"msg\":\"æ“ä½œæˆåŠŸ\",\"code\":200}',0,NULL,'2020-05-07 10:08:16'),(93,'ä»£ç ç”Ÿæˆ',2,'com.ruoyi.project.tool.gen.controller.GenController.editSave()','PUT',1,'admin',NULL,'/tool/gen','127.0.0.1','å†…ç½‘IP','{\"functionAuthor\":\"nuoyi\",\"columns\":[{\"usableColumn\":false,\"columnId\":171,\"isIncrement\":\"1\",\"increment\":true,\"insert\":true,\"dictType\":\"\",\"required\":false,\"superColumn\":false,\"updateBy\":\"\",\"isInsert\":\"1\",\"javaField\":\"id\",\"htmlType\":\"input\",\"edit\":false,\"query\":false,\"columnComment\":\"id\",\"sort\":1,\"list\":false,\"params\":{},\"javaType\":\"Long\",\"queryType\":\"EQ\",\"columnType\":\"int(11)\",\"createBy\":\"admin\",\"isPk\":\"1\",\"createTime\":1588817296000,\"tableId\":14,\"pk\":true,\"columnName\":\"id\"},{\"usableColumn\":false,\"columnId\":172,\"isIncrement\":\"0\",\"increment\":false,\"insert\":true,\"isList\":\"1\",\"dictType\":\"sys_zf_type\",\"required\":false,\"superColumn\":false,\"updateBy\":\"\",\"isInsert\":\"1\",\"javaField\":\"paytype\",\"htmlType\":\"select\",\"edit\":true,\"query\":true,\"columnComment\":\"æ”¯ä»˜ç±»å‹\",\"isQuery\":\"1\",\"sort\":2,\"list\":true,\"params\":{},\"javaType\":\"String\",\"queryType\":\"EQ\",\"columnType\":\"varchar(255)\",\"createBy\":\"admin\",\"isPk\":\"0\",\"createTime\":1588817296000,\"isEdit\":\"1\",\"tableId\":14,\"pk\":false,\"columnName\":\"paytype\"},{\"usableColumn\":false,\"columnId\":173,\"isIncrement\":\"0\",\"increment\":false,\"insert\":true,\"isList\":\"1\",\"dictType\":\"\",\"required\":false,\"superColumn\":false,\"updateBy\":\"\",\"isInsert\":\"1\",\"javaField\":\"inporttime\",\"htmlType\":\"datetime\",\"edit\":true,\"query\":true,\"columnComment\":\"è¿›è´§æ—¶é—´\",\"isQuery\":\"1\",\"sort\":3,\"list\":true,\"params\":{},\"javaType\":\"Date\",\"queryType\":\"EQ\",\"columnType\":\"datetime\",\"createBy\":\"admin\",\"isPk\":\"0\",\"createTime\":1588817296000,\"isEdit\":\"1\",\"tableId\":14,\"pk\":false,\"columnName\":\"inporttime\"},{\"usableColumn\":false,\"columnId\":174,\"isIncrement\":\"0\",\"increment\":false,\"insert\":true,\"isList\":\"1\",\"dictType\":\"\",\"required\":false,\"superColumn\":false,\"updateBy\":\"\",\"isInsert\":\"1\",\"javaField\":\"operateperson\",\"htmlType\":\"input\",\"edit\":true,\"query\":false,\"columnComment\":\"æ“ä½œå‘˜\",\"sort\":4,\"list\":true,\"params\":{},\"javaType\":\"String\",\"queryType\":\"EQ\",\"columnType\":\"varchar(255)\",\"createBy\":\"admin\",\"isPk\":\"0\",\"createTime\":1588817296000,\"isEdit\":\"1\",\"tableId\":14,\"pk\":false,\"columnName\":\"operateperson\"},{\"usableColu','{\"msg\":\"æ“ä½œæˆåŠŸ\",\"code\":200}',0,NULL,'2020-05-07 10:14:02'),(94,'ä»£ç ç”Ÿæˆ',8,'com.ruoyi.project.tool.gen.controller.GenController.batchGenCode()','GET',1,'admin',NULL,'/tool/gen/batchGenCode','127.0.0.1','å†…ç½‘IP','{}','null',0,NULL,'2020-05-07 10:14:10'),(95,'é‡‡è´­ç®¡ç†',2,'com.ruoyi.project.system.controller.BusInportController.edit()','PUT',1,'admin',NULL,'/system/inport','127.0.0.1','å†…ç½‘IP','{\"inportprice\":3.5,\"goodsid\":1,\"remark\":\"å¤‡æ³¨\",\"inporttime\":1525622400000,\"params\":{},\"number\":100,\"providerid\":1,\"id\":1,\"paytype\":\"å¾®ä¿¡\",\"operateperson\":\"å¼ ä¸‰\"}','{\"msg\":\"æ“ä½œæˆåŠŸ\",\"code\":200}',0,NULL,'2020-05-07 10:38:50'),(96,'é‡‡è´­ç®¡ç†',2,'com.ruoyi.project.system.controller.BusInportController.edit()','PUT',1,'admin',NULL,'/system/inport','127.0.0.1','å†…ç½‘IP','{\"inportprice\":21.0,\"goodsid\":3,\"remark\":\"21\",\"inporttime\":1537113600000,\"params\":{},\"number\":21,\"providerid\":1,\"id\":11,\"paytype\":\"æ”¯ä»˜å®\",\"operateperson\":\"è¶…çº§ç®¡ç†å‘˜\"}','{\"msg\":\"æ“ä½œæˆåŠŸ\",\"code\":200}',0,NULL,'2020-05-07 10:39:23'),(97,'é‡‡è´­ç®¡ç†',2,'com.ruoyi.project.system.controller.BusInportController.edit()','PUT',1,'admin',NULL,'/system/inport','127.0.0.1','å†…ç½‘IP','{\"inportprice\":3.5,\"goodsid\":1,\"remark\":\"å¤‡æ³¨\",\"inporttime\":1525622400000,\"params\":{},\"number\":100,\"providerid\":1,\"id\":1,\"paytype\":\"1\",\"operateperson\":\"å¼ ä¸‰\"}','{\"msg\":\"æ“ä½œæˆåŠŸ\",\"code\":200}',0,NULL,'2020-05-07 10:39:56'),(98,'èœå•ç®¡ç†',2,'com.ruoyi.project.system.controller.SysMenuController.edit()','PUT',1,'admin',NULL,'/system/menu','127.0.0.1','å†…ç½‘IP','{\"visible\":\"1\",\"icon\":\"code\",\"orderNum\":\"2\",\"menuName\":\"ä»£ç ç”Ÿæˆ\",\"params\":{},\"parentId\":3,\"path\":\"gen\",\"component\":\"tool/gen/index\",\"children\":[],\"createTime\":1521171180000,\"updateBy\":\"admin\",\"isFrame\":\"1\",\"menuId\":114,\"menuType\":\"C\",\"perms\":\"tool:gen:list\",\"status\":\"0\"}','{\"msg\":\"æ“ä½œæˆåŠŸ\",\"code\":200}',0,NULL,'2020-05-07 11:30:22'),(99,'èœå•ç®¡ç†',2,'com.ruoyi.project.system.controller.SysMenuController.edit()','PUT',1,'admin',NULL,'/system/menu','127.0.0.1','å†…ç½‘IP','{\"visible\":\"0\",\"icon\":\"code\",\"orderNum\":\"2\",\"menuName\":\"ä»£ç ç”Ÿæˆ\",\"params\":{},\"parentId\":3,\"path\":\"gen\",\"component\":\"tool/gen/index\",\"children\":[],\"createTime\":1521171180000,\"updateBy\":\"admin\",\"isFrame\":\"1\",\"menuId\":114,\"menuType\":\"C\",\"perms\":\"tool:gen:list\",\"status\":\"0\"}','{\"msg\":\"æ“ä½œæˆåŠŸ\",\"code\":200}',0,NULL,'2020-05-07 11:30:39'),(100,'èœå•ç®¡ç†',2,'com.ruoyi.project.system.controller.SysMenuController.edit()','PUT',1,'admin',NULL,'/system/menu','127.0.0.1','å†…ç½‘IP','{\"visible\":\"1\",\"icon\":\"edit\",\"orderNum\":\"7\",\"menuName\":\"å‚æ•°è®¾ç½®\",\"params\":{},\"parentId\":1,\"path\":\"config\",\"component\":\"system/config/index\",\"children\":[],\"createTime\":1521171180000,\"updateBy\":\"admin\",\"isFrame\":\"1\",\"menuId\":106,\"menuType\":\"C\",\"perms\":\"system:config:list\",\"status\":\"0\"}','{\"msg\":\"æ“ä½œæˆåŠŸ\",\"code\":200}',0,NULL,'2020-05-07 11:53:05'),(101,'ä»£ç ç”Ÿæˆ',3,'com.ruoyi.project.tool.gen.controller.GenController.remove()','DELETE',1,'admin',NULL,'/tool/gen/11','127.0.0.1','å†…ç½‘IP','{tableIds=11}','{\"msg\":\"æ“ä½œæˆåŠŸ\",\"code\":200}',0,NULL,'2020-05-07 11:55:53'),(102,'ä»£ç ç”Ÿæˆ',6,'com.ruoyi.project.tool.gen.controller.GenController.importTableSave()','POST',1,'admin',NULL,'/tool/gen/importTable','127.0.0.1','å†…ç½‘IP','bus_outport','{\"msg\":\"æ“ä½œæˆåŠŸ\",\"code\":200}',0,NULL,'2020-05-07 11:55:57'),(103,'ä»£ç ç”Ÿæˆ',2,'com.ruoyi.project.tool.gen.controller.GenController.editSave()','PUT',1,'admin',NULL,'/tool/gen','127.0.0.1','å†…ç½‘IP','{\"functionAuthor\":\"nuoyi\",\"columns\":[{\"usableColumn\":false,\"columnId\":180,\"isIncrement\":\"1\",\"increment\":true,\"insert\":true,\"dictType\":\"\",\"required\":false,\"superColumn\":false,\"updateBy\":\"\",\"isInsert\":\"1\",\"javaField\":\"id\",\"htmlType\":\"input\",\"edit\":false,\"query\":false,\"columnComment\":\"id\",\"sort\":1,\"list\":false,\"params\":{},\"javaType\":\"Long\",\"queryType\":\"EQ\",\"columnType\":\"int(11)\",\"createBy\":\"admin\",\"isPk\":\"1\",\"createTime\":1588823757000,\"tableId\":15,\"pk\":true,\"columnName\":\"id\"},{\"usableColumn\":false,\"columnId\":181,\"isIncrement\":\"0\",\"increment\":false,\"insert\":true,\"isList\":\"1\",\"dictType\":\"\",\"required\":false,\"superColumn\":false,\"updateBy\":\"\",\"isInsert\":\"1\",\"javaField\":\"providerid\",\"htmlType\":\"select\",\"edit\":false,\"query\":true,\"columnComment\":\"ä¾›åº”å•†\",\"isQuery\":\"1\",\"sort\":2,\"list\":true,\"params\":{},\"javaType\":\"Long\",\"queryType\":\"LIKE\",\"columnType\":\"int(11)\",\"createBy\":\"admin\",\"isPk\":\"0\",\"createTime\":1588823757000,\"tableId\":15,\"pk\":false,\"columnName\":\"providerid\"},{\"usableColumn\":false,\"columnId\":182,\"isIncrement\":\"0\",\"increment\":false,\"insert\":true,\"isList\":\"1\",\"dictType\":\"sys_zf_type\",\"required\":false,\"superColumn\":false,\"updateBy\":\"\",\"isInsert\":\"1\",\"javaField\":\"paytype\",\"htmlType\":\"select\",\"edit\":true,\"query\":false,\"columnComment\":\"æ”¯ä»˜ç±»å‹\",\"sort\":3,\"list\":true,\"params\":{},\"javaType\":\"String\",\"queryType\":\"EQ\",\"columnType\":\"varchar(255)\",\"createBy\":\"admin\",\"isPk\":\"0\",\"createTime\":1588823757000,\"isEdit\":\"1\",\"tableId\":15,\"pk\":false,\"columnName\":\"paytype\"},{\"usableColumn\":false,\"columnId\":183,\"isIncrement\":\"0\",\"increment\":false,\"insert\":true,\"isList\":\"1\",\"dictType\":\"\",\"required\":false,\"superColumn\":false,\"updateBy\":\"\",\"isInsert\":\"1\",\"javaField\":\"outputtime\",\"htmlType\":\"datetime\",\"edit\":true,\"query\":true,\"columnComment\":\"é€€è´§æ—¶é—´\",\"isQuery\":\"1\",\"sort\":4,\"list\":true,\"params\":{},\"javaType\":\"Date\",\"queryType\":\"EQ\",\"columnType\":\"datetime\",\"createBy\":\"admin\",\"isPk\":\"0\",\"createTime\":1588823757000,\"isEdit\":\"1\",\"tableId\":15,\"pk\":false,\"columnName\":\"outputtime\"},{\"usableColumn\":false,\"columnId\":1','{\"msg\":\"æ“ä½œæˆåŠŸ\",\"code\":200}',0,NULL,'2020-05-07 11:58:30'),(104,'ä»£ç ç”Ÿæˆ',8,'com.ruoyi.project.tool.gen.controller.GenController.batchGenCode()','GET',1,'admin',NULL,'/tool/gen/batchGenCode','127.0.0.1','å†…ç½‘IP','{}','null',0,NULL,'2020-05-07 11:58:41'),(105,'èœå•ç®¡ç†',1,'com.ruoyi.project.system.controller.SysMenuController.add()','POST',1,'admin',NULL,'/system/menu','127.0.0.1','å†…ç½‘IP','{\"visible\":\"0\",\"icon\":\"shopping\",\"orderNum\":\"6\",\"menuName\":\"å‡ºåº“ç®¡ç†\",\"params\":{},\"parentId\":1,\"path\":\"outport\",\"component\":\"system/outport/index\",\"createBy\":\"admin\",\"children\":[],\"isFrame\":\"1\",\"menuType\":\"C\",\"perms\":\"system:outport:list\",\"status\":\"0\"}','{\"msg\":\"æ“ä½œæˆåŠŸ\",\"code\":200}',0,NULL,'2020-05-07 12:03:06'),(106,'èœå•ç®¡ç†',2,'com.ruoyi.project.system.controller.SysMenuController.edit()','PUT',1,'admin',NULL,'/system/menu','127.0.0.1','å†…ç½‘IP','{\"visible\":\"0\",\"icon\":\"shopping\",\"orderNum\":\"4\",\"menuName\":\"é‡‡è´­ä¸å…¥åº“ç®¡ç†\",\"params\":{},\"parentId\":1,\"path\":\"inport\",\"component\":\"system/inport/index\",\"children\":[],\"createTime\":1587716353000,\"updateBy\":\"admin\",\"isFrame\":\"1\",\"menuId\":1066,\"menuType\":\"C\",\"perms\":\"system:inport:list\",\"status\":\"0\"}','{\"msg\":\"æ“ä½œæˆåŠŸ\",\"code\":200}',0,NULL,'2020-05-07 12:16:49'),(107,'èœå•ç®¡ç†',2,'com.ruoyi.project.system.controller.SysMenuController.edit()','PUT',1,'admin',NULL,'/system/menu','127.0.0.1','å†…ç½‘IP','{\"visible\":\"0\",\"icon\":\"shopping\",\"orderNum\":\"4\",\"menuName\":\"é‡‡è´­ä¸å…¥åº“\",\"params\":{},\"parentId\":1,\"path\":\"inport\",\"component\":\"system/inport/index\",\"children\":[],\"createTime\":1587716353000,\"updateBy\":\"admin\",\"isFrame\":\"1\",\"menuId\":1066,\"menuType\":\"C\",\"perms\":\"system:inport:list\",\"status\":\"0\"}','{\"msg\":\"æ“ä½œæˆåŠŸ\",\"code\":200}',0,NULL,'2020-05-07 12:17:08'),(108,'ä»£ç ç”Ÿæˆ',6,'com.ruoyi.project.tool.gen.controller.GenController.importTableSave()','POST',1,'admin',NULL,'/tool/gen/importTable','127.0.0.1','å†…ç½‘IP','bus_delivery','{\"msg\":\"æ“ä½œæˆåŠŸ\",\"code\":200}',0,NULL,'2020-05-07 12:26:48'),(109,'ä»£ç ç”Ÿæˆ',2,'com.ruoyi.project.tool.gen.controller.GenController.editSave()','PUT',1,'admin',NULL,'/tool/gen','127.0.0.1','å†…ç½‘IP','{\"functionAuthor\":\"nuoyi\",\"columns\":[{\"usableColumn\":false,\"columnId\":189,\"isIncrement\":\"0\",\"increment\":false,\"insert\":true,\"dictType\":\"\",\"required\":false,\"superColumn\":false,\"updateBy\":\"\",\"isInsert\":\"1\",\"javaField\":\"id\",\"htmlType\":\"input\",\"edit\":false,\"query\":false,\"columnComment\":\"id\",\"sort\":1,\"list\":false,\"params\":{},\"javaType\":\"Long\",\"queryType\":\"EQ\",\"columnType\":\"int(11)\",\"createBy\":\"admin\",\"isPk\":\"1\",\"createTime\":1588825608000,\"tableId\":16,\"pk\":true,\"columnName\":\"id\"},{\"usableColumn\":false,\"columnId\":190,\"isIncrement\":\"0\",\"increment\":false,\"insert\":true,\"isList\":\"1\",\"dictType\":\"\",\"required\":false,\"superColumn\":false,\"updateBy\":\"\",\"isInsert\":\"1\",\"javaField\":\"goodsid\",\"htmlType\":\"select\",\"edit\":true,\"query\":true,\"columnComment\":\"å•†å“\",\"isQuery\":\"1\",\"sort\":2,\"list\":true,\"params\":{},\"javaType\":\"Long\",\"queryType\":\"EQ\",\"columnType\":\"int(11)\",\"createBy\":\"admin\",\"isPk\":\"0\",\"createTime\":1588825608000,\"isEdit\":\"1\",\"tableId\":16,\"pk\":false,\"columnName\":\"goodsid\"},{\"usableColumn\":false,\"columnId\":191,\"isIncrement\":\"0\",\"increment\":false,\"insert\":true,\"isList\":\"1\",\"dictType\":\"\",\"required\":false,\"superColumn\":false,\"updateBy\":\"\",\"isInsert\":\"1\",\"javaField\":\"deliveryTime\",\"htmlType\":\"datetime\",\"edit\":true,\"query\":true,\"columnComment\":\"é…é€æ—¶é—´\",\"isQuery\":\"1\",\"sort\":3,\"list\":true,\"params\":{},\"javaType\":\"Date\",\"queryType\":\"EQ\",\"columnType\":\"datetime\",\"createBy\":\"admin\",\"isPk\":\"0\",\"createTime\":1588825608000,\"isEdit\":\"1\",\"tableId\":16,\"pk\":false,\"columnName\":\"delivery_time\"},{\"usableColumn\":false,\"columnId\":192,\"isIncrement\":\"0\",\"increment\":false,\"insert\":true,\"isList\":\"1\",\"dictType\":\"\",\"required\":false,\"superColumn\":false,\"updateBy\":\"\",\"isInsert\":\"1\",\"javaField\":\"deliveryPerson\",\"htmlType\":\"input\",\"edit\":true,\"query\":true,\"columnComment\":\"é…é€äººå‘˜\",\"isQuery\":\"1\",\"sort\":4,\"list\":true,\"params\":{},\"javaType\":\"String\",\"queryType\":\"EQ\",\"columnType\":\"varchar(30)\",\"createBy\":\"admin\",\"isPk\":\"0\",\"createTime\":1588825608000,\"isEdit\":\"1\",\"tableId\":16,\"pk\":false,\"columnName\":\"delivery_person\"},{\"usableCo','{\"msg\":\"æ“ä½œæˆåŠŸ\",\"code\":200}',0,NULL,'2020-05-07 12:27:32'),(110,'ä»£ç ç”Ÿæˆ',8,'com.ruoyi.project.tool.gen.controller.GenController.batchGenCode()','GET',1,'admin',NULL,'/tool/gen/batchGenCode','127.0.0.1','å†…ç½‘IP','{}','null',0,NULL,'2020-05-07 12:27:37'),(111,'èœå•ç®¡ç†',1,'com.ruoyi.project.system.controller.SysMenuController.add()','POST',1,'admin',NULL,'/system/menu','127.0.0.1','å†…ç½‘IP','{\"visible\":\"0\",\"icon\":\"drag\",\"orderNum\":\"6\",\"menuName\":\"é…é€ä¸è¿è¾“\",\"params\":{},\"parentId\":1,\"path\":\"delivery\",\"component\":\"system/delivery/index\",\"createBy\":\"admin\",\"children\":[],\"isFrame\":\"1\",\"menuType\":\"C\",\"perms\":\"system:delivery:list\",\"status\":\"0\"}','{\"msg\":\"æ“ä½œæˆåŠŸ\",\"code\":200}',0,NULL,'2020-05-07 12:32:17'),(112,'èœå•ç®¡ç†',1,'com.ruoyi.project.system.controller.SysMenuController.add()','POST',1,'admin',NULL,'/system/menu','127.0.0.1','å†…ç½‘IP','{\"visible\":\"0\",\"icon\":\"search\",\"orderNum\":\"6\",\"menuName\":\"å•æ®æŸ¥è¯¢\",\"params\":{},\"parentId\":1,\"path\":\"shippingDoc\",\"component\":\"system/shippingDoc/index\",\"createBy\":\"admin\",\"children\":[],\"isFrame\":\"1\",\"menuType\":\"C\",\"perms\":\"system:shippingDoc:list\",\"status\":\"0\"}','{\"msg\":\"æ“ä½œæˆåŠŸ\",\"code\":200}',0,NULL,'2020-05-07 13:16:34'),(113,'ä»£ç ç”Ÿæˆ',6,'com.ruoyi.project.tool.gen.controller.GenController.importTableSave()','POST',1,'admin',NULL,'/tool/gen/importTable','127.0.0.1','å†…ç½‘IP','shippingdoc','{\"msg\":\"æ“ä½œæˆåŠŸ\",\"code\":200}',0,NULL,'2020-05-07 13:28:26'),(114,'ä»£ç ç”Ÿæˆ',2,'com.ruoyi.project.tool.gen.controller.GenController.editSave()','PUT',1,'admin',NULL,'/tool/gen','127.0.0.1','å†…ç½‘IP','{\"functionAuthor\":\"nuoyi\",\"columns\":[{\"usableColumn\":false,\"columnId\":195,\"isIncrement\":\"1\",\"increment\":true,\"insert\":false,\"dictType\":\"\",\"required\":false,\"superColumn\":false,\"updateBy\":\"\",\"javaField\":\"id\",\"htmlType\":\"input\",\"edit\":false,\"query\":false,\"columnComment\":\"id\",\"sort\":1,\"list\":false,\"params\":{},\"javaType\":\"Long\",\"queryType\":\"EQ\",\"columnType\":\"int(11)\",\"createBy\":\"admin\",\"isPk\":\"1\",\"createTime\":1588829306000,\"tableId\":17,\"pk\":true,\"columnName\":\"id\"},{\"usableColumn\":false,\"columnId\":196,\"isIncrement\":\"0\",\"increment\":false,\"insert\":false,\"isList\":\"1\",\"dictType\":\"\",\"required\":false,\"superColumn\":false,\"updateBy\":\"\",\"javaField\":\"goodsid\",\"htmlType\":\"input\",\"edit\":false,\"query\":true,\"columnComment\":\"å•†å“\",\"isQuery\":\"1\",\"sort\":2,\"list\":true,\"params\":{},\"javaType\":\"Long\",\"queryType\":\"EQ\",\"columnType\":\"int(11)\",\"createBy\":\"admin\",\"isPk\":\"0\",\"createTime\":1588829306000,\"tableId\":17,\"pk\":false,\"columnName\":\"goodsid\"},{\"usableColumn\":false,\"columnId\":197,\"isIncrement\":\"0\",\"increment\":false,\"insert\":false,\"isList\":\"1\",\"dictType\":\"\",\"required\":false,\"superColumn\":false,\"updateBy\":\"\",\"javaField\":\"shippingTime\",\"htmlType\":\"datetime\",\"edit\":false,\"query\":true,\"columnComment\":\"åˆ°è´§æ—¶é—´\",\"isQuery\":\"1\",\"sort\":3,\"list\":true,\"params\":{},\"javaType\":\"Date\",\"queryType\":\"EQ\",\"columnType\":\"datetime\",\"createBy\":\"admin\",\"isPk\":\"0\",\"createTime\":1588829306000,\"tableId\":17,\"pk\":false,\"columnName\":\"shipping_time\"},{\"usableColumn\":false,\"columnId\":198,\"isIncrement\":\"0\",\"increment\":false,\"insert\":false,\"isList\":\"1\",\"dictType\":\"\",\"required\":false,\"superColumn\":false,\"updateBy\":\"\",\"javaField\":\"cgy\",\"htmlType\":\"input\",\"edit\":false,\"query\":false,\"columnComment\":\"ä»“ç®¡å‘˜\",\"sort\":4,\"list\":true,\"params\":{},\"javaType\":\"String\",\"queryType\":\"EQ\",\"columnType\":\"varchar(20)\",\"createBy\":\"admin\",\"isPk\":\"0\",\"createTime\":1588829306000,\"tableId\":17,\"pk\":false,\"columnName\":\"cgy\"},{\"usableColumn\":false,\"columnId\":199,\"isIncrement\":\"0\",\"increment\":false,\"insert\":false,\"isList\":\"1\",\"dictType\":\"\",\"required\":false,\"superCol','{\"msg\":\"æ“ä½œæˆåŠŸ\",\"code\":200}',0,NULL,'2020-05-07 13:31:26'),(115,'ä»£ç ç”Ÿæˆ',8,'com.ruoyi.project.tool.gen.controller.GenController.batchGenCode()','GET',1,'admin',NULL,'/tool/gen/batchGenCode','127.0.0.1','å†…ç½‘IP','{}','null',0,NULL,'2020-05-07 13:31:33'),(116,'èœå•ç®¡ç†',2,'com.ruoyi.project.system.controller.SysMenuController.edit()','PUT',1,'admin',NULL,'/system/menu','127.0.0.1','å†…ç½‘IP','{\"visible\":\"0\",\"icon\":\"search\",\"orderNum\":\"6\",\"menuName\":\"å•æ®æŸ¥è¯¢\",\"params\":{},\"parentId\":1,\"path\":\"shippingdoc\",\"component\":\"system/shippingdoc/index\",\"children\":[],\"createTime\":1588828594000,\"updateBy\":\"admin\",\"isFrame\":\"1\",\"menuId\":1070,\"menuType\":\"C\",\"perms\":\"system:shippingdoc:list\",\"status\":\"0\"}','{\"msg\":\"æ“ä½œæˆåŠŸ\",\"code\":200}',0,NULL,'2020-05-07 13:35:43'),(117,'å•†å“',1,'com.ruoyi.project.system.controller.BusGoodsController.add()','POST',1,'admin',NULL,'/system/goods','127.0.0.1','å†…ç½‘IP','{\"params\":{}}','null',1,'\r\n### Error updating database.  Cause: java.sql.SQLSyntaxErrorException: You have an error in your SQL syntax; check the manual that corresponds to your MySQL server version for the right syntax to use near \'\' at line 1\r\n### The error may involve com.ruoyi.project.system.mapper.BusGoodsMapper.insertBusGoods-Inline\r\n### The error occurred while setting parameters\r\n### SQL: insert into bus_goods\r\n### Cause: java.sql.SQLSyntaxErrorException: You have an error in your SQL syntax; check the manual that corresponds to your MySQL server version for the right syntax to use near \'\' at line 1\n; bad SQL grammar []; nested exception is java.sql.SQLSyntaxErrorException: You have an error in your SQL syntax; check the manual that corresponds to your MySQL server version for the right syntax to use near \'\' at line 1','2020-05-07 22:04:08'),(118,'é‡‡è´­ç®¡ç†',1,'com.ruoyi.project.system.controller.BusInportController.add()','POST',1,'admin',NULL,'/system/inport','127.0.0.1','å†…ç½‘IP','{\"inportprice\":33.0,\"inporttime\":1589385600000,\"params\":{},\"number\":22,\"id\":14,\"paytype\":\"0\"}','{\"msg\":\"æ“ä½œæˆåŠŸ\",\"code\":200}',0,NULL,'2020-05-07 22:07:30'),(119,'é‡‡è´­ç®¡ç†',1,'com.ruoyi.project.system.controller.BusInportController.add()','POST',1,'admin',NULL,'/system/inport','127.0.0.1','å†…ç½‘IP','{\"inportprice\":44.0,\"inporttime\":1588521600000,\"params\":{},\"number\":33,\"id\":15,\"paytype\":\"0\",\"operateperson\":\"dd\"}','{\"msg\":\"æ“ä½œæˆåŠŸ\",\"code\":200}',0,NULL,'2020-05-07 22:08:52'),(120,'å•†å“',2,'com.ruoyi.project.system.controller.BusGoodsController.edit()','PUT',1,'admin',NULL,'/system/goods','127.0.0.1','å†…ç½‘IP','{\"dangernum\":10,\"productcode\":\"PH12345\",\"available\":1,\"description\":\"å°å­©å­éƒ½çˆ±çš„\",\"goodsname\":\"å¨ƒå“ˆå“ˆ\",\"number\":489,\"price\":2.0,\"id\":1,\"goodsimg\":\"2018-12-25/userface1.jpg\",\"produceplace\":\"æ­¦æ±‰\",\"params\":{},\"goodspackage\":\"ç“¶\",\"size\":\"120ML\",\"providerid\":3,\"promitcode\":\"PZ1234\"}','{\"msg\":\"æ“ä½œæˆåŠŸ\",\"code\":200}',0,NULL,'2020-05-09 10:50:24'),(121,'å•†å“',2,'com.ruoyi.project.system.controller.BusGoodsController.edit()','PUT',1,'admin',NULL,'/system/goods','127.0.0.1','å†…ç½‘IP','{\"dangernum\":10,\"productcode\":\"PH12345\",\"available\":1,\"description\":\"å°å­©å­éƒ½çˆ±çš„\",\"goodsname\":\"å¨ƒå“ˆå“ˆ\",\"number\":489,\"price\":2.0,\"id\":1,\"goodsimg\":\"2018-12-25/userface1.jpg\",\"produceplace\":\"æ­¦æ±‰\",\"params\":{},\"goodspackage\":\"ç“¶\",\"size\":\"120ML\",\"providerid\":3,\"promitcode\":\"PZ1234\"}','{\"msg\":\"æ“ä½œæˆåŠŸ\",\"code\":200}',0,NULL,'2020-05-09 10:50:48'),(122,'ç”¨æˆ·ç®¡ç†',2,'com.ruoyi.project.system.controller.SysUserController.edit()','PUT',1,'admin',NULL,'/system/user','127.0.0.1','å†…ç½‘IP','{\"roles\":[{\"flag\":false,\"roleId\":2,\"admin\":false,\"dataScope\":\"2\",\"params\":{},\"roleSort\":\"2\",\"roleKey\":\"common\",\"roleName\":\"æ™®é€šè§’è‰²\",\"status\":\"0\"}],\"phonenumber\":\"18981722787\",\"admin\":false,\"delFlag\":\"0\",\"password\":\"\",\"updateBy\":\"admin\",\"postIds\":[3],\"loginIp\":\"\",\"email\":\"331887602@qq.com\",\"nickName\":\"mmy\",\"sex\":\"0\",\"deptId\":100,\"avatar\":\"\",\"dept\":{\"deptName\":\"é¡ºä¸°å¿«é€’\",\"leader\":\"è‹¥ä¾\",\"deptId\":100,\"orderNum\":\"0\",\"params\":{},\"parentId\":0,\"children\":[],\"status\":\"0\"},\"params\":{},\"userName\":\"mmy\",\"userId\":3,\"createBy\":\"admin\",\"roleIds\":[2],\"createTime\":1587538046000,\"status\":\"0\"}','{\"msg\":\"æ“ä½œæˆåŠŸ\",\"code\":200}',0,NULL,'2020-05-09 10:51:30'),(123,'å•†å“',2,'com.ruoyi.project.system.controller.BusGoodsController.edit()','PUT',1,'admin',NULL,'/system/goods','127.0.0.1','å†…ç½‘IP','{\"dangernum\":10,\"productcode\":\"11\",\"available\":1,\"description\":\"12321\",\"goodsname\":\"å¨ƒå“ˆå“ˆ\",\"number\":1100,\"price\":3.0,\"id\":4,\"goodsimg\":\"2018-12-25/userface4.jpg\",\"produceplace\":\"æ­¦æ±‰\",\"params\":{},\"goodspackage\":\"ç“¶\",\"size\":\"200ML\",\"providerid\":3,\"promitcode\":\"111\"}','{\"msg\":\"æ“ä½œæˆåŠŸ\",\"code\":200}',0,NULL,'2020-05-09 11:53:26'),(124,'å•†å“',2,'com.ruoyi.project.system.controller.BusGoodsController.edit()','PUT',1,'admin',NULL,'/system/goods','127.0.0.1','å†…ç½‘IP','{\"dangernum\":10,\"productcode\":\"PH12345\",\"available\":1,\"description\":\"å°å­©å­éƒ½çˆ±çš„\",\"goodsname\":\"å¨ƒå“ˆå“ˆ\",\"number\":489,\"price\":2.0,\"id\":1,\"goodsimg\":\"2018-12-25/userface1.jpg\",\"produceplace\":\"æ­¦æ±‰\",\"params\":{},\"goodspackage\":\"ç“¶\",\"size\":\"120ML\",\"providerid\":3,\"promitcode\":\"PZ1234\"}','{\"msg\":\"æ“ä½œæˆåŠŸ\",\"code\":200}',0,NULL,'2020-05-09 12:00:33'),(125,'å•†å“',2,'com.ruoyi.project.system.controller.BusGoodsController.edit()','PUT',1,'admin',NULL,'/system/goods','127.0.0.1','å†…ç½‘IP','{\"dangernum\":10,\"productcode\":\"PH12345\",\"available\":1,\"description\":\"å°å­©å­éƒ½çˆ±çš„\",\"goodsname\":\"å¨ƒå“ˆå“ˆ\",\"number\":489,\"price\":2.0,\"id\":1,\"goodsimg\":\"2018-12-25/userface1.jpg\",\"produceplace\":\"æ­¦æ±‰\",\"params\":{},\"goodspackage\":\"ç“¶\",\"size\":\"120ML\",\"providerid\":3,\"promitcode\":\"PZ1234\"}','{\"msg\":\"æ“ä½œæˆåŠŸ\",\"code\":200}',0,NULL,'2020-05-09 15:00:01'),(126,'é‡‡è´­ç®¡ç†',2,'com.ruoyi.project.system.controller.BusInportController.edit()','PUT',1,'admin',NULL,'/system/inport','127.0.0.1','å†…ç½‘IP','{\"inportprice\":3.5,\"goodsid\":1,\"remark\":\"å¤‡æ³¨\",\"inporttime\":1525622400000,\"params\":{},\"number\":100,\"providerid\":1,\"id\":1,\"paytype\":\"1\",\"operateperson\":\"å¼ ä¸‰\"}','{\"msg\":\"æ“ä½œæˆåŠŸ\",\"code\":200}',0,NULL,'2020-05-09 15:24:01'),(127,'é‡‡è´­ç®¡ç†',1,'com.ruoyi.project.system.controller.BusInportController.add()','POST',1,'admin',NULL,'/system/inport','127.0.0.1','å†…ç½‘IP','{\"inportprice\":23.0,\"inporttime\":1588953600000,\"params\":{},\"number\":10,\"id\":16,\"paytype\":\"0\",\"operateperson\":\"mmy\"}','{\"msg\":\"æ“ä½œæˆåŠŸ\",\"code\":200}',0,NULL,'2020-05-09 15:24:20'),(128,'å•†å“',2,'com.ruoyi.project.system.controller.BusGoodsController.edit()','PUT',1,'admin',NULL,'/system/goods','127.0.0.1','å†…ç½‘IP','{\"dangernum\":10,\"productcode\":\"PH12345\",\"available\":1,\"description\":\"å°å­©å­éƒ½çˆ±çš„\",\"goodsname\":\"å¨ƒå“ˆå“ˆ\",\"number\":489,\"price\":2.0,\"id\":1,\"goodsimg\":\"2018-12-25/userface1.jpg\",\"produceplace\":\"æ­¦æ±‰\",\"params\":{},\"goodspackage\":\"ç“¶\",\"size\":\"120ML\",\"providerid\":3,\"promitcode\":\"PZ1234\"}','{\"msg\":\"æ“ä½œæˆåŠŸ\",\"code\":200}',0,NULL,'2020-05-09 15:33:44'),(129,'è§’è‰²ç®¡ç†',1,'com.ruoyi.project.system.controller.SysRoleController.add()','POST',1,'admin',NULL,'/system/role','127.0.0.1','å†…ç½‘IP','{\"flag\":false,\"admin\":false,\"params\":{},\"roleSort\":\"3\",\"roleKey\":\"common\",\"roleName\":\"ç‰¹æ®Šè§’è‰²\",\"deptIds\":[],\"menuIds\":[1,1061,100,1001,1002,1003,1004,1005,1006,1007,1065,101,1008,1009,1010,1011,1012,102,1013,1014,1015,1016,1066,1067,103,1017,1018,1019,1020,104,1021,1022,1023,1024,1025,1068,1069,1070,105,1026,1027,1028,1029,1030,106,1031,1032,1033,1034,1035,107,1036,1037,1038,1039,108,500,1040,1041,1042,501,1043,1044,1045],\"status\":\"0\"}','{\"msg\":\"æ–°å¢è§’è‰²\'ç‰¹æ®Šè§’è‰²\'å¤±è´¥ï¼Œè§’è‰²æƒé™å·²å­˜åœ¨\",\"code\":500}',0,NULL,'2020-05-09 15:35:09'),(130,'è§’è‰²ç®¡ç†',1,'com.ruoyi.project.system.controller.SysRoleController.add()','POST',1,'admin',NULL,'/system/role','127.0.0.1','å†…ç½‘IP','{\"flag\":false,\"roleId\":3,\"admin\":false,\"params\":{},\"roleSort\":\"3\",\"createBy\":\"admin\",\"roleKey\":\"common1\",\"roleName\":\"ç‰¹æ®Šè§’è‰²\",\"deptIds\":[],\"menuIds\":[1,1061,100,1001,1002,1003,1004,1005,1006,1007,1065,101,1008,1009,1010,1011,1012,102,1013,1014,1015,1016,1066,1067,103,1017,1018,1019,1020,104,1021,1022,1023,1024,1025,1068,1069,1070,105,1026,1027,1028,1029,1030,106,1031,1032,1033,1034,1035,107,1036,1037,1038,1039,108,500,1040,1041,1042,501,1043,1044,1045],\"status\":\"0\"}','{\"msg\":\"æ“ä½œæˆåŠŸ\",\"code\":200}',0,NULL,'2020-05-09 15:35:20'),(131,'ç”¨æˆ·ç®¡ç†',2,'com.ruoyi.project.system.controller.SysUserController.edit()','PUT',1,'admin',NULL,'/system/user','127.0.0.1','å†…ç½‘IP','{\"roles\":[{\"flag\":false,\"roleId\":2,\"admin\":false,\"dataScope\":\"2\",\"params\":{},\"roleSort\":\"2\",\"roleKey\":\"common\",\"roleName\":\"æ™®é€šè§’è‰²\",\"status\":\"0\"}],\"phonenumber\":\"18981722787\",\"admin\":false,\"delFlag\":\"0\",\"password\":\"\",\"updateBy\":\"admin\",\"postIds\":[3],\"loginIp\":\"\",\"email\":\"331887602@qq.com\",\"nickName\":\"mmy\",\"sex\":\"0\",\"deptId\":100,\"avatar\":\"\",\"dept\":{\"deptName\":\"é¡ºä¸°å¿«é€’\",\"leader\":\"è‹¥ä¾\",\"deptId\":100,\"orderNum\":\"0\",\"params\":{},\"parentId\":0,\"children\":[],\"status\":\"0\"},\"params\":{},\"userName\":\"mmy\",\"userId\":3,\"createBy\":\"admin\",\"roleIds\":[3],\"createTime\":1587538046000,\"status\":\"0\"}','{\"msg\":\"æ“ä½œæˆåŠŸ\",\"code\":200}',0,NULL,'2020-05-09 15:36:00'),(132,'ç”¨æˆ·ç®¡ç†',2,'com.ruoyi.project.system.controller.SysUserController.edit()','PUT',1,'admin',NULL,'/system/user','127.0.0.1','å†…ç½‘IP','{\"roles\":[{\"flag\":false,\"roleId\":3,\"admin\":false,\"dataScope\":\"1\",\"params\":{},\"roleSort\":\"3\",\"roleKey\":\"common1\",\"roleName\":\"ç‰¹æ®Šè§’è‰²\",\"status\":\"0\"}],\"phonenumber\":\"18981722787\",\"admin\":false,\"delFlag\":\"0\",\"password\":\"\",\"updateBy\":\"admin\",\"postIds\":[3],\"loginIp\":\"\",\"email\":\"331887602@qq.com\",\"nickName\":\"mmy\",\"sex\":\"0\",\"deptId\":100,\"avatar\":\"\",\"dept\":{\"deptName\":\"é¡ºä¸°å¿«é€’\",\"leader\":\"è‹¥ä¾\",\"deptId\":100,\"orderNum\":\"0\",\"params\":{},\"parentId\":0,\"children\":[],\"status\":\"0\"},\"params\":{},\"userName\":\"mmy\",\"userId\":3,\"createBy\":\"admin\",\"roleIds\":[2],\"createTime\":1587538046000,\"status\":\"0\"}','{\"msg\":\"æ“ä½œæˆåŠŸ\",\"code\":200}',0,NULL,'2020-05-09 15:36:58'),(133,'ç”¨æˆ·ç®¡ç†',2,'com.ruoyi.project.system.controller.SysUserController.edit()','PUT',1,'admin',NULL,'/system/user','127.0.0.1','å†…ç½‘IP','{\"roles\":[{\"flag\":false,\"roleId\":2,\"admin\":false,\"dataScope\":\"2\",\"params\":{},\"roleSort\":\"2\",\"roleKey\":\"common\",\"roleName\":\"æ™®é€šè§’è‰²\",\"status\":\"0\"}],\"phonenumber\":\"18981722787\",\"admin\":false,\"delFlag\":\"0\",\"password\":\"\",\"updateBy\":\"admin\",\"postIds\":[3],\"loginIp\":\"\",\"email\":\"331887602@qq.com\",\"nickName\":\"mmy\",\"sex\":\"1\",\"deptId\":100,\"avatar\":\"\",\"dept\":{\"deptName\":\"é¡ºä¸°å¿«é€’\",\"leader\":\"è‹¥ä¾\",\"deptId\":100,\"orderNum\":\"0\",\"params\":{},\"parentId\":0,\"children\":[],\"status\":\"0\"},\"params\":{},\"userName\":\"mmy\",\"userId\":3,\"createBy\":\"admin\",\"roleIds\":[2],\"createTime\":1587538046000,\"status\":\"0\"}','{\"msg\":\"æ“ä½œæˆåŠŸ\",\"code\":200}',0,NULL,'2020-05-09 15:38:32'),(134,'èœå•ç®¡ç†',3,'com.ruoyi.project.system.controller.SysMenuController.remove()','DELETE',1,'admin',NULL,'/system/menu/1062','127.0.0.1','å†…ç½‘IP','{menuId=1062}','{\"msg\":\"å­˜åœ¨å­èœå•,ä¸å…è®¸åˆ é™¤\",\"code\":500}',0,NULL,'2020-05-09 20:07:16'),(135,'èœå•ç®¡ç†',3,'com.ruoyi.project.system.controller.SysMenuController.remove()','DELETE',1,'admin',NULL,'/system/menu/1063','127.0.0.1','å†…ç½‘IP','{menuId=1063}','{\"msg\":\"æ“ä½œæˆåŠŸ\",\"code\":200}',0,NULL,'2020-05-09 20:07:21'),(136,'èœå•ç®¡ç†',3,'com.ruoyi.project.system.controller.SysMenuController.remove()','DELETE',1,'admin',NULL,'/system/menu/1064','127.0.0.1','å†…ç½‘IP','{menuId=1064}','{\"msg\":\"æ“ä½œæˆåŠŸ\",\"code\":200}',0,NULL,'2020-05-09 20:07:24'),(137,'èœå•ç®¡ç†',3,'com.ruoyi.project.system.controller.SysMenuController.remove()','DELETE',1,'admin',NULL,'/system/menu/1062','127.0.0.1','å†…ç½‘IP','{menuId=1062}','{\"msg\":\"æ“ä½œæˆåŠŸ\",\"code\":200}',0,NULL,'2020-05-09 20:07:28'),(138,'èœå•ç®¡ç†',2,'com.ruoyi.project.system.controller.SysMenuController.edit()','PUT',1,'admin',NULL,'/system/menu','127.0.0.1','å†…ç½‘IP','{\"visible\":\"1\",\"icon\":\"tool\",\"orderNum\":\"4\",\"menuName\":\"å…¶ä»–ç®¡ç†\",\"params\":{},\"parentId\":0,\"path\":\"tool\",\"children\":[],\"createTime\":1521171180000,\"updateBy\":\"admin\",\"isFrame\":\"1\",\"menuId\":3,\"menuType\":\"M\",\"perms\":\"\",\"status\":\"0\"}','{\"msg\":\"æ“ä½œæˆåŠŸ\",\"code\":200}',0,NULL,'2020-05-09 20:08:01'),(139,'é‡‡è´­ç®¡ç†',2,'com.ruoyi.project.system.controller.BusInportController.edit()','PUT',1,'admin',NULL,'/system/inport','127.0.0.1','å†…ç½‘IP','{\"inportprice\":3.5,\"goodsid\":1,\"remark\":\"å¤‡æ³¨\",\"inporttime\":1525622400000,\"params\":{},\"number\":100,\"id\":1,\"paytype\":\"1\",\"operateperson\":\"å¼ ä¸‰\"}','null',1,'nested exception is org.apache.ibatis.reflection.ReflectionException: There is no getter for property named \'providerid\' in \'class com.ruoyi.project.system.domain.BusInport\'','2020-05-10 15:39:19'),(140,'å•†å“',2,'com.ruoyi.project.system.controller.BusGoodsController.edit()','PUT',1,'admin',NULL,'/system/goods','127.0.0.1','å†…ç½‘IP','{\"dangernum\":10,\"productcode\":\"PH12345\",\"available\":1,\"description\":\"å°å­©å­éƒ½çˆ±çš„\",\"goodsname\":\"å¨ƒå“ˆå“ˆ\",\"number\":489,\"price\":2.0,\"id\":1,\"goodsimg\":\"2018-12-25/userface1.jpg\",\"produceplace\":\"æ­¦æ±‰\",\"params\":{},\"goodspackage\":\"ç“¶\",\"size\":\"120ML\",\"providerid\":3,\"promitcode\":\"PZ1234\"}','{\"msg\":\"æ“ä½œæˆåŠŸ\",\"code\":200}',0,NULL,'2020-05-11 10:28:24'),(141,'ä¾›åº”å•†',2,'com.ruoyi.project.system.controller.BusProviderController.edit()','PUT',1,'admin',NULL,'/system/provider','127.0.0.1','å†…ç½‘IP','{\"zip\":\"434000\",\"address\":\"ä»™æ¡ƒ\",\"available\":1,\"telephone\":\"0728-4124312\",\"connectionperson\":\"å°æ˜\",\"params\":{},\"providername\":\"æ—ºæ—ºé£Ÿå“\",\"bank\":\"ä¸­å›½å†œä¸šé“¶è¡Œ\",\"phone\":\"13413441141\",\"id\":1,\"fax\":\"5123123\",\"account\":\"654124345131\",\"email\":\"12312321@sina.com\"}','{\"msg\":\"æ“ä½œæˆåŠŸ\",\"code\":200}',0,NULL,'2020-05-11 10:28:33'),(142,'ä¾›åº”å•†',2,'com.logistic.project.system.controller.BusProviderController.edit()','PUT',1,'admin',NULL,'/system/provider','127.0.0.1','å†…ç½‘IP','{\"zip\":\"434000\",\"address\":\"ä»™æ¡ƒ\",\"available\":1,\"telephone\":\"0728-4124312\",\"connectionperson\":\"å°æ˜\",\"params\":{},\"providername\":\"æ—ºæ—ºé£Ÿå“\",\"bank\":\"ä¸­å›½å†œä¸šé“¶è¡Œ\",\"phone\":\"13413441141\",\"id\":1,\"fax\":\"5123123\",\"account\":\"654124345131\",\"email\":\"12312321@sina.com\"}','{\"msg\":\"æ“ä½œæˆåŠŸ\",\"code\":200}',0,NULL,'2020-05-12 13:57:03'),(143,'é‡‡è´­ç®¡ç†',2,'com.logistic.project.system.controller.BusInportController.edit()','PUT',1,'admin',NULL,'/system/inport','127.0.0.1','å†…ç½‘IP','{\"inportprice\":3.5,\"goodsid\":1,\"remark\":\"å¤‡æ³¨\",\"inporttime\":1525622400000,\"params\":{},\"number\":100,\"id\":1,\"paytype\":\"1\",\"operateperson\":\"å¼ ä¸‰\"}','null',1,'nested exception is org.apache.ibatis.reflection.ReflectionException: There is no getter for property named \'providerid\' in \'class com.logistic.project.system.domain.BusInport\'','2020-05-12 13:57:10'),(144,'é‡‡è´­ç®¡ç†',2,'com.logistic.project.system.controller.BusInportController.edit()','PUT',1,'admin',NULL,'/system/inport','127.0.0.1','å†…ç½‘IP','{\"inportprice\":3.5,\"goodsid\":1,\"remark\":\"å¤‡æ³¨\",\"inporttime\":1525622400000,\"params\":{},\"number\":100,\"id\":1,\"paytype\":\"1\",\"operateperson\":\"å¼ ä¸‰\"}','null',1,'nested exception is org.apache.ibatis.reflection.ReflectionException: There is no getter for property named \'providerid\' in \'class com.logistic.project.system.domain.BusInport\'','2020-05-12 14:02:28'),(145,'é‡‡è´­ç®¡ç†',2,'com.logistic.project.system.controller.BusInportController.edit()','PUT',1,'admin',NULL,'/system/inport','127.0.0.1','å†…ç½‘IP','{\"inportprice\":3.5,\"goodsid\":1,\"remark\":\"å¤‡æ³¨\",\"inporttime\":1525622400000,\"params\":{},\"number\":100,\"id\":1,\"paytype\":\"1\",\"operateperson\":\"å¼ ä¸‰\"}','null',1,'nested exception is org.apache.ibatis.reflection.ReflectionException: There is no getter for property named \'providerid\' in \'class com.logistic.project.system.domain.BusInport\'','2020-05-12 14:03:50'),(146,'é‡‡è´­ç®¡ç†',2,'com.logistic.project.system.controller.BusInportController.edit()','PUT',1,'admin',NULL,'/system/inport','127.0.0.1','å†…ç½‘IP','{\"inportprice\":3.5,\"goodsid\":1,\"remark\":\"å¤‡æ³¨\",\"inporttime\":1525622400000,\"params\":{},\"number\":100,\"id\":1,\"paytype\":\"1\",\"operateperson\":\"å¼ ä¸‰\"}','{\"msg\":\"æ“ä½œæˆåŠŸ\",\"code\":200}',0,NULL,'2020-05-12 14:05:00'),(147,'é‡‡è´­ç®¡ç†',2,'com.logistic.project.system.controller.BusInportController.edit()','PUT',1,'admin',NULL,'/system/inport','127.0.0.1','å†…ç½‘IP','{\"inportprice\":3.5,\"goodsid\":1,\"remark\":\"å¤‡æ³¨\",\"inporttime\":1525622400000,\"params\":{},\"number\":100,\"id\":1,\"paytype\":\"1\",\"operateperson\":\"å¼ ä¸‰\"}','{\"msg\":\"æ“ä½œæˆåŠŸ\",\"code\":200}',0,NULL,'2020-05-12 14:05:03'),(148,'å‡ºåº“ç®¡ç†',2,'com.logistic.project.system.controller.BusOutportController.edit()','PUT',1,'admin',NULL,'/system/outport','127.0.0.1','å†…ç½‘IP','{\"outportprice\":12321321,\"goodsid\":1,\"remark\":\"\",\"params\":{},\"outputtime\":1565884800000,\"number\":1,\"providerid\":3,\"id\":1,\"paytype\":\"å¾®ä¿¡\",\"operateperson\":\"è¶…çº§ç®¡ç†å‘˜\"}','{\"msg\":\"æ“ä½œæˆåŠŸ\",\"code\":200}',0,NULL,'2020-05-12 14:05:40'),(149,'èœå•ç®¡ç†',1,'com.logistic.project.system.controller.SysMenuController.add()','POST',1,'admin',NULL,'/system/menu','127.0.0.1','å†…ç½‘IP','{\"visible\":\"0\",\"icon\":\"fullscreen\",\"orderNum\":\"10\",\"menuName\":\"å•æ®\",\"params\":{},\"parentId\":1,\"path\":\"system\",\"createBy\":\"admin\",\"children\":[],\"isFrame\":\"1\",\"menuType\":\"M\",\"status\":\"0\"}','{\"msg\":\"æ“ä½œæˆåŠŸ\",\"code\":200}',0,NULL,'2020-05-12 14:50:12'),(150,'èœå•ç®¡ç†',2,'com.logistic.project.system.controller.SysMenuController.edit()','PUT',1,'admin',NULL,'/system/menu','127.0.0.1','å†…ç½‘IP','{\"visible\":\"0\",\"icon\":\"search\",\"orderNum\":\"6\",\"menuName\":\"åˆ°è´§å•æ®\",\"params\":{},\"parentId\":1070,\"path\":\"shippingdoc\",\"component\":\"system/shippingdoc/index\",\"children\":[],\"createTime\":1588828594000,\"updateBy\":\"admin\",\"isFrame\":\"1\",\"menuId\":1070,\"menuType\":\"C\",\"perms\":\"system:shippingdoc:list\",\"status\":\"0\"}','{\"msg\":\"æ“ä½œæˆåŠŸ\",\"code\":200}',0,NULL,'2020-05-12 14:50:44'),(151,'èœå•ç®¡ç†',2,'com.logistic.project.system.controller.SysMenuController.edit()','PUT',1,'admin',NULL,'/system/menu','127.0.0.1','å†…ç½‘IP','{\"visible\":\"0\",\"icon\":\"fullscreen\",\"orderNum\":\"10\",\"menuName\":\"å•æ®\",\"params\":{},\"parentId\":1,\"path\":\"system\",\"children\":[],\"createTime\":1589266212000,\"updateBy\":\"admin\",\"isFrame\":\"1\",\"menuId\":1071,\"menuType\":\"M\",\"perms\":\"\",\"status\":\"0\"}','{\"msg\":\"æ“ä½œæˆåŠŸ\",\"code\":200}',0,NULL,'2020-05-12 14:57:44'),(152,'èœå•ç®¡ç†',2,'com.logistic.project.system.controller.SysMenuController.edit()','PUT',1,'admin',NULL,'/system/menu','127.0.0.1','å†…ç½‘IP','{\"visible\":\"0\",\"icon\":\"search\",\"orderNum\":\"6\",\"menuName\":\"åˆ°è´§å•æ®\",\"params\":{},\"parentId\":1,\"path\":\"shippingdoc\",\"component\":\"system/shippingdoc/index\",\"children\":[],\"createTime\":1588828594000,\"updateBy\":\"admin\",\"isFrame\":\"1\",\"menuId\":1070,\"menuType\":\"C\",\"perms\":\"system:shippingdoc:list\",\"status\":\"0\"}','{\"msg\":\"æ“ä½œæˆåŠŸ\",\"code\":200}',0,NULL,'2020-05-12 14:58:38'),(153,'èœå•ç®¡ç†',3,'com.logistic.project.system.controller.SysMenuController.remove()','DELETE',1,'admin',NULL,'/system/menu/1071','127.0.0.1','å†…ç½‘IP','{menuId=1071}','{\"msg\":\"æ“ä½œæˆåŠŸ\",\"code\":200}',0,NULL,'2020-05-12 14:59:01'),(154,'èœå•ç®¡ç†',1,'com.logistic.project.system.controller.SysMenuController.add()','POST',1,'admin',NULL,'/system/menu','127.0.0.1','å†…ç½‘IP','{\"visible\":\"0\",\"icon\":\"edit\",\"orderNum\":\"4\",\"menuName\":\"å•æ®ç®¡ç†\",\"params\":{},\"parentId\":0,\"path\":\"doc\",\"createBy\":\"admin\",\"children\":[],\"isFrame\":\"1\",\"menuType\":\"M\",\"status\":\"0\"}','{\"msg\":\"æ“ä½œæˆåŠŸ\",\"code\":200}',0,NULL,'2020-05-12 15:00:17'),(155,'èœå•ç®¡ç†',2,'com.logistic.project.system.controller.SysMenuController.edit()','PUT',1,'admin',NULL,'/system/menu','127.0.0.1','å†…ç½‘IP','{\"visible\":\"0\",\"icon\":\"search\",\"orderNum\":\"6\",\"menuName\":\"åˆ°è´§å•æ®\",\"params\":{},\"parentId\":1072,\"path\":\"shippingdoc\",\"component\":\"system/shippingdoc/index\",\"children\":[],\"createTime\":1588828594000,\"updateBy\":\"admin\",\"isFrame\":\"1\",\"menuId\":1070,\"menuType\":\"C\",\"perms\":\"system:shippingdoc:list\",\"status\":\"0\"}','{\"msg\":\"æ“ä½œæˆåŠŸ\",\"code\":200}',0,NULL,'2020-05-13 10:40:19'),(156,'èœå•ç®¡ç†',2,'com.logistic.project.system.controller.SysMenuController.edit()','PUT',1,'admin',NULL,'/system/menu','127.0.0.1','å†…ç½‘IP','{\"visible\":\"0\",\"icon\":\"tool\",\"orderNum\":\"4\",\"menuName\":\"å…¶ä»–ç®¡ç†\",\"params\":{},\"parentId\":0,\"path\":\"tool\",\"children\":[],\"createTime\":1521171180000,\"updateBy\":\"admin\",\"isFrame\":\"1\",\"menuId\":3,\"menuType\":\"M\",\"perms\":\"\",\"status\":\"0\"}','{\"msg\":\"æ“ä½œæˆåŠŸ\",\"code\":200}',0,NULL,'2020-05-13 10:45:42'),(157,'ä»£ç ç”Ÿæˆ',6,'com.logistic.project.tool.gen.controller.GenController.importTableSave()','POST',1,'admin',NULL,'/tool/gen/importTable','127.0.0.1','å†…ç½‘IP','bus_custom','{\"msg\":\"æ“ä½œæˆåŠŸ\",\"code\":200}',0,NULL,'2020-05-13 10:45:57'),(158,'ä»£ç ç”Ÿæˆ',3,'com.logistic.project.tool.gen.controller.GenController.remove()','DELETE',1,'admin',NULL,'/tool/gen/18','127.0.0.1','å†…ç½‘IP','{tableIds=18}','{\"msg\":\"æ“ä½œæˆåŠŸ\",\"code\":200}',0,NULL,'2020-05-13 10:46:24'),(159,'ä»£ç ç”Ÿæˆ',6,'com.logistic.project.tool.gen.controller.GenController.importTableSave()','POST',1,'admin',NULL,'/tool/gen/importTable','127.0.0.1','å†…ç½‘IP','bus_customorder','{\"msg\":\"æ“ä½œæˆåŠŸ\",\"code\":200}',0,NULL,'2020-05-13 10:46:29'),(160,'ä»£ç ç”Ÿæˆ',2,'com.logistic.project.tool.gen.controller.GenController.editSave()','PUT',1,'admin',NULL,'/tool/gen','127.0.0.1','å†…ç½‘IP','{\"functionAuthor\":\"nuoyi\",\"columns\":[{\"usableColumn\":false,\"columnId\":208,\"isIncrement\":\"1\",\"increment\":true,\"insert\":false,\"dictType\":\"\",\"required\":false,\"superColumn\":false,\"updateBy\":\"\",\"javaField\":\"id\",\"htmlType\":\"input\",\"edit\":false,\"query\":false,\"columnComment\":\"id\",\"sort\":1,\"list\":false,\"params\":{},\"javaType\":\"Long\",\"queryType\":\"EQ\",\"columnType\":\"int(11)\",\"createBy\":\"admin\",\"isPk\":\"1\",\"createTime\":1589337989000,\"tableId\":19,\"pk\":true,\"columnName\":\"id\"},{\"usableColumn\":false,\"columnId\":209,\"isIncrement\":\"0\",\"increment\":false,\"insert\":false,\"isList\":\"1\",\"dictType\":\"\",\"required\":false,\"superColumn\":false,\"updateBy\":\"\",\"javaField\":\"custName\",\"htmlType\":\"input\",\"edit\":false,\"query\":true,\"columnComment\":\"å®¢æˆ·åç§°\",\"isQuery\":\"1\",\"sort\":2,\"list\":true,\"params\":{},\"javaType\":\"String\",\"queryType\":\"LIKE\",\"columnType\":\"varchar(20)\",\"createBy\":\"admin\",\"isPk\":\"0\",\"createTime\":1589337989000,\"tableId\":19,\"pk\":false,\"columnName\":\"cust_name\"},{\"usableColumn\":false,\"columnId\":210,\"isIncrement\":\"0\",\"increment\":false,\"insert\":false,\"isList\":\"1\",\"dictType\":\"\",\"required\":false,\"superColumn\":false,\"updateBy\":\"\",\"javaField\":\"orderDate\",\"htmlType\":\"datetime\",\"edit\":false,\"query\":true,\"columnComment\":\"è®¢å•æ—¥æœŸ\",\"isQuery\":\"1\",\"sort\":3,\"list\":true,\"params\":{},\"javaType\":\"Date\",\"queryType\":\"EQ\",\"columnType\":\"date\",\"createBy\":\"admin\",\"isPk\":\"0\",\"createTime\":1589337989000,\"tableId\":19,\"pk\":false,\"columnName\":\"order_date\"},{\"usableColumn\":false,\"columnId\":211,\"isIncrement\":\"0\",\"increment\":false,\"insert\":false,\"isList\":\"1\",\"dictType\":\"\",\"required\":false,\"superColumn\":false,\"updateBy\":\"\",\"javaField\":\"orderType\",\"htmlType\":\"select\",\"edit\":false,\"query\":true,\"columnComment\":\"è®¢å•ç±»å‹\",\"isQuery\":\"1\",\"sort\":4,\"list\":true,\"params\":{},\"javaType\":\"String\",\"queryType\":\"EQ\",\"columnType\":\"varchar(10)\",\"createBy\":\"admin\",\"isPk\":\"0\",\"createTime\":1589337989000,\"tableId\":19,\"pk\":false,\"columnName\":\"order_type\"},{\"usableColumn\":false,\"columnId\":212,\"isIncrement\":\"0\",\"increment\":false,\"insert\":false,\"isList\":\"1\",\"dictType','{\"msg\":\"æ“ä½œæˆåŠŸ\",\"code\":200}',0,NULL,'2020-05-13 10:47:42'),(161,'ä»£ç ç”Ÿæˆ',8,'com.logistic.project.tool.gen.controller.GenController.batchGenCode()','GET',1,'admin',NULL,'/tool/gen/batchGenCode','127.0.0.1','å†…ç½‘IP','{}','null',0,NULL,'2020-05-13 10:47:53'),(162,'èœå•ç®¡ç†',1,'com.logistic.project.system.controller.SysMenuController.add()','POST',1,'admin',NULL,'/system/menu','127.0.0.1','å†…ç½‘IP','{\"visible\":\"0\",\"icon\":\"user\",\"orderNum\":\"2\",\"menuName\":\"å®¢æˆ·å•æ®\",\"params\":{},\"parentId\":1072,\"path\":\"customorder\",\"component\":\"system/customorder/index\",\"createBy\":\"admin\",\"children\":[],\"isFrame\":\"1\",\"menuType\":\"C\",\"perms\":\"system:customorder:list\",\"status\":\"0\"}','{\"msg\":\"æ“ä½œæˆåŠŸ\",\"code\":200}',0,NULL,'2020-05-13 10:52:21'),(163,'èœå•ç®¡ç†',1,'com.logistic.project.system.controller.SysMenuController.add()','POST',1,'admin',NULL,'/system/menu','127.0.0.1','å†…ç½‘IP','{\"visible\":\"0\",\"icon\":\"people\",\"orderNum\":\"4\",\"menuName\":\"åº“å­˜ç®¡ç†\",\"params\":{},\"path\":\"system\",\"createBy\":\"admin\",\"children\":[],\"isFrame\":\"1\",\"menuType\":\"M\",\"status\":\"0\"}','{\"msg\":\"æ“ä½œæˆåŠŸ\",\"code\":200}',0,NULL,'2020-05-13 10:57:30'),(164,'èœå•ç®¡ç†',1,'com.logistic.project.system.controller.SysMenuController.add()','POST',1,'admin',NULL,'/system/menu','127.0.0.1','å†…ç½‘IP','{\"visible\":\"0\",\"icon\":\"message\",\"orderNum\":\"1\",\"menuName\":\"ä»“åº“æ£€æŸ¥\",\"params\":{},\"parentId\":1074,\"path\":\"ckcheck\",\"component\":\"system/ckcheck/index\",\"createBy\":\"admin\",\"children\":[],\"isFrame\":\"1\",\"menuType\":\"C\",\"perms\":\"system:ckcheck:list\",\"status\":\"0\"}','{\"msg\":\"æ“ä½œæˆåŠŸ\",\"code\":200}',0,NULL,'2020-05-13 11:15:52'),(165,'ä»£ç ç”Ÿæˆ',6,'com.logistic.project.tool.gen.controller.GenController.importTableSave()','POST',1,'admin',NULL,'/tool/gen/importTable','127.0.0.1','å†…ç½‘IP','bus_ck_check','{\"msg\":\"æ“ä½œæˆåŠŸ\",\"code\":200}',0,NULL,'2020-05-13 11:16:07'),(166,'ä»£ç ç”Ÿæˆ',2,'com.logistic.project.tool.gen.controller.GenController.editSave()','PUT',1,'admin',NULL,'/tool/gen','127.0.0.1','å†…ç½‘IP','{\"functionAuthor\":\"nuoyi\",\"columns\":[{\"usableColumn\":false,\"columnId\":214,\"isIncrement\":\"1\",\"increment\":true,\"insert\":false,\"dictType\":\"\",\"required\":true,\"superColumn\":false,\"updateBy\":\"\",\"isRequired\":\"1\",\"javaField\":\"id\",\"htmlType\":\"input\",\"edit\":false,\"query\":false,\"columnComment\":\"id\",\"sort\":1,\"list\":false,\"params\":{},\"javaType\":\"Long\",\"queryType\":\"EQ\",\"columnType\":\"int(11)\",\"createBy\":\"admin\",\"isPk\":\"0\",\"createTime\":1589339767000,\"tableId\":20,\"pk\":false,\"columnName\":\"id\"},{\"usableColumn\":false,\"columnId\":215,\"isIncrement\":\"0\",\"increment\":false,\"insert\":false,\"isList\":\"1\",\"dictType\":\"\",\"required\":false,\"superColumn\":false,\"updateBy\":\"\",\"javaField\":\"ckNum\",\"htmlType\":\"input\",\"edit\":false,\"query\":true,\"columnComment\":\"ä»“åº“ç¼–å·\",\"isQuery\":\"1\",\"sort\":2,\"list\":true,\"params\":{},\"javaType\":\"String\",\"queryType\":\"LIKE\",\"columnType\":\"varchar(20)\",\"createBy\":\"admin\",\"isPk\":\"0\",\"createTime\":1589339767000,\"tableId\":20,\"pk\":false,\"columnName\":\"ck_num\"},{\"usableColumn\":false,\"columnId\":216,\"isIncrement\":\"0\",\"increment\":false,\"insert\":false,\"isList\":\"1\",\"dictType\":\"\",\"required\":false,\"superColumn\":false,\"updateBy\":\"\",\"javaField\":\"ckTemp\",\"htmlType\":\"input\",\"edit\":false,\"query\":true,\"columnComment\":\"æ¸©åº¦\",\"isQuery\":\"1\",\"sort\":3,\"list\":true,\"params\":{},\"javaType\":\"String\",\"queryType\":\"LIKE\",\"columnType\":\"varchar(10)\",\"createBy\":\"admin\",\"isPk\":\"0\",\"createTime\":1589339767000,\"tableId\":20,\"pk\":false,\"columnName\":\"ck_temp\"},{\"usableColumn\":false,\"columnId\":217,\"isIncrement\":\"0\",\"increment\":false,\"insert\":false,\"isList\":\"1\",\"dictType\":\"\",\"required\":false,\"superColumn\":false,\"updateBy\":\"\",\"javaField\":\"checkPerson\",\"htmlType\":\"input\",\"edit\":false,\"query\":true,\"columnComment\":\"æ£€æŸ¥äºº\",\"isQuery\":\"1\",\"sort\":4,\"list\":true,\"params\":{},\"javaType\":\"String\",\"queryType\":\"EQ\",\"columnType\":\"varchar(20)\",\"createBy\":\"admin\",\"isPk\":\"0\",\"createTime\":1589339767000,\"tableId\":20,\"pk\":false,\"columnName\":\"check_person\"},{\"usableColumn\":false,\"columnId\":218,\"isIncrement\":\"0\",\"increment\":false,\"insert\":false,\"isList\":','{\"msg\":\"æ“ä½œæˆåŠŸ\",\"code\":200}',0,NULL,'2020-05-13 11:17:37'),(167,'ä»£ç ç”Ÿæˆ',8,'com.logistic.project.tool.gen.controller.GenController.batchGenCode()','GET',1,'admin',NULL,'/tool/gen/batchGenCode','127.0.0.1','å†…ç½‘IP','{}','null',0,NULL,'2020-05-13 11:17:42'),(168,'èœå•ç®¡ç†',2,'com.logistic.project.system.controller.SysMenuController.edit()','PUT',1,'admin',NULL,'/system/menu','127.0.0.1','å†…ç½‘IP','{\"visible\":\"0\",\"icon\":\"people\",\"orderNum\":\"4\",\"menuName\":\"åº“å­˜ç®¡ç†\",\"params\":{},\"parentId\":0,\"path\":\"system\",\"children\":[],\"createTime\":1589338650000,\"updateBy\":\"admin\",\"isFrame\":\"1\",\"menuId\":1074,\"menuType\":\"M\",\"perms\":\"\",\"status\":\"0\"}','{\"msg\":\"æ“ä½œæˆåŠŸ\",\"code\":200}',0,NULL,'2020-05-13 11:20:21'),(169,'èœå•ç®¡ç†',2,'com.logistic.project.system.controller.SysMenuController.edit()','PUT',1,'admin',NULL,'/system/menu','127.0.0.1','å†…ç½‘IP','{\"visible\":\"0\",\"icon\":\"message\",\"orderNum\":\"1\",\"menuName\":\"ä»“åº“æ£€æŸ¥\",\"params\":{},\"parentId\":1074,\"path\":\"check\",\"component\":\"system/check/index\",\"children\":[],\"createTime\":1589339752000,\"updateBy\":\"admin\",\"isFrame\":\"1\",\"menuId\":1075,\"menuType\":\"C\",\"perms\":\"system:check:list\",\"status\":\"0\"}','{\"msg\":\"æ“ä½œæˆåŠŸ\",\"code\":200}',0,NULL,'2020-05-13 11:20:43'),(170,'èœå•ç®¡ç†',2,'com.logistic.project.system.controller.SysMenuController.edit()','PUT',1,'admin',NULL,'/system/menu','127.0.0.1','å†…ç½‘IP','{\"visible\":\"0\",\"icon\":\"theme\",\"orderNum\":\"4\",\"menuName\":\"åº“å­˜ç®¡ç†\",\"params\":{},\"parentId\":0,\"path\":\"system\",\"children\":[],\"createTime\":1589338650000,\"updateBy\":\"admin\",\"isFrame\":\"1\",\"menuId\":1074,\"menuType\":\"M\",\"perms\":\"\",\"status\":\"0\"}','{\"msg\":\"æ“ä½œæˆåŠŸ\",\"code\":200}',0,NULL,'2020-05-13 11:21:26'),(171,'èœå•ç®¡ç†',2,'com.logistic.project.system.controller.SysMenuController.edit()','PUT',1,'admin',NULL,'/system/menu','127.0.0.1','å†…ç½‘IP','{\"visible\":\"0\",\"icon\":\"theme\",\"orderNum\":\"5\",\"menuName\":\"åº“å­˜ç®¡ç†\",\"params\":{},\"parentId\":0,\"path\":\"system\",\"children\":[],\"createTime\":1589338650000,\"updateBy\":\"admin\",\"isFrame\":\"1\",\"menuId\":1074,\"menuType\":\"M\",\"perms\":\"\",\"status\":\"0\"}','{\"msg\":\"æ“ä½œæˆåŠŸ\",\"code\":200}',0,NULL,'2020-05-13 11:23:20'),(172,'èœå•ç®¡ç†',2,'com.logistic.project.system.controller.SysMenuController.edit()','PUT',1,'admin',NULL,'/system/menu','127.0.0.1','å†…ç½‘IP','{\"visible\":\"0\",\"icon\":\"message\",\"orderNum\":\"0\",\"menuName\":\"ä»“åº“æ£€æŸ¥\",\"params\":{},\"parentId\":1074,\"path\":\"check\",\"component\":\"system/check/index\",\"children\":[],\"createTime\":1589339752000,\"updateBy\":\"admin\",\"isFrame\":\"1\",\"menuId\":1075,\"menuType\":\"C\",\"perms\":\"system:check:list\",\"status\":\"0\"}','{\"msg\":\"æ“ä½œæˆåŠŸ\",\"code\":200}',0,NULL,'2020-05-13 11:25:35'),(173,'èœå•ç®¡ç†',1,'com.logistic.project.system.controller.SysMenuController.add()','POST',1,'admin',NULL,'/system/menu','127.0.0.1','å†…ç½‘IP','{\"visible\":\"0\",\"icon\":\"clipboard\",\"orderNum\":\"7\",\"menuName\":\"è£¤è£¤ç®¡ç†\",\"params\":{},\"parentId\":0,\"path\":\"system\",\"createBy\":\"admin\",\"children\":[],\"isFrame\":\"1\",\"menuType\":\"M\",\"status\":\"0\"}','{\"msg\":\"æ“ä½œæˆåŠŸ\",\"code\":200}',0,NULL,'2020-05-13 11:30:41'),(174,'èœå•ç®¡ç†',2,'com.logistic.project.system.controller.SysMenuController.edit()','PUT',1,'admin',NULL,'/system/menu','127.0.0.1','å†…ç½‘IP','{\"visible\":\"0\",\"icon\":\"message\",\"orderNum\":\"0\",\"menuName\":\"ä»“åº“æ£€æŸ¥\",\"params\":{},\"parentId\":1076,\"path\":\"check\",\"component\":\"system/check/index\",\"children\":[],\"createTime\":1589339752000,\"updateBy\":\"admin\",\"isFrame\":\"1\",\"menuId\":1075,\"menuType\":\"C\",\"perms\":\"system:check:list\",\"status\":\"0\"}','{\"msg\":\"æ“ä½œæˆåŠŸ\",\"code\":200}',0,NULL,'2020-05-13 11:30:50'),(175,'èœå•ç®¡ç†',2,'com.logistic.project.system.controller.SysMenuController.edit()','PUT',1,'admin',NULL,'/system/menu','127.0.0.1','å†…ç½‘IP','{\"visible\":\"0\",\"icon\":\"message\",\"orderNum\":\"0\",\"menuName\":\"ä»“åº“æ£€æŸ¥\",\"params\":{},\"parentId\":1072,\"path\":\"check\",\"component\":\"system/check/index\",\"children\":[],\"createTime\":1589339752000,\"updateBy\":\"admin\",\"isFrame\":\"1\",\"menuId\":1075,\"menuType\":\"C\",\"perms\":\"system:check:list\",\"status\":\"0\"}','{\"msg\":\"æ“ä½œæˆåŠŸ\",\"code\":200}',0,NULL,'2020-05-13 11:38:33'),(176,'èœå•ç®¡ç†',3,'com.logistic.project.system.controller.SysMenuController.remove()','DELETE',1,'admin',NULL,'/system/menu/1076','127.0.0.1','å†…ç½‘IP','{menuId=1076}','{\"msg\":\"æ“ä½œæˆåŠŸ\",\"code\":200}',0,NULL,'2020-05-13 11:38:38'),(177,'èœå•ç®¡ç†',3,'com.logistic.project.system.controller.SysMenuController.remove()','DELETE',1,'admin',NULL,'/system/menu/1074','127.0.0.1','å†…ç½‘IP','{menuId=1074}','{\"msg\":\"æ“ä½œæˆåŠŸ\",\"code\":200}',0,NULL,'2020-05-13 11:38:41'),(178,'èœå•ç®¡ç†',2,'com.logistic.project.system.controller.SysMenuController.edit()','PUT',1,'admin',NULL,'/system/menu','127.0.0.1','å†…ç½‘IP','{\"visible\":\"0\",\"icon\":\"edit\",\"orderNum\":\"4\",\"menuName\":\"åº“æˆ¿åŠå•æ®ç®¡ç†\",\"params\":{},\"parentId\":0,\"path\":\"doc\",\"children\":[],\"createTime\":1589266817000,\"updateBy\":\"admin\",\"isFrame\":\"1\",\"menuId\":1072,\"menuType\":\"M\",\"perms\":\"\",\"status\":\"0\"}','{\"msg\":\"æ“ä½œæˆåŠŸ\",\"code\":200}',0,NULL,'2020-05-13 11:39:03'),(179,'èœå•ç®¡ç†',2,'com.logistic.project.system.controller.SysMenuController.edit()','PUT',1,'admin',NULL,'/system/menu','127.0.0.1','å†…ç½‘IP','{\"visible\":\"0\",\"icon\":\"edit\",\"orderNum\":\"4\",\"menuName\":\"ä¼ä¸šç®¡ç†\",\"params\":{},\"parentId\":0,\"path\":\"doc\",\"children\":[],\"createTime\":1589266817000,\"updateBy\":\"admin\",\"isFrame\":\"1\",\"menuId\":1072,\"menuType\":\"M\",\"perms\":\"\",\"status\":\"0\"}','{\"msg\":\"æ“ä½œæˆåŠŸ\",\"code\":200}',0,NULL,'2020-05-13 13:54:42'),(180,'ä»£ç ç”Ÿæˆ',6,'com.logistic.project.tool.gen.controller.GenController.importTableSave()','POST',1,'admin',NULL,'/tool/gen/importTable','127.0.0.1','å†…ç½‘IP','material_scrap','{\"msg\":\"æ“ä½œæˆåŠŸ\",\"code\":200}',0,NULL,'2020-05-13 14:08:34'),(181,'ä»£ç ç”Ÿæˆ',3,'com.logistic.project.tool.gen.controller.GenController.remove()','DELETE',1,'admin',NULL,'/tool/gen/20','127.0.0.1','å†…ç½‘IP','{tableIds=20}','{\"msg\":\"æ“ä½œæˆåŠŸ\",\"code\":200}',0,NULL,'2020-05-13 14:09:54'),(182,'ä»£ç ç”Ÿæˆ',2,'com.logistic.project.tool.gen.controller.GenController.editSave()','PUT',1,'admin',NULL,'/tool/gen','127.0.0.1','å†…ç½‘IP','{\"functionAuthor\":\"nuoyi\",\"columns\":[{\"usableColumn\":false,\"columnId\":219,\"isIncrement\":\"1\",\"increment\":true,\"insert\":false,\"dictType\":\"\",\"required\":false,\"superColumn\":false,\"updateBy\":\"\",\"javaField\":\"id\",\"htmlType\":\"input\",\"edit\":false,\"query\":false,\"columnComment\":\"id\",\"sort\":1,\"list\":false,\"params\":{},\"javaType\":\"Long\",\"queryType\":\"EQ\",\"columnType\":\"int(11)\",\"createBy\":\"admin\",\"isPk\":\"1\",\"createTime\":1589350114000,\"tableId\":21,\"pk\":true,\"columnName\":\"id\"},{\"usableColumn\":false,\"columnId\":220,\"isIncrement\":\"0\",\"increment\":false,\"insert\":true,\"isList\":\"1\",\"dictType\":\"\",\"required\":false,\"superColumn\":false,\"updateBy\":\"\",\"isInsert\":\"1\",\"javaField\":\"materialNum\",\"htmlType\":\"input\",\"edit\":true,\"query\":true,\"columnComment\":\"ç‰©æ–™ç¼–å·\",\"isQuery\":\"1\",\"sort\":2,\"list\":true,\"params\":{},\"javaType\":\"String\",\"queryType\":\"EQ\",\"columnType\":\"varchar(20)\",\"createBy\":\"admin\",\"isPk\":\"0\",\"createTime\":1589350114000,\"isEdit\":\"1\",\"tableId\":21,\"pk\":false,\"columnName\":\"material_num\"},{\"usableColumn\":false,\"columnId\":221,\"isIncrement\":\"0\",\"increment\":false,\"insert\":true,\"isList\":\"1\",\"dictType\":\"\",\"required\":false,\"superColumn\":false,\"updateBy\":\"\",\"isInsert\":\"1\",\"javaField\":\"specifications\",\"htmlType\":\"input\",\"edit\":true,\"query\":true,\"columnComment\":\"è§„æ ¼\",\"isQuery\":\"1\",\"sort\":3,\"list\":true,\"params\":{},\"javaType\":\"String\",\"queryType\":\"EQ\",\"columnType\":\"varchar(30)\",\"createBy\":\"admin\",\"isPk\":\"0\",\"createTime\":1589350114000,\"isEdit\":\"1\",\"tableId\":21,\"pk\":false,\"columnName\":\"specifications\"},{\"usableColumn\":false,\"columnId\":222,\"isIncrement\":\"0\",\"increment\":false,\"insert\":true,\"isList\":\"1\",\"dictType\":\"\",\"required\":false,\"superColumn\":false,\"updateBy\":\"\",\"isInsert\":\"1\",\"javaField\":\"weight\",\"htmlType\":\"input\",\"edit\":true,\"query\":false,\"columnComment\":\"é‡é‡\",\"sort\":4,\"list\":true,\"params\":{},\"javaType\":\"Long\",\"queryType\":\"EQ\",\"columnType\":\"double\",\"createBy\":\"admin\",\"isPk\":\"0\",\"createTime\":1589350114000,\"isEdit\":\"1\",\"tableId\":21,\"pk\":false,\"columnName\":\"weight\"},{\"usableColumn\":false,\"columnId\":223,\"isIncre','{\"msg\":\"æ“ä½œæˆåŠŸ\",\"code\":200}',0,NULL,'2020-05-13 14:11:32'),(183,'ä»£ç ç”Ÿæˆ',8,'com.logistic.project.tool.gen.controller.GenController.batchGenCode()','GET',1,'admin',NULL,'/tool/gen/batchGenCode','127.0.0.1','å†…ç½‘IP','{}','null',0,NULL,'2020-05-13 14:11:37'),(184,'èœå•ç®¡ç†',1,'com.logistic.project.system.controller.SysMenuController.add()','POST',1,'admin',NULL,'/system/menu','127.0.0.1','å†…ç½‘IP','{\"visible\":\"0\",\"icon\":\"dashboard\",\"orderNum\":\"4\",\"menuName\":\"ç‰©æ–™æŠ¥åºŸ\",\"params\":{},\"parentId\":1072,\"path\":\"system\",\"createBy\":\"admin\",\"children\":[],\"isFrame\":\"1\",\"menuType\":\"M\",\"status\":\"0\"}','{\"msg\":\"æ“ä½œæˆåŠŸ\",\"code\":200}',0,NULL,'2020-05-13 14:12:20'),(185,'èœå•ç®¡ç†',2,'com.logistic.project.system.controller.SysMenuController.edit()','PUT',1,'admin',NULL,'/system/menu','127.0.0.1','å†…ç½‘IP','{\"visible\":\"0\",\"icon\":\"dashboard\",\"orderNum\":\"4\",\"menuName\":\"ç‰©æ–™æŠ¥åºŸ\",\"params\":{},\"parentId\":1072,\"path\":\"scrap\",\"component\":\"system/scrap/index\",\"children\":[],\"createTime\":1589350340000,\"updateBy\":\"admin\",\"isFrame\":\"1\",\"menuId\":1077,\"menuType\":\"C\",\"perms\":\"system:scrap:list\",\"status\":\"0\"}','{\"msg\":\"æ“ä½œæˆåŠŸ\",\"code\":200}',0,NULL,'2020-05-13 14:13:24'),(186,'èœå•ç®¡ç†',2,'com.logistic.project.system.controller.SysMenuController.edit()','PUT',1,'admin',NULL,'/system/menu','127.0.0.1','å†…ç½‘IP','{\"visible\":\"0\",\"icon\":\"edit\",\"orderNum\":\"4\",\"menuName\":\"ä»“å‚¨ç®¡ç†\",\"params\":{},\"parentId\":0,\"path\":\"doc\",\"children\":[],\"createTime\":1589266817000,\"updateBy\":\"admin\",\"isFrame\":\"1\",\"menuId\":1072,\"menuType\":\"M\",\"perms\":\"\",\"status\":\"0\"}','{\"msg\":\"æ“ä½œæˆåŠŸ\",\"code\":200}',0,NULL,'2020-05-13 14:18:55'),(187,'èœå•ç®¡ç†',2,'com.logistic.project.system.controller.SysMenuController.edit()','PUT',1,'admin',NULL,'/system/menu','127.0.0.1','å†…ç½‘IP','{\"visible\":\"0\",\"icon\":\"guide\",\"orderNum\":\"11\",\"menuName\":\"å•æ®æŸ¥è¯¢\",\"params\":{},\"parentId\":0,\"path\":\"bill\",\"children\":[],\"createTime\":1521171180000,\"updateBy\":\"admin\",\"isFrame\":\"1\",\"menuId\":4,\"menuType\":\"M\",\"perms\":\"\",\"status\":\"1\"}','{\"msg\":\"æ“ä½œæˆåŠŸ\",\"code\":200}',0,NULL,'2020-05-17 07:14:50'),(188,'èœå•ç®¡ç†',2,'com.logistic.project.system.controller.SysMenuController.edit()','PUT',1,'admin',NULL,'/system/menu','127.0.0.1','å†…ç½‘IP','{\"visible\":\"0\",\"icon\":\"guide\",\"orderNum\":\"11\",\"menuName\":\"å•æ®æŸ¥è¯¢\",\"params\":{},\"parentId\":0,\"path\":\"bill\",\"children\":[],\"createTime\":1521171180000,\"updateBy\":\"admin\",\"isFrame\":\"1\",\"menuId\":4,\"menuType\":\"M\",\"perms\":\"\",\"status\":\"0\"}','{\"msg\":\"æ“ä½œæˆåŠŸ\",\"code\":200}',0,NULL,'2020-05-17 07:15:00'),(189,'èœå•ç®¡ç†',2,'com.logistic.project.system.controller.SysMenuController.edit()','PUT',1,'admin',NULL,'/system/menu','127.0.0.1','å†…ç½‘IP','{\"visible\":\"0\",\"icon\":\"user\",\"orderNum\":\"2\",\"menuName\":\"å®¢æˆ·å•æ®\",\"params\":{},\"parentId\":4,\"path\":\"customorder\",\"component\":\"system/customorder/index\",\"children\":[],\"createTime\":1589338341000,\"updateBy\":\"admin\",\"isFrame\":\"1\",\"menuId\":1073,\"menuType\":\"C\",\"perms\":\"system:customorder:list\",\"status\":\"0\"}','{\"msg\":\"æ“ä½œæˆåŠŸ\",\"code\":200}',0,NULL,'2020-05-17 07:15:25'),(190,'èœå•ç®¡ç†',2,'com.logistic.project.system.controller.SysMenuController.edit()','PUT',1,'admin',NULL,'/system/menu','127.0.0.1','å†…ç½‘IP','{\"visible\":\"0\",\"icon\":\"search\",\"orderNum\":\"6\",\"menuName\":\"åˆ°è´§å•æ®\",\"params\":{},\"parentId\":4,\"path\":\"shippingdoc\",\"component\":\"system/shippingdoc/index\",\"children\":[],\"createTime\":1588828594000,\"updateBy\":\"admin\",\"isFrame\":\"1\",\"menuId\":1070,\"menuType\":\"C\",\"perms\":\"system:shippingdoc:list\",\"status\":\"0\"}','{\"msg\":\"æ“ä½œæˆåŠŸ\",\"code\":200}',0,NULL,'2020-05-17 07:15:32'),(191,'èœå•ç®¡ç†',1,'com.logistic.project.system.controller.SysMenuController.add()','POST',1,'admin',NULL,'/system/menu','127.0.0.1','å†…ç½‘IP','{\"visible\":\"0\",\"icon\":\"shopping\",\"orderNum\":\"4\",\"menuName\":\"é‡‡è´­ç®¡ç†\",\"params\":{},\"parentId\":0,\"path\":\"purchase\",\"createBy\":\"admin\",\"children\":[],\"isFrame\":\"1\",\"menuType\":\"M\",\"status\":\"0\"}','{\"msg\":\"æ“ä½œæˆåŠŸ\",\"code\":200}',0,NULL,'2020-05-17 07:19:01'),(192,'èœå•ç®¡ç†',2,'com.logistic.project.system.controller.SysMenuController.edit()','PUT',1,'admin',NULL,'/system/menu','127.0.0.1','å†…ç½‘IP','{\"visible\":\"0\",\"icon\":\"peoples\",\"orderNum\":\"2\",\"menuName\":\"ä¾›åº”å•†ç®¡ç†\",\"params\":{},\"parentId\":1078,\"path\":\"provider\",\"component\":\"system/provider/index\",\"children\":[],\"createTime\":1587715967000,\"updateBy\":\"admin\",\"isFrame\":\"1\",\"menuId\":1065,\"menuType\":\"C\",\"perms\":\"system:provider:list\",\"status\":\"0\"}','{\"msg\":\"æ“ä½œæˆåŠŸ\",\"code\":200}',0,NULL,'2020-05-17 09:33:46'),(193,'èœå•ç®¡ç†',2,'com.logistic.project.system.controller.SysMenuController.edit()','PUT',1,'admin',NULL,'/system/menu','127.0.0.1','å†…ç½‘IP','{\"visible\":\"0\",\"icon\":\"edit\",\"orderNum\":\"4\",\"menuName\":\"åº“å­˜ç®¡ç†\",\"params\":{},\"parentId\":0,\"path\":\"doc\",\"children\":[],\"createTime\":1589266817000,\"updateBy\":\"admin\",\"isFrame\":\"1\",\"menuId\":1072,\"menuType\":\"M\",\"perms\":\"\",\"status\":\"0\"}','{\"msg\":\"æ“ä½œæˆåŠŸ\",\"code\":200}',0,NULL,'2020-05-17 09:37:16'),(194,'èœå•ç®¡ç†',1,'com.logistic.project.system.controller.SysMenuController.add()','POST',1,'admin',NULL,'/system/menu','127.0.0.1','å†…ç½‘IP','{\"visible\":\"0\",\"icon\":\"example\",\"orderNum\":\"5\",\"menuName\":\"é…é€è¿è¾“\",\"params\":{},\"parentId\":0,\"path\":\"peisong\",\"createBy\":\"admin\",\"children\":[],\"isFrame\":\"1\",\"menuType\":\"M\",\"status\":\"0\"}','{\"msg\":\"æ“ä½œæˆåŠŸ\",\"code\":200}',0,NULL,'2020-05-17 09:39:05'),(195,'èœå•ç®¡ç†',2,'com.logistic.project.system.controller.SysMenuController.edit()','PUT',1,'admin',NULL,'/system/menu','127.0.0.1','å†…ç½‘IP','{\"visible\":\"0\",\"icon\":\"drag\",\"orderNum\":\"6\",\"menuName\":\"é…é€ä»»åŠ¡\",\"params\":{},\"parentId\":1079,\"path\":\"delivery\",\"component\":\"system/delivery/index\",\"children\":[],\"createTime\":1588825937000,\"updateBy\":\"admin\",\"isFrame\":\"1\",\"menuId\":1069,\"menuType\":\"C\",\"perms\":\"system:delivery:list\",\"status\":\"0\"}','{\"msg\":\"æ“ä½œæˆåŠŸ\",\"code\":200}',0,NULL,'2020-05-17 11:10:18'),(196,'èœå•ç®¡ç†',2,'com.logistic.project.system.controller.SysMenuController.edit()','PUT',1,'admin',NULL,'/system/menu','127.0.0.1','å†…ç½‘IP','{\"visible\":\"0\",\"icon\":\"example\",\"orderNum\":\"5\",\"menuName\":\"é…é€è¿è¾“\",\"params\":{},\"parentId\":0,\"path\":\"delivery\",\"children\":[],\"createTime\":1589679545000,\"updateBy\":\"admin\",\"isFrame\":\"1\",\"menuId\":1079,\"menuType\":\"M\",\"perms\":\"\",\"status\":\"0\"}','{\"msg\":\"æ“ä½œæˆåŠŸ\",\"code\":200}',0,NULL,'2020-05-17 11:12:27'),(197,'èœå•ç®¡ç†',1,'com.logistic.project.system.controller.SysMenuController.add()','POST',1,'admin',NULL,'/system/menu','127.0.0.1','å†…ç½‘IP','{\"visible\":\"0\",\"icon\":\"nested\",\"orderNum\":\"2\",\"menuName\":\"é‡‡è´­ç”³è¯·\",\"params\":{},\"parentId\":1078,\"path\":\"purchase\",\"component\":\"system/purchase/index\",\"createBy\":\"admin\",\"children\":[],\"isFrame\":\"1\",\"menuType\":\"C\",\"perms\":\"system:purchase:list\",\"status\":\"0\"}','{\"msg\":\"æ“ä½œæˆåŠŸ\",\"code\":200}',0,NULL,'2020-05-17 11:17:20'),(198,'èœå•ç®¡ç†',1,'com.logistic.project.system.controller.SysMenuController.add()','POST',1,'admin',NULL,'/system/menu','127.0.0.1','å†…ç½‘IP','{\"visible\":\"0\",\"icon\":\"theme\",\"orderNum\":\"6\",\"menuName\":\"å…¥åº“ç®¡ç†\",\"params\":{},\"parentId\":0,\"path\":\"warehousing\",\"createBy\":\"admin\",\"children\":[],\"isFrame\":\"1\",\"menuType\":\"M\",\"status\":\"0\"}','{\"msg\":\"æ“ä½œæˆåŠŸ\",\"code\":200}',0,NULL,'2020-05-17 11:20:08'),(199,'ä»£ç ç”Ÿæˆ',6,'com.logistic.project.tool.gen.controller.GenController.importTableSave()','POST',1,'admin',NULL,'/tool/gen/importTable','127.0.0.1','å†…ç½‘IP','bus_purchase','{\"msg\":\"æ“ä½œæˆåŠŸ\",\"code\":200}',0,NULL,'2020-05-17 11:30:08'),(200,'èœå•ç®¡ç†',2,'com.logistic.project.system.controller.SysMenuController.edit()','PUT',1,'admin',NULL,'/system/menu','127.0.0.1','å†…ç½‘IP','{\"visible\":\"0\",\"icon\":\"dict\",\"orderNum\":\"6\",\"menuName\":\"å­—å…¸ç®¡ç†\",\"params\":{},\"parentId\":1,\"path\":\"dict\",\"component\":\"system/dict/index\",\"children\":[],\"createTime\":1521171180000,\"updateBy\":\"admin\",\"isFrame\":\"1\",\"menuId\":105,\"menuType\":\"C\",\"perms\":\"system:dict:list\",\"status\":\"0\"}','{\"msg\":\"æ“ä½œæˆåŠŸ\",\"code\":200}',0,NULL,'2020-05-17 11:31:08'),(201,'å­—å…¸ç±»å‹',1,'com.logistic.project.system.controller.SysDictTypeController.add()','POST',1,'admin',NULL,'/system/dict/type','127.0.0.1','å†…ç½‘IP','{\"params\":{},\"dictType\":\"sys_purchase_state\",\"createBy\":\"admin\",\"dictName\":\"é‡‡è´­çŠ¶æ€\",\"status\":\"0\"}','{\"msg\":\"æ“ä½œæˆåŠŸ\",\"code\":200}',0,NULL,'2020-05-17 11:32:57'),(202,'å­—å…¸æ•°æ®',1,'com.logistic.project.system.controller.SysDictDataController.add()','POST',1,'admin',NULL,'/system/dict/data','127.0.0.1','å†…ç½‘IP','{\"dictValue\":\"purchase\",\"dictSort\":0,\"params\":{},\"dictType\":\"sys_purchase_state\",\"dictLabel\":\"å·²é‡‡è´­\",\"createBy\":\"admin\",\"default\":false,\"status\":\"0\"}','{\"msg\":\"æ“ä½œæˆåŠŸ\",\"code\":200}',0,NULL,'2020-05-17 11:34:16'),(203,'å­—å…¸æ•°æ®',2,'com.logistic.project.system.controller.SysDictDataController.edit()','PUT',1,'admin',NULL,'/system/dict/data','127.0.0.1','å†…ç½‘IP','{\"dictValue\":\"å·²é‡‡è´­\",\"dictSort\":0,\"params\":{},\"dictType\":\"sys_purchase_state\",\"dictLabel\":\"å·²é‡‡è´­\",\"createBy\":\"admin\",\"default\":false,\"isDefault\":\"N\",\"createTime\":1589686456000,\"dictCode\":31,\"updateBy\":\"admin\",\"status\":\"0\"}','{\"msg\":\"æ“ä½œæˆåŠŸ\",\"code\":200}',0,NULL,'2020-05-17 11:34:22'),(204,'å­—å…¸æ•°æ®',1,'com.logistic.project.system.controller.SysDictDataController.add()','POST',1,'admin',NULL,'/system/dict/data','127.0.0.1','å†…ç½‘IP','{\"dictValue\":\"æœªé‡‡è´­\",\"dictSort\":1,\"params\":{},\"dictType\":\"sys_purchase_state\",\"dictLabel\":\"æœªé‡‡è´­\",\"createBy\":\"admin\",\"default\":false,\"status\":\"0\"}','{\"msg\":\"æ“ä½œæˆåŠŸ\",\"code\":200}',0,NULL,'2020-05-17 11:34:55'),(205,'å­—å…¸æ•°æ®',2,'com.logistic.project.system.controller.SysDictDataController.edit()','PUT',1,'admin',NULL,'/system/dict/data','127.0.0.1','å†…ç½‘IP','{\"dictValue\":\"0\",\"dictSort\":0,\"params\":{},\"dictType\":\"sys_purchase_state\",\"dictLabel\":\"å·²é‡‡è´­\",\"createBy\":\"admin\",\"default\":false,\"isDefault\":\"N\",\"createTime\":1589686456000,\"dictCode\":31,\"updateBy\":\"admin\",\"status\":\"0\"}','{\"msg\":\"æ“ä½œæˆåŠŸ\",\"code\":200}',0,NULL,'2020-05-17 11:36:09'),(206,'å­—å…¸æ•°æ®',2,'com.logistic.project.system.controller.SysDictDataController.edit()','PUT',1,'admin',NULL,'/system/dict/data','127.0.0.1','å†…ç½‘IP','{\"dictValue\":\"1\",\"dictSort\":1,\"params\":{},\"dictType\":\"sys_purchase_state\",\"dictLabel\":\"æœªé‡‡è´­\",\"createBy\":\"admin\",\"default\":false,\"isDefault\":\"N\",\"createTime\":1589686495000,\"dictCode\":32,\"updateBy\":\"admin\",\"status\":\"0\"}','{\"msg\":\"æ“ä½œæˆåŠŸ\",\"code\":200}',0,NULL,'2020-05-17 11:36:16'),(207,'ä»£ç ç”Ÿæˆ',3,'com.logistic.project.tool.gen.controller.GenController.remove()','DELETE',1,'admin',NULL,'/tool/gen/22','127.0.0.1','å†…ç½‘IP','{tableIds=22}','{\"msg\":\"æ“ä½œæˆåŠŸ\",\"code\":200}',0,NULL,'2020-05-17 11:36:44'),(208,'ä»£ç ç”Ÿæˆ',6,'com.logistic.project.tool.gen.controller.GenController.importTableSave()','POST',1,'admin',NULL,'/tool/gen/importTable','127.0.0.1','å†…ç½‘IP','bus_purchase','{\"msg\":\"æ“ä½œæˆåŠŸ\",\"code\":200}',0,NULL,'2020-05-17 11:36:48'),(209,'ä»£ç ç”Ÿæˆ',2,'com.logistic.project.tool.gen.controller.GenController.editSave()','PUT',1,'admin',NULL,'/tool/gen','127.0.0.1','å†…ç½‘IP','{\"functionAuthor\":\"mg\",\"columns\":[{\"usableColumn\":false,\"columnId\":232,\"isIncrement\":\"1\",\"increment\":true,\"insert\":false,\"dictType\":\"\",\"required\":false,\"superColumn\":false,\"updateBy\":\"\",\"javaField\":\"id\",\"htmlType\":\"input\",\"edit\":false,\"query\":false,\"sort\":1,\"list\":false,\"params\":{},\"javaType\":\"Long\",\"queryType\":\"EQ\",\"columnType\":\"int(11)\",\"createBy\":\"admin\",\"isPk\":\"1\",\"createTime\":1589686608000,\"tableId\":23,\"pk\":true,\"columnName\":\"id\"},{\"usableColumn\":false,\"columnId\":233,\"isIncrement\":\"0\",\"increment\":false,\"insert\":true,\"isList\":\"1\",\"dictType\":\"\",\"required\":false,\"superColumn\":false,\"updateBy\":\"\",\"isInsert\":\"1\",\"javaField\":\"purchaseNum\",\"htmlType\":\"input\",\"edit\":true,\"query\":true,\"columnComment\":\"é‡‡è´­ç”³è¯·å•ç¼–å·\",\"isQuery\":\"1\",\"sort\":2,\"list\":true,\"params\":{},\"javaType\":\"String\",\"queryType\":\"LIKE\",\"columnType\":\"varchar(30)\",\"createBy\":\"admin\",\"isPk\":\"0\",\"createTime\":1589686608000,\"isEdit\":\"1\",\"tableId\":23,\"pk\":false,\"columnName\":\"purchase_num\"},{\"usableColumn\":false,\"columnId\":234,\"isIncrement\":\"0\",\"increment\":false,\"insert\":true,\"isList\":\"1\",\"dictType\":\"\",\"required\":false,\"superColumn\":false,\"updateBy\":\"\",\"isInsert\":\"1\",\"javaField\":\"purchaseDate\",\"htmlType\":\"datetime\",\"edit\":true,\"query\":true,\"columnComment\":\"ç”³è¯·æ—¥æœŸ\",\"isQuery\":\"1\",\"sort\":3,\"list\":true,\"params\":{},\"javaType\":\"Date\",\"queryType\":\"LTE\",\"columnType\":\"date\",\"createBy\":\"admin\",\"isPk\":\"0\",\"createTime\":1589686608000,\"isEdit\":\"1\",\"tableId\":23,\"pk\":false,\"columnName\":\"purchase_date\"},{\"usableColumn\":false,\"columnId\":235,\"isIncrement\":\"0\",\"increment\":false,\"insert\":true,\"isList\":\"1\",\"dictType\":\"\",\"required\":false,\"superColumn\":false,\"updateBy\":\"\",\"isInsert\":\"1\",\"javaField\":\"completeDate\",\"htmlType\":\"datetime\",\"edit\":true,\"query\":true,\"columnComment\":\"å®Œæˆæ—¥æœŸ\",\"isQuery\":\"1\",\"sort\":4,\"list\":true,\"params\":{},\"javaType\":\"Date\",\"queryType\":\"LTE\",\"columnType\":\"date\",\"createBy\":\"admin\",\"isPk\":\"0\",\"createTime\":1589686608000,\"isEdit\":\"1\",\"tableId\":23,\"pk\":false,\"columnName\":\"complete_date\"},{\"usableColumn\":false,\"columnId\":236,\"is','{\"msg\":\"æ“ä½œæˆåŠŸ\",\"code\":200}',0,NULL,'2020-05-17 11:38:50'),(210,'ä»£ç ç”Ÿæˆ',8,'com.logistic.project.tool.gen.controller.GenController.batchGenCode()','GET',1,'admin',NULL,'/tool/gen/batchGenCode','127.0.0.1','å†…ç½‘IP','{}','null',0,NULL,'2020-05-17 11:38:58'),(211,'é‡‡è´­ç”³è¯·',1,'com.logistic.project.system.controller.BusPurchaseController.add()','POST',1,'admin',NULL,'/system/purchase','127.0.0.1','å†…ç½‘IP','{\"purchaseDate\":1588780800000,\"params\":{},\"completeDate\":1590595200000,\"person\":\"mage\",\"id\":1,\"purchaseNum\":\"CGSQ001\"}','{\"msg\":\"æ“ä½œæˆåŠŸ\",\"code\":200}',0,NULL,'2020-05-17 11:42:10'),(212,'å­—å…¸æ•°æ®',2,'com.logistic.project.system.controller.SysDictDataController.edit()','PUT',1,'admin',NULL,'/system/dict/data','127.0.0.1','å†…ç½‘IP','{\"dictValue\":\"0\",\"dictSort\":0,\"params\":{},\"dictType\":\"sys_purchase_state\",\"dictLabel\":\"æœªé‡‡è´­\",\"createBy\":\"admin\",\"default\":false,\"isDefault\":\"N\",\"createTime\":1589686456000,\"dictCode\":31,\"updateBy\":\"admin\",\"status\":\"0\"}','{\"msg\":\"æ“ä½œæˆåŠŸ\",\"code\":200}',0,NULL,'2020-05-17 11:45:07'),(213,'å­—å…¸æ•°æ®',2,'com.logistic.project.system.controller.SysDictDataController.edit()','PUT',1,'admin',NULL,'/system/dict/data','127.0.0.1','å†…ç½‘IP','{\"dictValue\":\"1\",\"dictSort\":1,\"params\":{},\"dictType\":\"sys_purchase_state\",\"dictLabel\":\"å·²é‡‡è´­\",\"createBy\":\"admin\",\"default\":false,\"isDefault\":\"N\",\"createTime\":1589686495000,\"dictCode\":32,\"updateBy\":\"admin\",\"status\":\"0\"}','{\"msg\":\"æ“ä½œæˆåŠŸ\",\"code\":200}',0,NULL,'2020-05-17 11:45:17'),(214,'èœå•ç®¡ç†',1,'com.logistic.project.system.controller.SysMenuController.add()','POST',1,'admin',NULL,'/system/menu','127.0.0.1','å†…ç½‘IP','{\"visible\":\"0\",\"icon\":\"star\",\"orderNum\":\"7\",\"menuName\":\"å‡ºåº“ç®¡ç†\",\"params\":{},\"parentId\":0,\"path\":\"outbound\",\"createBy\":\"admin\",\"children\":[],\"isFrame\":\"1\",\"menuType\":\"M\",\"status\":\"0\"}','{\"msg\":\"æ“ä½œæˆåŠŸ\",\"code\":200}',0,NULL,'2020-05-17 11:47:27'),(215,'é…é€è¿è¾“',2,'com.logistic.project.system.controller.BusDeliveryController.edit()','PUT',1,'admin',NULL,'/system/delivery','127.0.0.1','å†…ç½‘IP','{\"address\":\"é«˜æ–°åŒº\",\"deliveryPerson\":\"è¶…çº§ç›ä¸½\",\"deliveryTime\":1588780800000,\"goodsid\":1,\"params\":{},\"operator\":\"mmy\",\"id\":1}','{\"msg\":\"æ“ä½œæˆåŠŸ\",\"code\":200}',0,NULL,'2020-05-17 11:54:16'),(216,'å•†å“',2,'com.logistic.project.system.controller.BusGoodsController.edit()','PUT',1,'admin',NULL,'/system/goods','127.0.0.1','å†…ç½‘IP','{\"dangernum\":10,\"productcode\":\"PH12345\",\"available\":1,\"description\":\"å°å­©å­éƒ½çˆ±çš„\",\"goodsname\":\"å¨ƒå“ˆå“ˆ\",\"number\":489,\"price\":2.0,\"id\":1,\"goodsimg\":\"2018-12-25/userface1.jpg\",\"produceplace\":\"æ­¦æ±‰\",\"params\":{},\"goodspackage\":\"ç“¶\",\"size\":\"120ML\",\"providerid\":3,\"promitcode\":\"PZ1234\"}','{\"msg\":\"æ“ä½œæˆåŠŸ\",\"code\":200}',0,NULL,'2020-05-17 11:56:14'),(217,'å•†å“',2,'com.logistic.project.system.controller.BusGoodsController.edit()','PUT',1,'admin',NULL,'/system/goods','127.0.0.1','å†…ç½‘IP','{\"dangernum\":10,\"productcode\":\"PH12345\",\"available\":1,\"description\":\"å°å­©å­éƒ½çˆ±çš„\",\"goodsname\":\"å¨ƒå“ˆå“ˆ\",\"number\":489,\"price\":2.0,\"id\":1,\"goodsimg\":\"2018-12-25/userface1.jpg\",\"produceplace\":\"æ­¦æ±‰\",\"params\":{},\"goodspackage\":\"ç“¶\",\"size\":\"120ML\",\"providerid\":3,\"promitcode\":\"PZ1234\"}','{\"msg\":\"æ“ä½œæˆåŠŸ\",\"code\":200}',0,NULL,'2020-05-17 11:56:14'),(218,'èœå•ç®¡ç†',2,'com.logistic.project.system.controller.SysMenuController.edit()','PUT',1,'admin',NULL,'/system/menu','127.0.0.1','å†…ç½‘IP','{\"visible\":\"0\",\"icon\":\"shopping\",\"orderNum\":\"4\",\"menuName\":\"é‡‡è´­å…¥åº“\",\"params\":{},\"parentId\":1081,\"path\":\"inport\",\"component\":\"system/inport/index\",\"children\":[],\"createTime\":1587716353000,\"updateBy\":\"admin\",\"isFrame\":\"1\",\"menuId\":1066,\"menuType\":\"C\",\"perms\":\"system:inport:list\",\"status\":\"0\"}','{\"msg\":\"æ“ä½œæˆåŠŸ\",\"code\":200}',0,NULL,'2020-05-17 11:57:50'),(219,'èœå•ç®¡ç†',2,'com.logistic.project.system.controller.SysMenuController.edit()','PUT',1,'admin',NULL,'/system/menu','127.0.0.1','å†…ç½‘IP','{\"visible\":\"0\",\"icon\":\"shopping\",\"orderNum\":\"6\",\"menuName\":\"ç‰©æ–™å‡ºåº“\",\"params\":{},\"parentId\":1082,\"path\":\"outport\",\"component\":\"system/outport/index\",\"children\":[],\"createTime\":1588824186000,\"updateBy\":\"admin\",\"isFrame\":\"1\",\"menuId\":1068,\"menuType\":\"C\",\"perms\":\"system:outport:list\",\"status\":\"0\"}','{\"msg\":\"æ“ä½œæˆåŠŸ\",\"code\":200}',0,NULL,'2020-05-17 12:08:28'),(220,'ä»£ç ç”Ÿæˆ',2,'com.logistic.project.tool.gen.controller.GenController.editSave()','PUT',1,'admin',NULL,'/tool/gen','127.0.0.1','å†…ç½‘IP','{\"functionAuthor\":\"mg\",\"columns\":[{\"usableColumn\":false,\"columnId\":208,\"isIncrement\":\"1\",\"increment\":true,\"insert\":false,\"dictType\":\"\",\"required\":false,\"superColumn\":false,\"updateBy\":\"\",\"javaField\":\"id\",\"htmlType\":\"input\",\"edit\":false,\"query\":false,\"columnComment\":\"id\",\"updateTime\":1589338062000,\"sort\":1,\"list\":false,\"params\":{},\"javaType\":\"Long\",\"queryType\":\"EQ\",\"columnType\":\"int(11)\",\"createBy\":\"admin\",\"isPk\":\"1\",\"createTime\":1589337989000,\"tableId\":19,\"pk\":true,\"columnName\":\"id\"},{\"usableColumn\":false,\"columnId\":209,\"isIncrement\":\"0\",\"increment\":false,\"insert\":true,\"isList\":\"1\",\"dictType\":\"\",\"required\":false,\"superColumn\":false,\"updateBy\":\"\",\"isInsert\":\"1\",\"javaField\":\"custName\",\"htmlType\":\"input\",\"edit\":true,\"query\":true,\"columnComment\":\"å®¢æˆ·åç§°\",\"isQuery\":\"1\",\"updateTime\":1589338062000,\"sort\":2,\"list\":true,\"params\":{},\"javaType\":\"String\",\"queryType\":\"LIKE\",\"columnType\":\"varchar(20)\",\"createBy\":\"admin\",\"isPk\":\"0\",\"createTime\":1589337989000,\"isEdit\":\"1\",\"tableId\":19,\"pk\":false,\"columnName\":\"cust_name\"},{\"usableColumn\":false,\"columnId\":210,\"isIncrement\":\"0\",\"increment\":false,\"insert\":true,\"isList\":\"1\",\"dictType\":\"\",\"required\":false,\"superColumn\":false,\"updateBy\":\"\",\"isInsert\":\"1\",\"javaField\":\"orderDate\",\"htmlType\":\"datetime\",\"edit\":true,\"query\":true,\"columnComment\":\"è®¢å•æ—¥æœŸ\",\"isQuery\":\"1\",\"updateTime\":1589338062000,\"sort\":3,\"list\":true,\"params\":{},\"javaType\":\"Date\",\"queryType\":\"LTE\",\"columnType\":\"date\",\"createBy\":\"admin\",\"isPk\":\"0\",\"createTime\":1589337989000,\"isEdit\":\"1\",\"tableId\":19,\"pk\":false,\"columnName\":\"order_date\"},{\"usableColumn\":false,\"columnId\":211,\"isIncrement\":\"0\",\"increment\":false,\"insert\":true,\"isList\":\"1\",\"dictType\":\"\",\"required\":false,\"superColumn\":false,\"updateBy\":\"\",\"isInsert\":\"1\",\"javaField\":\"orderType\",\"htmlType\":\"select\",\"edit\":true,\"query\":true,\"columnComment\":\"è®¢å•ç±»å‹\",\"isQuery\":\"1\",\"updateTime\":1589338062000,\"sort\":4,\"list\":true,\"params\":{},\"javaType\":\"String\",\"queryType\":\"EQ\",\"columnType\":\"varchar(10)\",\"createBy\":\"admin\",\"isPk\":\"0\",\"createTime\":1589','{\"msg\":\"æ“ä½œæˆåŠŸ\",\"code\":200}',0,NULL,'2020-05-17 12:57:18'),(221,'ä»£ç ç”Ÿæˆ',8,'com.logistic.project.tool.gen.controller.GenController.batchGenCode()','GET',1,'admin',NULL,'/tool/gen/batchGenCode','127.0.0.1','å†…ç½‘IP','{}','null',0,NULL,'2020-05-17 12:57:24'),(222,'å®¢æˆ·è®¢å•æŸ¥è¯¢',1,'com.logistic.project.system.controller.BusCustomorderController.add()','POST',1,'admin',NULL,'/system/customorder','127.0.0.1','å†…ç½‘IP','{\"orderType\":\"å›½å†…\",\"custName\":\"ä¸­å…´\",\"params\":{},\"payType\":\"0\",\"id\":2,\"state\":\"0\",\"orderDate\":1589212800000}','{\"msg\":\"æ“ä½œæˆåŠŸ\",\"code\":200}',0,NULL,'2020-05-17 13:03:52'),(223,'ä»£ç ç”Ÿæˆ',2,'com.logistic.project.tool.gen.controller.GenController.editSave()','PUT',1,'admin',NULL,'/tool/gen','127.0.0.1','å†…ç½‘IP','{\"functionAuthor\":\"nuoyi\",\"columns\":[{\"usableColumn\":false,\"columnId\":195,\"isIncrement\":\"1\",\"increment\":true,\"insert\":false,\"dictType\":\"\",\"required\":false,\"superColumn\":false,\"updateBy\":\"\",\"javaField\":\"id\",\"htmlType\":\"input\",\"edit\":false,\"query\":false,\"columnComment\":\"id\",\"updateTime\":1588829486000,\"sort\":1,\"list\":false,\"params\":{},\"javaType\":\"Long\",\"queryType\":\"EQ\",\"columnType\":\"int(11)\",\"createBy\":\"admin\",\"isPk\":\"1\",\"createTime\":1588829306000,\"tableId\":17,\"pk\":true,\"columnName\":\"id\"},{\"usableColumn\":false,\"columnId\":196,\"isIncrement\":\"0\",\"increment\":false,\"insert\":true,\"isList\":\"1\",\"dictType\":\"\",\"required\":false,\"superColumn\":false,\"updateBy\":\"\",\"isInsert\":\"1\",\"javaField\":\"goodsid\",\"htmlType\":\"input\",\"edit\":true,\"query\":true,\"columnComment\":\"å•†å“\",\"isQuery\":\"1\",\"updateTime\":1588829486000,\"sort\":2,\"list\":true,\"params\":{},\"javaType\":\"Long\",\"queryType\":\"EQ\",\"columnType\":\"int(11)\",\"createBy\":\"admin\",\"isPk\":\"0\",\"createTime\":1588829306000,\"isEdit\":\"1\",\"tableId\":17,\"pk\":false,\"columnName\":\"goodsid\"},{\"usableColumn\":false,\"columnId\":197,\"isIncrement\":\"0\",\"increment\":false,\"insert\":true,\"isList\":\"1\",\"dictType\":\"\",\"required\":false,\"superColumn\":false,\"updateBy\":\"\",\"isInsert\":\"1\",\"javaField\":\"shippingTime\",\"htmlType\":\"datetime\",\"edit\":true,\"query\":true,\"columnComment\":\"åˆ°è´§æ—¶é—´\",\"isQuery\":\"1\",\"updateTime\":1588829486000,\"sort\":3,\"list\":true,\"params\":{},\"javaType\":\"Date\",\"queryType\":\"EQ\",\"columnType\":\"datetime\",\"createBy\":\"admin\",\"isPk\":\"0\",\"createTime\":1588829306000,\"isEdit\":\"1\",\"tableId\":17,\"pk\":false,\"columnName\":\"shipping_time\"},{\"usableColumn\":false,\"columnId\":198,\"isIncrement\":\"0\",\"increment\":false,\"insert\":true,\"isList\":\"1\",\"dictType\":\"\",\"required\":false,\"superColumn\":false,\"updateBy\":\"\",\"isInsert\":\"1\",\"javaField\":\"cgy\",\"htmlType\":\"input\",\"edit\":true,\"query\":false,\"columnComment\":\"ä»“ç®¡å‘˜\",\"updateTime\":1588829486000,\"sort\":4,\"list\":true,\"params\":{},\"javaType\":\"String\",\"queryType\":\"EQ\",\"columnType\":\"varchar(20)\",\"createBy\":\"admin\",\"isPk\":\"0\",\"createTime\":1588829306000,\"isEdit\":\"1\"','{\"msg\":\"æ“ä½œæˆåŠŸ\",\"code\":200}',0,NULL,'2020-05-17 13:05:26'),(224,'ä»£ç ç”Ÿæˆ',8,'com.logistic.project.tool.gen.controller.GenController.batchGenCode()','GET',1,'admin',NULL,'/tool/gen/batchGenCode','127.0.0.1','å†…ç½‘IP','{}','null',0,NULL,'2020-05-17 13:05:32'),(225,'ä»£ç ç”Ÿæˆ',3,'com.logistic.project.tool.gen.controller.GenController.remove()','DELETE',1,'admin',NULL,'/tool/gen/17','127.0.0.1','å†…ç½‘IP','{tableIds=17}','{\"msg\":\"æ“ä½œæˆåŠŸ\",\"code\":200}',0,NULL,'2020-05-17 13:13:37'),(226,'ä»£ç ç”Ÿæˆ',6,'com.logistic.project.tool.gen.controller.GenController.importTableSave()','POST',1,'admin',NULL,'/tool/gen/importTable','127.0.0.1','å†…ç½‘IP','shippingdoc','{\"msg\":\"æ“ä½œæˆåŠŸ\",\"code\":200}',0,NULL,'2020-05-17 13:13:42'),(227,'ä»£ç ç”Ÿæˆ',2,'com.logistic.project.tool.gen.controller.GenController.editSave()','PUT',1,'admin',NULL,'/tool/gen','127.0.0.1','å†…ç½‘IP','{\"functionAuthor\":\"mg\",\"columns\":[{\"usableColumn\":false,\"columnId\":238,\"isIncrement\":\"1\",\"increment\":true,\"insert\":false,\"dictType\":\"\",\"required\":false,\"superColumn\":false,\"updateBy\":\"\",\"javaField\":\"id\",\"htmlType\":\"input\",\"edit\":false,\"query\":false,\"columnComment\":\"id\",\"sort\":1,\"list\":false,\"params\":{},\"javaType\":\"Long\",\"queryType\":\"EQ\",\"columnType\":\"int(11)\",\"createBy\":\"admin\",\"isPk\":\"1\",\"createTime\":1589692422000,\"tableId\":24,\"pk\":true,\"columnName\":\"id\"},{\"usableColumn\":false,\"columnId\":239,\"isIncrement\":\"0\",\"increment\":false,\"insert\":true,\"isList\":\"1\",\"dictType\":\"\",\"required\":false,\"superColumn\":false,\"updateBy\":\"\",\"isInsert\":\"1\",\"javaField\":\"goodsid\",\"htmlType\":\"select\",\"edit\":true,\"query\":true,\"columnComment\":\"å•†å“\",\"isQuery\":\"1\",\"sort\":2,\"list\":true,\"params\":{},\"javaType\":\"Long\",\"queryType\":\"LIKE\",\"columnType\":\"int(11)\",\"createBy\":\"admin\",\"isPk\":\"0\",\"createTime\":1589692422000,\"isEdit\":\"1\",\"tableId\":24,\"pk\":false,\"columnName\":\"goodsid\"},{\"usableColumn\":false,\"columnId\":240,\"isIncrement\":\"0\",\"increment\":false,\"insert\":true,\"isList\":\"1\",\"dictType\":\"\",\"required\":false,\"superColumn\":false,\"updateBy\":\"\",\"isInsert\":\"1\",\"javaField\":\"shippingTime\",\"htmlType\":\"datetime\",\"edit\":true,\"query\":true,\"columnComment\":\"åˆ°è´§æ—¶é—´\",\"isQuery\":\"1\",\"sort\":3,\"list\":true,\"params\":{},\"javaType\":\"Date\",\"queryType\":\"EQ\",\"columnType\":\"datetime\",\"createBy\":\"admin\",\"isPk\":\"0\",\"createTime\":1589692422000,\"isEdit\":\"1\",\"tableId\":24,\"pk\":false,\"columnName\":\"shipping_time\"},{\"usableColumn\":false,\"columnId\":241,\"isIncrement\":\"0\",\"increment\":false,\"insert\":true,\"isList\":\"1\",\"dictType\":\"\",\"required\":false,\"superColumn\":false,\"updateBy\":\"\",\"isInsert\":\"1\",\"javaField\":\"cgy\",\"htmlType\":\"input\",\"edit\":true,\"query\":false,\"columnComment\":\"ä»“ç®¡å‘˜\",\"sort\":4,\"list\":true,\"params\":{},\"javaType\":\"String\",\"queryType\":\"EQ\",\"columnType\":\"varchar(20)\",\"createBy\":\"admin\",\"isPk\":\"0\",\"createTime\":1589692422000,\"isEdit\":\"1\",\"tableId\":24,\"pk\":false,\"columnName\":\"cgy\"},{\"usableColumn\":false,\"columnId\":242,\"isIncrement\":\"0\",\"increme','{\"msg\":\"æ“ä½œæˆåŠŸ\",\"code\":200}',0,NULL,'2020-05-17 13:14:49'),(228,'ä»£ç ç”Ÿæˆ',8,'com.logistic.project.tool.gen.controller.GenController.batchGenCode()','GET',1,'admin',NULL,'/tool/gen/batchGenCode','127.0.0.1','å†…ç½‘IP','{}','null',0,NULL,'2020-05-17 13:14:56'),(229,'å®¢æˆ·å•æ®',1,'com.logistic.project.system.controller.ShippingdocController.add()','POST',1,'admin',NULL,'/system/shippingdoc','127.0.0.1','å†…ç½‘IP','{\"params\":{},\"warehouse\":\"ä¸‰å·ä»“åº“\",\"operator\":\"admn\",\"cgy\":\"mg\",\"shipPerson\":\"å°æ˜\",\"id\":2,\"shippingTime\":1588608000000}','{\"msg\":\"æ“ä½œæˆåŠŸ\",\"code\":200}',0,NULL,'2020-05-17 13:32:17'),(230,'å®¢æˆ·å•æ®',3,'com.logistic.project.system.controller.ShippingdocController.remove()','DELETE',1,'admin',NULL,'/system/shippingdoc/2','127.0.0.1','å†…ç½‘IP','{ids=2}','{\"msg\":\"æ“ä½œæˆåŠŸ\",\"code\":200}',0,NULL,'2020-05-17 13:32:45'),(231,'ä»£ç ç”Ÿæˆ',3,'com.logistic.project.tool.gen.controller.GenController.remove()','DELETE',1,'admin',NULL,'/tool/gen/6','127.0.0.1','å†…ç½‘IP','{tableIds=6}','{\"msg\":\"æ“ä½œæˆåŠŸ\",\"code\":200}',0,NULL,'2020-05-17 13:37:27'),(232,'ä»£ç ç”Ÿæˆ',3,'com.logistic.project.tool.gen.controller.GenController.remove()','DELETE',1,'admin',NULL,'/tool/gen/2','127.0.0.1','å†…ç½‘IP','{tableIds=2}','{\"msg\":\"æ“ä½œæˆåŠŸ\",\"code\":200}',0,NULL,'2020-05-17 13:37:30'),(233,'ä»£ç ç”Ÿæˆ',6,'com.logistic.project.tool.gen.controller.GenController.importTableSave()','POST',1,'admin',NULL,'/tool/gen/importTable','127.0.0.1','å†…ç½‘IP','bus_ck_check','{\"msg\":\"æ“ä½œæˆåŠŸ\",\"code\":200}',0,NULL,'2020-05-17 13:37:35'),(234,'ä»£ç ç”Ÿæˆ',2,'com.logistic.project.tool.gen.controller.GenController.editSave()','PUT',1,'admin',NULL,'/tool/gen','127.0.0.1','å†…ç½‘IP','{\"functionAuthor\":\"nuoyi\",\"columns\":[{\"usableColumn\":false,\"columnId\":245,\"isIncrement\":\"1\",\"increment\":true,\"insert\":false,\"dictType\":\"\",\"required\":true,\"superColumn\":false,\"updateBy\":\"\",\"isRequired\":\"1\",\"javaField\":\"id\",\"htmlType\":\"input\",\"edit\":false,\"query\":false,\"sort\":1,\"list\":false,\"params\":{},\"javaType\":\"Long\",\"queryType\":\"EQ\",\"columnType\":\"int(11)\",\"createBy\":\"admin\",\"isPk\":\"0\",\"createTime\":1589693855000,\"tableId\":25,\"pk\":false,\"columnName\":\"id\"},{\"usableColumn\":false,\"columnId\":246,\"isIncrement\":\"0\",\"increment\":false,\"insert\":true,\"isList\":\"1\",\"dictType\":\"\",\"required\":false,\"superColumn\":false,\"updateBy\":\"\",\"isInsert\":\"1\",\"javaField\":\"ckNum\",\"htmlType\":\"input\",\"edit\":true,\"query\":true,\"columnComment\":\"ä»“åº“ç¼–å·\",\"isQuery\":\"1\",\"sort\":2,\"list\":true,\"params\":{},\"javaType\":\"String\",\"queryType\":\"LIKE\",\"columnType\":\"varchar(20)\",\"createBy\":\"admin\",\"isPk\":\"0\",\"createTime\":1589693855000,\"isEdit\":\"1\",\"tableId\":25,\"pk\":false,\"columnName\":\"ck_num\"},{\"usableColumn\":false,\"columnId\":247,\"isIncrement\":\"0\",\"increment\":false,\"insert\":true,\"isList\":\"1\",\"dictType\":\"\",\"required\":false,\"superColumn\":false,\"updateBy\":\"\",\"isInsert\":\"1\",\"javaField\":\"ckTemp\",\"htmlType\":\"input\",\"edit\":true,\"query\":false,\"columnComment\":\"æ¸©åº¦\",\"sort\":3,\"list\":true,\"params\":{},\"javaType\":\"String\",\"queryType\":\"EQ\",\"columnType\":\"varchar(10)\",\"createBy\":\"admin\",\"isPk\":\"0\",\"createTime\":1589693855000,\"isEdit\":\"1\",\"tableId\":25,\"pk\":false,\"columnName\":\"ck_temp\"},{\"usableColumn\":false,\"columnId\":248,\"isIncrement\":\"0\",\"increment\":false,\"insert\":true,\"isList\":\"1\",\"dictType\":\"\",\"required\":false,\"superColumn\":false,\"updateBy\":\"\",\"isInsert\":\"1\",\"javaField\":\"checkPerson\",\"htmlType\":\"input\",\"edit\":true,\"query\":false,\"columnComment\":\"æ£€æŸ¥äºº\",\"sort\":4,\"list\":true,\"params\":{},\"javaType\":\"String\",\"queryType\":\"EQ\",\"columnType\":\"varchar(20)\",\"createBy\":\"admin\",\"isPk\":\"0\",\"createTime\":1589693855000,\"isEdit\":\"1\",\"tableId\":25,\"pk\":false,\"columnName\":\"check_person\"},{\"usableColumn\":false,\"columnId\":249,\"isIncrement\":\"0\",\"increment\":f','{\"msg\":\"æ“ä½œæˆåŠŸ\",\"code\":200}',0,NULL,'2020-05-17 13:42:56'),(235,'ä»£ç ç”Ÿæˆ',8,'com.logistic.project.tool.gen.controller.GenController.batchGenCode()','GET',1,'admin',NULL,'/tool/gen/batchGenCode','127.0.0.1','å†…ç½‘IP','{}','null',0,NULL,'2020-05-17 13:43:01'),(236,'ä»“åº“æ£€æŸ¥',1,'com.logistic.project.system.controller.BusCkCheckController.add()','POST',1,'admin',NULL,'/system/check','127.0.0.1','å†…ç½‘IP','{\"checkPerson\":\"mg\",\"ckTemp\":\"30\",\"checkDate\":1590422400000,\"params\":{},\"ckNum\":\"CK004\",\"id\":2}','{\"msg\":\"æ“ä½œæˆåŠŸ\",\"code\":200}',0,NULL,'2020-05-17 13:46:47'),(237,'ç‰©æ–™æŠ¥åºŸ',1,'com.logistic.project.system.controller.MaterialScrapController.add()','POST',1,'admin',NULL,'/system/scrap','127.0.0.1','å†…ç½‘IP','{\"reason\":\"è¿‡æœŸ\",\"weight\":2,\"params\":{},\"specifications\":\"2Ã—30\",\"materialNum\":\"WLBF001\",\"scrapPerson\":\"e\",\"company\":\"è¥¿æ™¯\",\"id\":2}','{\"msg\":\"æ“ä½œæˆåŠŸ\",\"code\":200}',0,NULL,'2020-05-17 13:48:09'),(238,'ç‰©æ–™æŠ¥åºŸ',2,'com.logistic.project.system.controller.MaterialScrapController.edit()','PUT',1,'admin',NULL,'/system/scrap','127.0.0.1','å†…ç½‘IP','{\"reason\":\"ç”Ÿé”ˆ\",\"weight\":51,\"params\":{},\"specifications\":\"50*10*10\",\"materialNum\":\"WLBP.10\",\"scrapPerson\":\"è€å´\",\"company\":\"å¨\",\"id\":1}','{\"msg\":\"æ“ä½œæˆåŠŸ\",\"code\":200}',0,NULL,'2020-05-17 13:48:26'),(239,'ä»£ç ç”Ÿæˆ',6,'com.logistic.project.tool.gen.controller.GenController.importTableSave()','POST',1,'admin',NULL,'/tool/gen/importTable','127.0.0.1','å†…ç½‘IP','bus_ruku','{\"msg\":\"æ“ä½œæˆåŠŸ\",\"code\":200}',0,NULL,'2020-05-17 13:56:06'),(240,'ä»£ç ç”Ÿæˆ',2,'com.logistic.project.tool.gen.controller.GenController.editSave()','PUT',1,'admin',NULL,'/tool/gen','127.0.0.1','å†…ç½‘IP','{\"functionAuthor\":\"nuoyi\",\"columns\":[{\"usableColumn\":false,\"columnId\":250,\"isIncrement\":\"1\",\"increment\":true,\"insert\":false,\"dictType\":\"\",\"required\":false,\"superColumn\":false,\"updateBy\":\"\",\"javaField\":\"id\",\"htmlType\":\"input\",\"edit\":false,\"query\":false,\"columnComment\":\"id\",\"sort\":1,\"list\":false,\"params\":{},\"javaType\":\"Long\",\"queryType\":\"EQ\",\"columnType\":\"int(11)\",\"createBy\":\"admin\",\"isPk\":\"1\",\"createTime\":1589694966000,\"tableId\":26,\"pk\":true,\"columnName\":\"id\"},{\"usableColumn\":false,\"columnId\":251,\"isIncrement\":\"0\",\"increment\":false,\"insert\":true,\"isList\":\"1\",\"dictType\":\"\",\"required\":false,\"superColumn\":false,\"updateBy\":\"\",\"isInsert\":\"1\",\"javaField\":\"rukuNum\",\"htmlType\":\"input\",\"edit\":true,\"query\":true,\"columnComment\":\"å…¥åº“ä½œä¸šå•\",\"isQuery\":\"1\",\"sort\":2,\"list\":true,\"params\":{},\"javaType\":\"String\",\"queryType\":\"EQ\",\"columnType\":\"varchar(30)\",\"createBy\":\"admin\",\"isPk\":\"0\",\"createTime\":1589694966000,\"isEdit\":\"1\",\"tableId\":26,\"pk\":false,\"columnName\":\"ruku_num\"},{\"usableColumn\":false,\"columnId\":252,\"isIncrement\":\"0\",\"increment\":false,\"insert\":true,\"isList\":\"1\",\"dictType\":\"\",\"required\":false,\"superColumn\":false,\"updateBy\":\"\",\"isInsert\":\"1\",\"javaField\":\"cgy\",\"htmlType\":\"input\",\"edit\":true,\"query\":true,\"columnComment\":\"ä»“ç®¡å‘˜\",\"isQuery\":\"1\",\"sort\":3,\"list\":true,\"params\":{},\"javaType\":\"String\",\"queryType\":\"EQ\",\"columnType\":\"varchar(30)\",\"createBy\":\"admin\",\"isPk\":\"0\",\"createTime\":1589694966000,\"isEdit\":\"1\",\"tableId\":26,\"pk\":false,\"columnName\":\"cgy\"},{\"usableColumn\":false,\"columnId\":253,\"isIncrement\":\"0\",\"increment\":false,\"insert\":true,\"isList\":\"1\",\"dictType\":\"\",\"required\":false,\"superColumn\":false,\"updateBy\":\"\",\"isInsert\":\"1\",\"javaField\":\"rukuTime\",\"htmlType\":\"datetime\",\"edit\":true,\"query\":true,\"columnComment\":\"å…¥åº“æ—¶é—´\",\"isQuery\":\"1\",\"sort\":4,\"list\":true,\"params\":{},\"javaType\":\"Date\",\"queryType\":\"LTE\",\"columnType\":\"time\",\"createBy\":\"admin\",\"isPk\":\"0\",\"createTime\":1589694966000,\"isEdit\":\"1\",\"tableId\":26,\"pk\":false,\"columnName\":\"ruku_time\"},{\"usableColumn\":false,\"columnId\":254,\"isIncrement\":','{\"msg\":\"æ“ä½œæˆåŠŸ\",\"code\":200}',0,NULL,'2020-05-17 13:57:19'),(241,'èœå•ç®¡ç†',1,'com.logistic.project.system.controller.SysMenuController.add()','POST',1,'admin',NULL,'/system/menu','127.0.0.1','å†…ç½‘IP','{\"visible\":\"0\",\"icon\":\"example\",\"orderNum\":\"2\",\"menuName\":\"å…¥åº“æ¥å•\",\"params\":{},\"parentId\":1081,\"path\":\"rk\",\"component\":\"system/rk/index\",\"createBy\":\"admin\",\"children\":[],\"isFrame\":\"1\",\"menuType\":\"C\",\"perms\":\"system:rk:list\",\"status\":\"0\"}','{\"msg\":\"æ“ä½œæˆåŠŸ\",\"code\":200}',0,NULL,'2020-05-17 13:59:35'),(242,'ä»£ç ç”Ÿæˆ',8,'com.logistic.project.tool.gen.controller.GenController.batchGenCode()','GET',1,'admin',NULL,'/tool/gen/batchGenCode','127.0.0.1','å†…ç½‘IP','{}','null',0,NULL,'2020-05-17 13:59:51'),(243,'èœå•ç®¡ç†',2,'com.logistic.project.system.controller.SysMenuController.edit()','PUT',1,'admin',NULL,'/system/menu','127.0.0.1','å†…ç½‘IP','{\"visible\":\"0\",\"icon\":\"example\",\"orderNum\":\"2\",\"menuName\":\"å…¥åº“æ¥å•\",\"params\":{},\"parentId\":1081,\"path\":\"rk\",\"component\":\"system/rk/index\",\"children\":[],\"createTime\":1589695175000,\"updateBy\":\"admin\",\"isFrame\":\"1\",\"menuId\":1083,\"menuType\":\"C\",\"perms\":\"system:rk:list\",\"status\":\"0\"}','{\"msg\":\"æ“ä½œæˆåŠŸ\",\"code\":200}',0,NULL,'2020-05-17 14:04:57'),(244,'èœå•ç®¡ç†',2,'com.logistic.project.system.controller.SysMenuController.edit()','PUT',1,'admin',NULL,'/system/menu','127.0.0.1','å†…ç½‘IP','{\"visible\":\"0\",\"icon\":\"example\",\"orderNum\":\"2\",\"menuName\":\"å…¥åº“æ¥å•\",\"params\":{},\"parentId\":1081,\"path\":\"ruku\",\"component\":\"system/ruku/index\",\"children\":[],\"createTime\":1589695175000,\"updateBy\":\"admin\",\"isFrame\":\"1\",\"menuId\":1083,\"menuType\":\"C\",\"perms\":\"system:ruku:list\",\"status\":\"0\"}','{\"msg\":\"æ“ä½œæˆåŠŸ\",\"code\":200}',0,NULL,'2020-05-17 14:06:59'),(245,'å…¥åº“æ¥å•',1,'com.logistic.project.system.controller.BusRukuController.add()','POST',1,'admin',NULL,'/system/ruku','127.0.0.1','å†…ç½‘IP','{\"params\":{},\"cgy\":\"xiaoma\",\"rukuTime\":1589644800000,\"id\":1,\"rukuNum\":\"RUKU001\"}','{\"msg\":\"æ“ä½œæˆåŠŸ\",\"code\":200}',0,NULL,'2020-05-17 14:07:35'),(246,'å…¥åº“æ¥å•',2,'com.logistic.project.system.controller.BusRukuController.edit()','PUT',1,'admin',NULL,'/system/ruku','127.0.0.1','å†…ç½‘IP','{\"params\":{},\"cgy\":\"xiaoma\",\"rukuTime\":1589644800000,\"id\":1,\"rukuNum\":\"RUKU001\"}','{\"msg\":\"æ“ä½œæˆåŠŸ\",\"code\":200}',0,NULL,'2020-05-17 14:08:56'),(247,'é‡‡è´­ç®¡ç†',2,'com.logistic.project.system.controller.BusInportController.edit()','PUT',1,'admin',NULL,'/system/inport','127.0.0.1','å†…ç½‘IP','{\"inportprice\":3.5,\"goodsid\":1,\"remark\":\"å¤‡æ³¨\",\"inporttime\":1525622400000,\"params\":{},\"number\":100,\"id\":1,\"paytype\":\"1\",\"operateperson\":\"å¼ ä¸‰\"}','{\"msg\":\"æ“ä½œæˆåŠŸ\",\"code\":200}',0,NULL,'2020-05-17 14:09:02'),(248,'ä»£ç ç”Ÿæˆ',6,'com.logistic.project.tool.gen.controller.GenController.importTableSave()','POST',1,'admin',NULL,'/tool/gen/importTable','127.0.0.1','å†…ç½‘IP','bus_caigou_order','{\"msg\":\"æ“ä½œæˆåŠŸ\",\"code\":200}',0,NULL,'2020-05-17 14:18:20'),(249,'ä»£ç ç”Ÿæˆ',2,'com.logistic.project.tool.gen.controller.GenController.editSave()','PUT',1,'admin',NULL,'/tool/gen','127.0.0.1','å†…ç½‘IP','{\"functionAuthor\":\"mage\",\"columns\":[{\"usableColumn\":false,\"columnId\":255,\"isIncrement\":\"1\",\"increment\":true,\"insert\":false,\"dictType\":\"\",\"required\":false,\"superColumn\":false,\"updateBy\":\"\",\"javaField\":\"id\",\"htmlType\":\"input\",\"edit\":false,\"query\":false,\"columnComment\":\"id\",\"sort\":1,\"list\":false,\"params\":{},\"javaType\":\"Long\",\"queryType\":\"EQ\",\"columnType\":\"int(11)\",\"createBy\":\"admin\",\"isPk\":\"1\",\"createTime\":1589696300000,\"tableId\":27,\"pk\":true,\"columnName\":\"id\"},{\"usableColumn\":false,\"columnId\":256,\"isIncrement\":\"0\",\"increment\":false,\"insert\":true,\"isList\":\"1\",\"dictType\":\"\",\"required\":false,\"superColumn\":false,\"updateBy\":\"\",\"isInsert\":\"1\",\"javaField\":\"cgOrderNum\",\"htmlType\":\"input\",\"edit\":true,\"query\":true,\"columnComment\":\"é‡‡è´­è®¢å•ç¼–å·\",\"isQuery\":\"1\",\"sort\":2,\"list\":true,\"params\":{},\"javaType\":\"String\",\"queryType\":\"EQ\",\"columnType\":\"varchar(20)\",\"createBy\":\"admin\",\"isPk\":\"0\",\"createTime\":1589696300000,\"isEdit\":\"1\",\"tableId\":27,\"pk\":false,\"columnName\":\"cg_order_num\"},{\"usableColumn\":false,\"columnId\":257,\"isIncrement\":\"0\",\"increment\":false,\"insert\":true,\"isList\":\"1\",\"dictType\":\"\",\"required\":false,\"superColumn\":false,\"updateBy\":\"\",\"isInsert\":\"1\",\"javaField\":\"providerId\",\"htmlType\":\"input\",\"edit\":true,\"query\":true,\"columnComment\":\"ä¾›åº”å•†\",\"isQuery\":\"1\",\"sort\":3,\"list\":true,\"params\":{},\"javaType\":\"Long\",\"queryType\":\"EQ\",\"columnType\":\"int(11)\",\"createBy\":\"admin\",\"isPk\":\"0\",\"createTime\":1589696300000,\"isEdit\":\"1\",\"tableId\":27,\"pk\":false,\"columnName\":\"provider_id\"},{\"usableColumn\":false,\"columnId\":258,\"isIncrement\":\"0\",\"increment\":false,\"insert\":true,\"isList\":\"1\",\"dictType\":\"\",\"required\":false,\"superColumn\":false,\"updateBy\":\"\",\"isInsert\":\"1\",\"javaField\":\"cgDate\",\"htmlType\":\"datetime\",\"edit\":true,\"query\":true,\"columnComment\":\"é‡‡è´­æ—¥æœŸ\",\"isQuery\":\"1\",\"sort\":4,\"list\":true,\"params\":{},\"javaType\":\"Date\",\"queryType\":\"EQ\",\"columnType\":\"date\",\"createBy\":\"admin\",\"isPk\":\"0\",\"createTime\":1589696300000,\"isEdit\":\"1\",\"tableId\":27,\"pk\":false,\"columnName\":\"cg_date\"},{\"usableColumn\":false,\"columnId\":259,\"is','{\"msg\":\"æ“ä½œæˆåŠŸ\",\"code\":200}',0,NULL,'2020-05-17 14:19:46'),(250,'ä»£ç ç”Ÿæˆ',8,'com.logistic.project.tool.gen.controller.GenController.batchGenCode()','GET',1,'admin',NULL,'/tool/gen/batchGenCode','127.0.0.1','å†…ç½‘IP','{}','null',0,NULL,'2020-05-17 14:19:53'),(251,'èœå•ç®¡ç†',1,'com.logistic.project.system.controller.SysMenuController.add()','POST',1,'admin',NULL,'/system/menu','127.0.0.1','å†…ç½‘IP','{\"visible\":\"0\",\"icon\":\"example\",\"orderNum\":\"3\",\"menuName\":\"é‡‡è´­è®¢å•\",\"params\":{},\"parentId\":1078,\"path\":\"cgOrder\",\"component\":\"system:cgOrder:list\",\"createBy\":\"admin\",\"children\":[],\"isFrame\":\"1\",\"menuType\":\"C\",\"perms\":\"system/cgOrder/index\",\"status\":\"0\"}','{\"msg\":\"æ“ä½œæˆåŠŸ\",\"code\":200}',0,NULL,'2020-05-17 14:21:24'),(252,'èœå•ç®¡ç†',2,'com.logistic.project.system.controller.SysMenuController.edit()','PUT',1,'admin',NULL,'/system/menu','127.0.0.1','å†…ç½‘IP','{\"visible\":\"0\",\"icon\":\"example\",\"orderNum\":\"3\",\"menuName\":\"é‡‡è´­è®¢å•\",\"params\":{},\"parentId\":1078,\"path\":\"cgOrder\",\"component\":\"system/cgOrder/index\",\"children\":[],\"createTime\":1589696484000,\"updateBy\":\"admin\",\"isFrame\":\"1\",\"menuId\":1084,\"menuType\":\"C\",\"perms\":\"system:cgOrder:list\",\"status\":\"0\"}','{\"msg\":\"æ“ä½œæˆåŠŸ\",\"code\":200}',0,NULL,'2020-05-17 14:26:43'),(253,'é‡‡è´­è®¢å•ç®¡ç†',1,'com.logistic.project.system.controller.BusCaigouOrderController.add()','POST',1,'admin',NULL,'/system/cgOrder','127.0.0.1','å†…ç½‘IP','{\"cgOrderNum\":\"CG001\",\"cgDate\":1589299200000,\"params\":{},\"cgy\":\"cg001\",\"id\":1,\"state\":0}','{\"msg\":\"æ“ä½œæˆåŠŸ\",\"code\":200}',0,NULL,'2020-05-17 14:27:33'),(254,'ä»“åº“æ£€æŸ¥',2,'com.logistic.project.system.controller.BusCkCheckController.edit()','PUT',1,'admin',NULL,'/system/check','127.0.0.1','å†…ç½‘IP','{\"checkPerson\":\"å°é©¬\",\"ckTemp\":\"24\",\"checkDate\":1589299200000,\"params\":{},\"ckNum\":\"CK3\",\"id\":1}','{\"msg\":\"æ“ä½œæˆåŠŸ\",\"code\":200}',0,NULL,'2020-05-17 14:33:48'),(255,'ç‰©æ–™æŠ¥åºŸ',2,'com.logistic.project.system.controller.MaterialScrapController.edit()','PUT',1,'admin',NULL,'/system/scrap','127.0.0.1','å†…ç½‘IP','{\"reason\":\"è¿‡æœŸ\",\"weight\":2,\"params\":{},\"specifications\":\"2Ã—30\",\"materialNum\":\"WLBF001\",\"scrapPerson\":\"e\",\"company\":\"è¥¿æ™¯\",\"id\":2}','{\"msg\":\"æ“ä½œæˆåŠŸ\",\"code\":200}',0,NULL,'2020-05-17 14:33:55'),(256,'ä¾›åº”å•†',2,'com.logistic.project.system.controller.BusProviderController.edit()','PUT',1,'admin',NULL,'/system/provider','127.0.0.1','å†…ç½‘IP','{\"zip\":\"434000\",\"address\":\"ä»™æ¡ƒ\",\"available\":1,\"telephone\":\"0728-4124312\",\"connectionperson\":\"å°æ˜\",\"params\":{},\"providername\":\"æ—ºæ—ºé£Ÿå“\",\"bank\":\"ä¸­å›½å†œä¸šé“¶è¡Œ\",\"phone\":\"13413441141\",\"id\":1,\"fax\":\"5123123\",\"account\":\"654124345131\",\"email\":\"12312321@sina.com\"}','{\"msg\":\"æ“ä½œæˆåŠŸ\",\"code\":200}',0,NULL,'2020-05-17 14:34:00'),(257,'é‡‡è´­ç”³è¯·',2,'com.logistic.project.system.controller.BusPurchaseController.edit()','PUT',1,'admin',NULL,'/system/purchase','127.0.0.1','å†…ç½‘IP','{\"purchaseDate\":1588780800000,\"params\":{},\"completeDate\":1590595200000,\"person\":\"mage\",\"id\":1,\"purchaseNum\":\"CGSQ001\",\"purchaseState\":0}','{\"msg\":\"æ“ä½œæˆåŠŸ\",\"code\":200}',0,NULL,'2020-05-17 14:34:07'),(258,'é‡‡è´­è®¢å•ç®¡ç†',2,'com.logistic.project.system.controller.BusCaigouOrderController.edit()','PUT',1,'admin',NULL,'/system/cgOrder','127.0.0.1','å†…ç½‘IP','{\"cgOrderNum\":\"CG001\",\"cgDate\":1589299200000,\"params\":{},\"cgy\":\"cg001\",\"id\":1,\"state\":0}','{\"msg\":\"æ“ä½œæˆåŠŸ\",\"code\":200}',0,NULL,'2020-05-17 14:34:12'),(259,'é…é€è¿è¾“',2,'com.logistic.project.system.controller.BusDeliveryController.edit()','PUT',1,'admin',NULL,'/system/delivery','127.0.0.1','å†…ç½‘IP','{\"address\":\"é«˜æ–°åŒº\",\"deliveryPerson\":\"è¶…çº§ç›ä¸½\",\"deliveryTime\":1588780800000,\"goodsid\":1,\"params\":{},\"operator\":\"mmy\",\"id\":1}','{\"msg\":\"æ“ä½œæˆåŠŸ\",\"code\":200}',0,NULL,'2020-05-17 14:34:18'),(260,'å…¥åº“æ¥å•',2,'com.logistic.project.system.controller.BusRukuController.edit()','PUT',1,'admin',NULL,'/system/ruku','127.0.0.1','å†…ç½‘IP','{\"params\":{},\"cgy\":\"xiaoma\",\"rukuTime\":1589644800000,\"id\":1,\"rukuNum\":\"RUKU001\"}','{\"msg\":\"æ“ä½œæˆåŠŸ\",\"code\":200}',0,NULL,'2020-05-17 14:34:41'),(261,'é‡‡è´­ç®¡ç†',2,'com.logistic.project.system.controller.BusInportController.edit()','PUT',1,'admin',NULL,'/system/inport','127.0.0.1','å†…ç½‘IP','{\"inportprice\":3.5,\"goodsid\":1,\"remark\":\"å¤‡æ³¨\",\"inporttime\":1525622400000,\"params\":{},\"number\":100,\"id\":1,\"paytype\":\"1\",\"operateperson\":\"å¼ ä¸‰\"}','{\"msg\":\"æ“ä½œæˆåŠŸ\",\"code\":200}',0,NULL,'2020-05-17 14:34:47'),(262,'å®¢æˆ·è®¢å•æŸ¥è¯¢',1,'com.logistic.project.system.controller.BusCustomorderController.add()','POST',1,'admin',NULL,'/system/customorder','127.0.0.1','å†…ç½‘IP','{\"orderType\":\"å°åŒº\",\"custName\":\"åä¸º\",\"params\":{},\"payType\":\"0\",\"id\":3,\"state\":\"0\",\"orderDate\":1588608000000}','{\"msg\":\"æ“ä½œæˆåŠŸ\",\"code\":200}',0,NULL,'2020-05-17 14:35:36'),(263,'å®¢æˆ·å•æ®',2,'com.logistic.project.system.controller.ShippingdocController.edit()','PUT',1,'admin',NULL,'/system/shippingdoc','127.0.0.1','å†…ç½‘IP','{\"goodsid\":1,\"params\":{},\"warehouse\":\"1å·ä»“åº“\",\"operator\":\"admin\",\"cgy\":\"admin\",\"shipPerson\":\"å®‹å¸ˆå‚…\",\"id\":1,\"shippingTime\":1588780800000}','{\"msg\":\"æ“ä½œæˆåŠŸ\",\"code\":200}',0,NULL,'2020-05-17 14:35:41'),(264,'é‡‡è´­è®¢å•ç®¡ç†',1,'com.logistic.project.system.controller.BusCaigouOrderController.add()','POST',1,'admin',NULL,'/system/cgOrder','127.0.0.1','å†…ç½‘IP','{\"cgOrderNum\":\"CG002\",\"cgDate\":1588521600000,\"params\":{},\"cgy\":\"xiaozhang\",\"id\":2,\"state\":0}','{\"msg\":\"æ“ä½œæˆåŠŸ\",\"code\":200}',0,NULL,'2020-05-17 17:04:30'),(265,'ä»£ç ç”Ÿæˆ',6,'com.logistic.project.tool.gen.controller.GenController.importTableSave()','POST',1,'admin',NULL,'/tool/gen/importTable','127.0.0.1','å†…ç½‘IP','bus_purchase_info','{\"msg\":\"æ“ä½œæˆåŠŸ\",\"code\":200}',0,NULL,'2020-05-18 10:37:18'),(266,'ä»£ç ç”Ÿæˆ',2,'com.logistic.project.tool.gen.controller.GenController.editSave()','PUT',1,'admin',NULL,'/tool/gen','127.0.0.1','å†…ç½‘IP','{\"functionAuthor\":\"mg\",\"columns\":[{\"usableColumn\":false,\"columnId\":261,\"isIncrement\":\"1\",\"increment\":true,\"insert\":false,\"dictType\":\"\",\"required\":true,\"superColumn\":false,\"updateBy\":\"\",\"isRequired\":\"1\",\"javaField\":\"id\",\"htmlType\":\"input\",\"edit\":false,\"query\":false,\"sort\":1,\"list\":false,\"params\":{},\"javaType\":\"Long\",\"queryType\":\"EQ\",\"columnType\":\"int(11)\",\"createBy\":\"admin\",\"isPk\":\"0\",\"createTime\":1589769438000,\"tableId\":28,\"pk\":false,\"columnName\":\"id\"},{\"usableColumn\":false,\"columnId\":262,\"isIncrement\":\"0\",\"increment\":false,\"insert\":false,\"isList\":\"1\",\"dictType\":\"\",\"required\":false,\"superColumn\":false,\"updateBy\":\"\",\"javaField\":\"purchaseNum\",\"htmlType\":\"select\",\"edit\":true,\"query\":true,\"columnComment\":\"é‡‡è´­è®¢å•ç¼–å·\",\"isQuery\":\"1\",\"sort\":2,\"list\":true,\"params\":{},\"javaType\":\"Long\",\"queryType\":\"EQ\",\"columnType\":\"int(11)\",\"createBy\":\"admin\",\"isPk\":\"0\",\"createTime\":1589769438000,\"isEdit\":\"1\",\"tableId\":28,\"pk\":false,\"columnName\":\"purchase_num\"},{\"usableColumn\":false,\"columnId\":263,\"isIncrement\":\"0\",\"increment\":false,\"insert\":true,\"isList\":\"1\",\"dictType\":\"\",\"required\":false,\"superColumn\":false,\"updateBy\":\"\",\"isInsert\":\"1\",\"javaField\":\"goodId\",\"htmlType\":\"select\",\"edit\":true,\"query\":true,\"columnComment\":\"å•†å“\",\"isQuery\":\"1\",\"sort\":3,\"list\":true,\"params\":{},\"javaType\":\"Long\",\"queryType\":\"EQ\",\"columnType\":\"int(11)\",\"createBy\":\"admin\",\"isPk\":\"0\",\"createTime\":1589769438000,\"isEdit\":\"1\",\"tableId\":28,\"pk\":false,\"columnName\":\"good_id\"},{\"usableColumn\":false,\"columnId\":264,\"isIncrement\":\"0\",\"increment\":false,\"insert\":true,\"isList\":\"1\",\"dictType\":\"\",\"required\":false,\"superColumn\":false,\"updateBy\":\"\",\"isInsert\":\"1\",\"javaField\":\"num\",\"htmlType\":\"input\",\"edit\":true,\"query\":false,\"columnComment\":\"æ•°é‡\",\"sort\":4,\"list\":true,\"params\":{},\"javaType\":\"Long\",\"queryType\":\"EQ\",\"columnType\":\"double\",\"createBy\":\"admin\",\"isPk\":\"0\",\"createTime\":1589769438000,\"isEdit\":\"1\",\"tableId\":28,\"pk\":false,\"columnName\":\"num\"},{\"usableColumn\":false,\"columnId\":265,\"isIncrement\":\"0\",\"increment\":false,\"insert\":false,\"isList','{\"msg\":\"æ“ä½œæˆåŠŸ\",\"code\":200}',0,NULL,'2020-05-18 10:46:15'),(267,'èœå•ç®¡ç†',1,'com.logistic.project.system.controller.SysMenuController.add()','POST',1,'admin',NULL,'/system/menu','127.0.0.1','å†…ç½‘IP','{\"visible\":\"0\",\"icon\":\"education\",\"orderNum\":\"2\",\"menuName\":\"ç‰©æ–™ç”³è¯·æ˜ç»†\",\"params\":{},\"parentId\":1078,\"path\":\"purchaseInfo\",\"component\":\"system/purchaseInfo/index\",\"createBy\":\"admin\",\"children\":[],\"isFrame\":\"1\",\"menuType\":\"C\",\"perms\":\"system:purchaseInfo:list\",\"status\":\"0\"}','{\"msg\":\"æ“ä½œæˆåŠŸ\",\"code\":200}',0,NULL,'2020-05-18 10:47:55'),(268,'ä»£ç ç”Ÿæˆ',8,'com.logistic.project.tool.gen.controller.GenController.batchGenCode()','GET',1,'admin',NULL,'/tool/gen/batchGenCode','127.0.0.1','å†…ç½‘IP','{}','null',0,NULL,'2020-05-18 10:48:17'),(269,'ä»£ç ç”Ÿæˆ',2,'com.logistic.project.tool.gen.controller.GenController.editSave()','PUT',1,'admin',NULL,'/tool/gen','127.0.0.1','å†…ç½‘IP','{\"functionAuthor\":\"mg\",\"columns\":[{\"usableColumn\":false,\"columnId\":261,\"isIncrement\":\"1\",\"increment\":true,\"insert\":false,\"dictType\":\"\",\"required\":true,\"superColumn\":false,\"updateBy\":\"\",\"isRequired\":\"1\",\"javaField\":\"id\",\"htmlType\":\"input\",\"edit\":false,\"query\":false,\"updateTime\":1589769975000,\"sort\":1,\"list\":false,\"params\":{},\"javaType\":\"Long\",\"queryType\":\"EQ\",\"columnType\":\"int(11)\",\"createBy\":\"admin\",\"isPk\":\"0\",\"createTime\":1589769438000,\"tableId\":28,\"pk\":false,\"columnName\":\"id\"},{\"usableColumn\":false,\"columnId\":262,\"isIncrement\":\"0\",\"increment\":false,\"insert\":true,\"isList\":\"1\",\"dictType\":\"\",\"required\":false,\"superColumn\":false,\"updateBy\":\"\",\"isInsert\":\"1\",\"javaField\":\"purchaseNum\",\"htmlType\":\"select\",\"edit\":true,\"query\":true,\"columnComment\":\"é‡‡è´­è®¢å•ç¼–å·\",\"isQuery\":\"1\",\"updateTime\":1589769975000,\"sort\":2,\"list\":true,\"params\":{},\"javaType\":\"Long\",\"queryType\":\"EQ\",\"columnType\":\"int(11)\",\"createBy\":\"admin\",\"isPk\":\"0\",\"createTime\":1589769438000,\"isEdit\":\"1\",\"tableId\":28,\"pk\":false,\"columnName\":\"purchase_num\"},{\"usableColumn\":false,\"columnId\":263,\"isIncrement\":\"0\",\"increment\":false,\"insert\":true,\"isList\":\"1\",\"dictType\":\"\",\"required\":false,\"superColumn\":false,\"updateBy\":\"\",\"isInsert\":\"1\",\"javaField\":\"goodId\",\"htmlType\":\"select\",\"edit\":true,\"query\":true,\"columnComment\":\"å•†å“\",\"isQuery\":\"1\",\"updateTime\":1589769975000,\"sort\":3,\"list\":true,\"params\":{},\"javaType\":\"Long\",\"queryType\":\"EQ\",\"columnType\":\"int(11)\",\"createBy\":\"admin\",\"isPk\":\"0\",\"createTime\":1589769438000,\"isEdit\":\"1\",\"tableId\":28,\"pk\":false,\"columnName\":\"good_id\"},{\"usableColumn\":false,\"columnId\":264,\"isIncrement\":\"0\",\"increment\":false,\"insert\":true,\"isList\":\"1\",\"dictType\":\"\",\"required\":false,\"superColumn\":false,\"updateBy\":\"\",\"isInsert\":\"1\",\"javaField\":\"num\",\"htmlType\":\"input\",\"edit\":true,\"query\":false,\"columnComment\":\"æ•°é‡\",\"updateTime\":1589769975000,\"sort\":4,\"list\":true,\"params\":{},\"javaType\":\"Long\",\"queryType\":\"EQ\",\"columnType\":\"double\",\"createBy\":\"admin\",\"isPk\":\"0\",\"createTime\":1589769438000,\"isEdit\":\"1\",\"tableId\":28,\"pk\"','{\"msg\":\"æ“ä½œæˆåŠŸ\",\"code\":200}',0,NULL,'2020-05-18 10:51:45'),(270,'ä»£ç ç”Ÿæˆ',8,'com.logistic.project.tool.gen.controller.GenController.batchGenCode()','GET',1,'admin',NULL,'/tool/gen/batchGenCode','127.0.0.1','å†…ç½‘IP','{}','null',0,NULL,'2020-05-18 10:51:52'),(271,'ç”³è¯·ç‰©æ–™æ˜ç»†',1,'com.logistic.project.system.controller.BusPurchaseInfoController.add()','POST',1,'admin',NULL,'/system/purchaseInfo','127.0.0.1','å†…ç½‘IP','{\"num\":2,\"params\":{},\"id\":1}','{\"msg\":\"æ“ä½œæˆåŠŸ\",\"code\":200}',0,NULL,'2020-05-18 11:26:21'),(272,'å•†å“',2,'com.logistic.project.system.controller.BusGoodsController.edit()','PUT',1,'admin',NULL,'/system/goods','127.0.0.1','å†…ç½‘IP','{\"dangernum\":10,\"productcode\":\"PH12345\",\"available\":1,\"description\":\"å°å­©å­éƒ½çˆ±çš„\",\"goodsname\":\"å¨ƒå“ˆå“ˆ\",\"number\":489,\"price\":2.0,\"id\":1,\"goodsimg\":\"2018-12-25/userface1.jpg\",\"produceplace\":\"æ­¦æ±‰\",\"params\":{},\"goodspackage\":\"ç“¶\",\"size\":\"120ML\",\"providerid\":4,\"promitcode\":\"PZ1234\"}','{\"msg\":\"æ“ä½œæˆåŠŸ\",\"code\":200}',0,NULL,'2020-05-18 14:36:19'),(273,'å•†å“',2,'com.logistic.project.system.controller.BusGoodsController.edit()','PUT',1,'admin',NULL,'/system/goods','127.0.0.1','å†…ç½‘IP','{\"dangernum\":10,\"productcode\":\"PH12345\",\"available\":1,\"description\":\"å°å­©å­éƒ½çˆ±çš„\",\"goodsname\":\"å¨ƒå“ˆå“ˆ\",\"number\":489,\"price\":2.0,\"id\":1,\"goodsimg\":\"2018-12-25/userface1.jpg\",\"produceplace\":\"æ­¦æ±‰\",\"params\":{},\"goodspackage\":\"ç“¶\",\"size\":\"120ML\",\"providerid\":3,\"promitcode\":\"PZ1234\"}','{\"msg\":\"æ“ä½œæˆåŠŸ\",\"code\":200}',0,NULL,'2020-05-18 14:36:26'),(274,'ç”³è¯·ç‰©æ–™æ˜ç»†',1,'com.logistic.project.system.controller.BusPurchaseInfoController.add()','POST',1,'admin',NULL,'/system/purchaseInfo','127.0.0.1','å†…ç½‘IP','{\"purchaseDate\":1589783831251,\"num\":3,\"goodId\":2,\"params\":{},\"id\":2,\"purchaseNum\":\"1\"}','{\"msg\":\"æ“ä½œæˆåŠŸ\",\"code\":200}',0,NULL,'2020-05-18 14:37:11'),(275,'ç”³è¯·ç‰©æ–™æ˜ç»†',1,'com.logistic.project.system.controller.BusPurchaseInfoController.add()','POST',1,'admin',NULL,'/system/purchaseInfo','127.0.0.1','å†…ç½‘IP','{\"purchaseDate\":1589783899587,\"num\":3,\"goodId\":4,\"params\":{},\"id\":3,\"purchaseNum\":\"CGSQ001\"}','{\"msg\":\"æ“ä½œæˆåŠŸ\",\"code\":200}',0,NULL,'2020-05-18 14:38:19'),(276,'ä¸ªäººä¿¡æ¯',2,'com.logistic.project.system.controller.SysProfileController.updateProfile()','PUT',1,'admin',NULL,'/system/user/profile','127.0.0.1','å†…ç½‘IP','{\"roles\":[{\"flag\":false,\"roleId\":1,\"admin\":true,\"dataScope\":\"1\",\"params\":{},\"roleSort\":\"1\",\"roleKey\":\"admin\",\"roleName\":\"ç®¡ç†å‘˜\",\"status\":\"0\"}],\"phonenumber\":\"15888888888\",\"admin\":true,\"loginDate\":1521171180000,\"remark\":\"ç®¡ç†å‘˜\",\"delFlag\":\"0\",\"password\":\"$2a$10$7JB720yubVSZvUI0rEqK/.VqGOZTH.ulu33dHOiBE8ByOhJIrdAu2\",\"loginIp\":\"127.0.0.1\",\"email\":\"ry@163.com\",\"nickName\":\"ruoyi\",\"sex\":\"0\",\"deptId\":103,\"avatar\":\"\",\"dept\":{\"deptName\":\"ç‰©æµéƒ¨é—¨\",\"leader\":\"è‹¥ä¾\",\"deptId\":103,\"orderNum\":\"1\",\"params\":{},\"parentId\":101,\"children\":[],\"status\":\"0\"},\"params\":{},\"userName\":\"admin\",\"userId\":1,\"createBy\":\"admin\",\"createTime\":1521171180000,\"status\":\"0\"}','{\"msg\":\"æ“ä½œæˆåŠŸ\",\"code\":200}',0,NULL,'2020-05-18 15:08:29'),(277,'ç‰©æ–™æŠ¥åºŸ',2,'com.logistic.project.system.controller.MaterialScrapController.edit()','PUT',1,'admin',NULL,'/system/scrap','127.0.0.1','å†…ç½‘IP','{\"reason\":\"è¿‡æœŸ\",\"weight\":51,\"params\":{},\"specifications\":\"50*10*10\",\"materialNum\":\"WLBP.10\",\"scrapPerson\":\"è€å´\",\"company\":\"åŒ…\",\"id\":1}','{\"msg\":\"æ“ä½œæˆåŠŸ\",\"code\":200}',0,NULL,'2020-05-19 10:07:43'),(278,'ç‰©æ–™æŠ¥åºŸ',3,'com.logistic.project.system.controller.MaterialScrapController.remove()','DELETE',1,'admin',NULL,'/system/scrap/2','127.0.0.1','å†…ç½‘IP','{ids=2}','{\"msg\":\"æ“ä½œæˆåŠŸ\",\"code\":200}',0,NULL,'2020-05-19 11:24:50'),(279,'ç‰©æ–™æŠ¥åºŸ',3,'com.logistic.project.system.controller.MaterialScrapController.remove()','DELETE',1,'admin',NULL,'/system/scrap/1','127.0.0.1','å†…ç½‘IP','{ids=1}','{\"msg\":\"æ“ä½œæˆåŠŸ\",\"code\":200}',0,NULL,'2020-05-19 11:24:52'),(280,'ç‰©æ–™æŠ¥åºŸ',1,'com.logistic.project.system.controller.MaterialScrapController.add()','POST',1,'admin',NULL,'/system/scrap','127.0.0.1','å†…ç½‘IP','{\"reason\":\"è¿‡æœŸ\",\"weight\":2,\"goodId\":1,\"params\":{},\"specifications\":\"\",\"materialNum\":\"WLBF001\",\"scrapPerson\":\"mge\",\"company\":\"åŒ…\",\"id\":3}','null',1,'','2020-05-19 11:42:24'),(281,'ç‰©æ–™æŠ¥åºŸ',1,'com.logistic.project.system.controller.MaterialScrapController.add()','POST',1,'admin',NULL,'/system/scrap','127.0.0.1','å†…ç½‘IP','{\"reason\":\"è¿‡æœŸ\",\"weight\":2,\"goodId\":1,\"params\":{},\"specifications\":\"20Ã—120\",\"materialNum\":\"WLBF001\",\"scrapPerson\":\"mage\",\"company\":\"ç®±\",\"id\":4}','{\"msg\":\"æ“ä½œæˆåŠŸ\",\"code\":200}',0,NULL,'2020-05-19 11:47:42'),(282,'ä»£ç ç”Ÿæˆ',3,'com.logistic.project.tool.gen.controller.GenController.remove()','DELETE',1,'admin',NULL,'/tool/gen/21','127.0.0.1','å†…ç½‘IP','{tableIds=21}','{\"msg\":\"æ“ä½œæˆåŠŸ\",\"code\":200}',0,NULL,'2020-05-19 14:20:13'),(283,'ä»£ç ç”Ÿæˆ',6,'com.logistic.project.tool.gen.controller.GenController.importTableSave()','POST',1,'admin',NULL,'/tool/gen/importTable','127.0.0.1','å†…ç½‘IP','material_scrap','{\"msg\":\"æ“ä½œæˆåŠŸ\",\"code\":200}',0,NULL,'2020-05-19 14:20:18'),(284,'ä»£ç ç”Ÿæˆ',2,'com.logistic.project.tool.gen.controller.GenController.editSave()','PUT',1,'admin',NULL,'/tool/gen','127.0.0.1','å†…ç½‘IP','{\"functionAuthor\":\"mage\",\"columns\":[{\"usableColumn\":false,\"columnId\":266,\"isIncrement\":\"1\",\"increment\":true,\"insert\":false,\"dictType\":\"\",\"required\":false,\"superColumn\":false,\"updateBy\":\"\",\"javaField\":\"id\",\"htmlType\":\"input\",\"edit\":false,\"query\":false,\"columnComment\":\"id\",\"sort\":1,\"list\":false,\"params\":{},\"javaType\":\"Long\",\"queryType\":\"EQ\",\"columnType\":\"int(11)\",\"createBy\":\"admin\",\"isPk\":\"1\",\"createTime\":1589869218000,\"tableId\":29,\"pk\":true,\"columnName\":\"id\"},{\"usableColumn\":false,\"columnId\":267,\"isIncrement\":\"0\",\"increment\":false,\"insert\":true,\"isList\":\"1\",\"dictType\":\"\",\"required\":false,\"superColumn\":false,\"updateBy\":\"\",\"isInsert\":\"1\",\"javaField\":\"materialNum\",\"htmlType\":\"input\",\"edit\":true,\"query\":true,\"columnComment\":\"ç‰©æ–™ç¼–å·\",\"isQuery\":\"1\",\"sort\":2,\"list\":true,\"params\":{},\"javaType\":\"String\",\"queryType\":\"EQ\",\"columnType\":\"varchar(20)\",\"createBy\":\"admin\",\"isPk\":\"0\",\"createTime\":1589869218000,\"isEdit\":\"1\",\"tableId\":29,\"pk\":false,\"columnName\":\"material_num\"},{\"usableColumn\":false,\"columnId\":268,\"isIncrement\":\"0\",\"increment\":false,\"insert\":true,\"isList\":\"1\",\"dictType\":\"\",\"required\":false,\"superColumn\":false,\"updateBy\":\"\",\"isInsert\":\"1\",\"javaField\":\"specifications\",\"htmlType\":\"input\",\"edit\":true,\"query\":false,\"columnComment\":\"è§„æ ¼\",\"sort\":3,\"list\":true,\"params\":{},\"javaType\":\"String\",\"queryType\":\"EQ\",\"columnType\":\"varchar(30)\",\"createBy\":\"admin\",\"isPk\":\"0\",\"createTime\":1589869218000,\"isEdit\":\"1\",\"tableId\":29,\"pk\":false,\"columnName\":\"specifications\"},{\"usableColumn\":false,\"columnId\":269,\"isIncrement\":\"0\",\"increment\":false,\"insert\":true,\"isList\":\"1\",\"dictType\":\"\",\"required\":false,\"superColumn\":false,\"updateBy\":\"\",\"isInsert\":\"1\",\"javaField\":\"weight\",\"htmlType\":\"input\",\"edit\":true,\"query\":false,\"columnComment\":\"æ•°é‡\",\"sort\":4,\"list\":true,\"params\":{},\"javaType\":\"Long\",\"queryType\":\"EQ\",\"columnType\":\"double\",\"createBy\":\"admin\",\"isPk\":\"0\",\"createTime\":1589869218000,\"isEdit\":\"1\",\"tableId\":29,\"pk\":false,\"columnName\":\"weight\"},{\"usableColumn\":false,\"columnId\":270,\"isIncrement\":\"0\",\"inc','{\"msg\":\"æ“ä½œæˆåŠŸ\",\"code\":200}',0,NULL,'2020-05-19 14:21:28'),(285,'ä»£ç ç”Ÿæˆ',8,'com.logistic.project.tool.gen.controller.GenController.batchGenCode()','GET',1,'admin',NULL,'/tool/gen/batchGenCode','127.0.0.1','å†…ç½‘IP','{}','null',0,NULL,'2020-05-19 14:21:36'),(286,'ç‰©æ–™æŠ¥åºŸ',3,'com.logistic.project.system.controller.MaterialScrapController.remove()','DELETE',1,'admin',NULL,'/system/scrap/4','127.0.0.1','å†…ç½‘IP','{ids=4}','{\"msg\":\"æ“ä½œæˆåŠŸ\",\"code\":200}',0,NULL,'2020-05-19 14:32:53'),(287,'ç‰©æ–™æŠ¥åºŸ',1,'com.logistic.project.system.controller.MaterialScrapController.add()','POST',1,'admin',NULL,'/system/scrap','127.0.0.1','å†…ç½‘IP','{\"reason\":\"è¿‡æœŸ\",\"weight\":1,\"goodid\":1,\"params\":{},\"specifications\":\"20Ã—120\",\"materialNum\":\"WLBF001\",\"scrapPerson\":\"mage\",\"company\":\"ç®±\",\"id\":5}','{\"msg\":\"æ“ä½œæˆåŠŸ\",\"code\":200}',0,NULL,'2020-05-19 14:33:34'),(288,'ç‰©æ–™æŠ¥åºŸ',1,'com.logistic.project.system.controller.MaterialScrapController.add()','POST',1,'admin',NULL,'/system/scrap','127.0.0.1','å†…ç½‘IP','{\"reason\":\"è¿‡æœŸä½œåºŸ\",\"weight\":2,\"goodid\":1,\"params\":{},\"specifications\":\"12Ã—120\",\"materialNum\":\"WLBF001\",\"scrapPerson\":\"mage\",\"company\":\"ç®±\",\"id\":6}','{\"msg\":\"æ“ä½œæˆåŠŸ\",\"code\":200}',0,NULL,'2020-05-19 14:37:06'),(289,'ç‰©æ–™æŠ¥åºŸ',3,'com.logistic.project.system.controller.MaterialScrapController.remove()','DELETE',1,'admin',NULL,'/system/scrap/5','127.0.0.1','å†…ç½‘IP','{ids=5}','{\"msg\":\"æ“ä½œæˆåŠŸ\",\"code\":200}',0,NULL,'2020-05-19 14:37:09'),(290,'èœå•ç®¡ç†',1,'com.logistic.project.system.controller.SysMenuController.add()','POST',1,'admin',NULL,'/system/menu','127.0.0.1','å†…ç½‘IP','{\"visible\":\"0\",\"icon\":\"theme\",\"orderNum\":\"4\",\"menuName\":\"ä¾›åº”å•†\",\"params\":{},\"parentId\":0,\"path\":\"supplier\",\"createBy\":\"admin\",\"children\":[],\"isFrame\":\"1\",\"menuType\":\"M\",\"status\":\"0\"}','{\"msg\":\"æ“ä½œæˆåŠŸ\",\"code\":200}',0,NULL,'2020-05-19 15:01:46'),(291,'èœå•ç®¡ç†',2,'com.logistic.project.system.controller.SysMenuController.edit()','PUT',1,'admin',NULL,'/system/menu','127.0.0.1','å†…ç½‘IP','{\"visible\":\"0\",\"icon\":\"peoples\",\"orderNum\":\"2\",\"menuName\":\"ä¾›åº”å•†ç®¡ç†\",\"params\":{},\"parentId\":1086,\"path\":\"provider\",\"component\":\"system/provider/index\",\"children\":[],\"createTime\":1587715967000,\"updateBy\":\"admin\",\"isFrame\":\"1\",\"menuId\":1065,\"menuType\":\"C\",\"perms\":\"system:provider:list\",\"status\":\"0\"}','{\"msg\":\"æ“ä½œæˆåŠŸ\",\"code\":200}',0,NULL,'2020-05-19 15:02:01'),(292,'èœå•ç®¡ç†',2,'com.logistic.project.system.controller.SysMenuController.edit()','PUT',1,'admin',NULL,'/system/menu','127.0.0.1','å†…ç½‘IP','{\"visible\":\"0\",\"icon\":\"peoples\",\"orderNum\":\"2\",\"menuName\":\"ä¾›åº”å•†ç®¡ç†\",\"params\":{},\"parentId\":1078,\"path\":\"provider\",\"component\":\"system/provider/index\",\"children\":[],\"createTime\":1587715967000,\"updateBy\":\"admin\",\"isFrame\":\"1\",\"menuId\":1065,\"menuType\":\"C\",\"perms\":\"system:provider:list\",\"status\":\"0\"}','{\"msg\":\"æ“ä½œæˆåŠŸ\",\"code\":200}',0,NULL,'2020-05-19 15:03:05'),(293,'èœå•ç®¡ç†',2,'com.logistic.project.system.controller.SysMenuController.edit()','PUT',1,'admin',NULL,'/system/menu','127.0.0.1','å†…ç½‘IP','{\"visible\":\"0\",\"icon\":\"nested\",\"orderNum\":\"2\",\"menuName\":\"é‡‡è´­ç”³è¯·\",\"params\":{},\"parentId\":1086,\"path\":\"purchase\",\"component\":\"system/purchase/index\",\"children\":[],\"createTime\":1589685440000,\"updateBy\":\"admin\",\"isFrame\":\"1\",\"menuId\":1080,\"menuType\":\"C\",\"perms\":\"system:purchase:list\",\"status\":\"0\"}','{\"msg\":\"æ“ä½œæˆåŠŸ\",\"code\":200}',0,NULL,'2020-05-19 15:03:13'),(294,'èœå•ç®¡ç†',2,'com.logistic.project.system.controller.SysMenuController.edit()','PUT',1,'admin',NULL,'/system/menu','127.0.0.1','å†…ç½‘IP','{\"visible\":\"0\",\"icon\":\"education\",\"orderNum\":\"2\",\"menuName\":\"ç‰©æ–™ç”³è¯·æ˜ç»†\",\"params\":{},\"parentId\":1086,\"path\":\"purchaseInfo\",\"component\":\"system/purchaseInfo/index\",\"children\":[],\"createTime\":1589770075000,\"updateBy\":\"admin\",\"isFrame\":\"1\",\"menuId\":1085,\"menuType\":\"C\",\"perms\":\"system:purchaseInfo:list\",\"status\":\"0\"}','{\"msg\":\"æ“ä½œæˆåŠŸ\",\"code\":200}',0,NULL,'2020-05-19 15:03:22'),(295,'èœå•ç®¡ç†',2,'com.logistic.project.system.controller.SysMenuController.edit()','PUT',1,'admin',NULL,'/system/menu','127.0.0.1','å†…ç½‘IP','{\"visible\":\"0\",\"icon\":\"theme\",\"orderNum\":\"4\",\"menuName\":\"ä¾›åº”å•†ç®¡ç†\",\"params\":{},\"parentId\":0,\"path\":\"supplier\",\"children\":[],\"createTime\":1589871706000,\"updateBy\":\"admin\",\"isFrame\":\"1\",\"menuId\":1086,\"menuType\":\"M\",\"perms\":\"\",\"status\":\"0\"}','{\"msg\":\"æ“ä½œæˆåŠŸ\",\"code\":200}',0,NULL,'2020-05-19 15:03:46'),(296,'èœå•ç®¡ç†',1,'com.logistic.project.system.controller.SysMenuController.add()','POST',1,'admin',NULL,'/system/menu','127.0.0.1','å†…ç½‘IP','{\"visible\":\"0\",\"icon\":\"component\",\"orderNum\":\"3\",\"menuName\":\"é‡‡è´­ç‰©æ–™æ˜ç»†\",\"params\":{},\"parentId\":1078,\"path\":\"cgOrderInfo\",\"component\":\"system/cgOrderInfo/index\",\"createBy\":\"admin\",\"children\":[],\"isFrame\":\"1\",\"menuType\":\"C\",\"perms\":\"system:cgOrderInfo:list\",\"status\":\"0\"}','{\"msg\":\"æ“ä½œæˆåŠŸ\",\"code\":200}',0,NULL,'2020-05-19 16:03:57'),(297,'ä»£ç ç”Ÿæˆ',6,'com.logistic.project.tool.gen.controller.GenController.importTableSave()','POST',1,'admin',NULL,'/tool/gen/importTable','127.0.0.1','å†…ç½‘IP','caigou_order_info','{\"msg\":\"æ“ä½œæˆåŠŸ\",\"code\":200}',0,NULL,'2020-05-19 16:08:47'),(298,'ä»£ç ç”Ÿæˆ',3,'com.logistic.project.tool.gen.controller.GenController.remove()','DELETE',1,'admin',NULL,'/tool/gen/29','127.0.0.1','å†…ç½‘IP','{tableIds=29}','{\"msg\":\"æ“ä½œæˆåŠŸ\",\"code\":200}',0,NULL,'2020-05-19 16:09:24'),(299,'ä»£ç ç”Ÿæˆ',3,'com.logistic.project.tool.gen.controller.GenController.remove()','DELETE',1,'admin',NULL,'/tool/gen/28','127.0.0.1','å†…ç½‘IP','{tableIds=28}','{\"msg\":\"æ“ä½œæˆåŠŸ\",\"code\":200}',0,NULL,'2020-05-19 16:09:59'),(300,'ä»£ç ç”Ÿæˆ',3,'com.logistic.project.tool.gen.controller.GenController.remove()','DELETE',1,'admin',NULL,'/tool/gen/27','127.0.0.1','å†…ç½‘IP','{tableIds=27}','{\"msg\":\"æ“ä½œæˆåŠŸ\",\"code\":200}',0,NULL,'2020-05-19 16:10:01'),(301,'ä»£ç ç”Ÿæˆ',3,'com.logistic.project.tool.gen.controller.GenController.remove()','DELETE',1,'admin',NULL,'/tool/gen/30','127.0.0.1','å†…ç½‘IP','{tableIds=30}','{\"msg\":\"æ“ä½œæˆåŠŸ\",\"code\":200}',0,NULL,'2020-05-19 16:10:23'),(302,'ä»£ç ç”Ÿæˆ',6,'com.logistic.project.tool.gen.controller.GenController.importTableSave()','POST',1,'admin',NULL,'/tool/gen/importTable','127.0.0.1','å†…ç½‘IP','caigou_order_info','{\"msg\":\"æ“ä½œæˆåŠŸ\",\"code\":200}',0,NULL,'2020-05-19 16:10:29'),(303,'ä»£ç ç”Ÿæˆ',2,'com.logistic.project.tool.gen.controller.GenController.editSave()','PUT',1,'admin',NULL,'/tool/gen','127.0.0.1','å†…ç½‘IP','{\"functionAuthor\":\"mag\",\"columns\":[{\"usableColumn\":false,\"columnId\":279,\"isIncrement\":\"0\",\"increment\":false,\"insert\":true,\"dictType\":\"\",\"required\":true,\"superColumn\":false,\"updateBy\":\"\",\"isInsert\":\"1\",\"isRequired\":\"1\",\"javaField\":\"id\",\"htmlType\":\"input\",\"edit\":false,\"query\":false,\"sort\":1,\"list\":false,\"params\":{},\"javaType\":\"Long\",\"queryType\":\"EQ\",\"columnType\":\"int(11)\",\"createBy\":\"admin\",\"isPk\":\"0\",\"createTime\":1589875829000,\"tableId\":31,\"pk\":false,\"columnName\":\"id\"},{\"usableColumn\":true,\"columnId\":280,\"isIncrement\":\"0\",\"increment\":false,\"insert\":true,\"isList\":\"1\",\"dictType\":\"\",\"required\":false,\"superColumn\":true,\"updateBy\":\"\",\"isInsert\":\"1\",\"javaField\":\"orderNum\",\"htmlType\":\"input\",\"edit\":true,\"query\":true,\"columnComment\":\"è®¢å•ç¼–å·\",\"isQuery\":\"1\",\"sort\":2,\"list\":true,\"params\":{},\"javaType\":\"String\",\"queryType\":\"LIKE\",\"columnType\":\"varchar(20)\",\"createBy\":\"admin\",\"isPk\":\"0\",\"createTime\":1589875829000,\"isEdit\":\"1\",\"tableId\":31,\"pk\":false,\"columnName\":\"order_num\"},{\"usableColumn\":false,\"columnId\":281,\"isIncrement\":\"0\",\"increment\":false,\"insert\":true,\"isList\":\"1\",\"dictType\":\"\",\"required\":false,\"superColumn\":false,\"updateBy\":\"\",\"isInsert\":\"1\",\"javaField\":\"goodId\",\"htmlType\":\"input\",\"edit\":true,\"query\":true,\"columnComment\":\"å•†å“\",\"isQuery\":\"1\",\"sort\":3,\"list\":true,\"params\":{},\"javaType\":\"Long\",\"queryType\":\"LIKE\",\"columnType\":\"int(11)\",\"createBy\":\"admin\",\"isPk\":\"0\",\"createTime\":1589875829000,\"isEdit\":\"1\",\"tableId\":31,\"pk\":false,\"columnName\":\"good_id\"},{\"usableColumn\":false,\"columnId\":282,\"isIncrement\":\"0\",\"increment\":false,\"insert\":true,\"isList\":\"1\",\"dictType\":\"\",\"required\":false,\"superColumn\":false,\"updateBy\":\"\",\"isInsert\":\"1\",\"javaField\":\"num\",\"htmlType\":\"input\",\"edit\":true,\"query\":false,\"columnComment\":\"æ•°é‡\",\"sort\":4,\"list\":true,\"params\":{},\"javaType\":\"Long\",\"queryType\":\"EQ\",\"columnType\":\"double\",\"createBy\":\"admin\",\"isPk\":\"0\",\"createTime\":1589875829000,\"isEdit\":\"1\",\"tableId\":31,\"pk\":false,\"columnName\":\"num\"},{\"usableColumn\":false,\"columnId\":283,\"isIncrement\":\"0\",\"increment\":','{\"msg\":\"æ“ä½œæˆåŠŸ\",\"code\":200}',0,NULL,'2020-05-19 16:18:37'),(304,'ä»£ç ç”Ÿæˆ',2,'com.logistic.project.tool.gen.controller.GenController.editSave()','PUT',1,'admin',NULL,'/tool/gen','127.0.0.1','å†…ç½‘IP','{\"functionAuthor\":\"mag\",\"columns\":[{\"usableColumn\":false,\"columnId\":279,\"isIncrement\":\"0\",\"increment\":false,\"insert\":true,\"dictType\":\"\",\"required\":true,\"superColumn\":false,\"updateBy\":\"\",\"isInsert\":\"1\",\"isRequired\":\"1\",\"javaField\":\"id\",\"htmlType\":\"input\",\"edit\":false,\"query\":false,\"updateTime\":1589876317000,\"sort\":1,\"list\":false,\"params\":{},\"javaType\":\"Long\",\"queryType\":\"EQ\",\"columnType\":\"int(11)\",\"createBy\":\"admin\",\"isPk\":\"0\",\"createTime\":1589875829000,\"tableId\":31,\"pk\":false,\"columnName\":\"id\"},{\"usableColumn\":true,\"columnId\":280,\"isIncrement\":\"0\",\"increment\":false,\"insert\":true,\"isList\":\"1\",\"dictType\":\"\",\"required\":false,\"superColumn\":true,\"updateBy\":\"\",\"isInsert\":\"1\",\"javaField\":\"orderNum\",\"htmlType\":\"input\",\"edit\":true,\"query\":true,\"columnComment\":\"è®¢å•ç¼–å·\",\"isQuery\":\"1\",\"updateTime\":1589876317000,\"sort\":2,\"list\":true,\"params\":{},\"javaType\":\"String\",\"queryType\":\"LIKE\",\"columnType\":\"varchar(20)\",\"createBy\":\"admin\",\"isPk\":\"0\",\"createTime\":1589875829000,\"isEdit\":\"1\",\"tableId\":31,\"pk\":false,\"columnName\":\"order_num\"},{\"usableColumn\":false,\"columnId\":281,\"isIncrement\":\"0\",\"increment\":false,\"insert\":true,\"isList\":\"1\",\"dictType\":\"\",\"required\":false,\"superColumn\":false,\"updateBy\":\"\",\"isInsert\":\"1\",\"javaField\":\"goodId\",\"htmlType\":\"input\",\"edit\":true,\"query\":true,\"columnComment\":\"å•†å“\",\"isQuery\":\"1\",\"updateTime\":1589876317000,\"sort\":3,\"list\":true,\"params\":{},\"javaType\":\"Long\",\"queryType\":\"LIKE\",\"columnType\":\"int(11)\",\"createBy\":\"admin\",\"isPk\":\"0\",\"createTime\":1589875829000,\"isEdit\":\"1\",\"tableId\":31,\"pk\":false,\"columnName\":\"good_id\"},{\"usableColumn\":false,\"columnId\":282,\"isIncrement\":\"0\",\"increment\":false,\"insert\":true,\"isList\":\"1\",\"dictType\":\"\",\"required\":false,\"superColumn\":false,\"updateBy\":\"\",\"isInsert\":\"1\",\"javaField\":\"num\",\"htmlType\":\"input\",\"edit\":true,\"query\":false,\"columnComment\":\"æ•°é‡\",\"updateTime\":1589876317000,\"sort\":4,\"list\":true,\"params\":{},\"javaType\":\"Long\",\"queryType\":\"EQ\",\"columnType\":\"double\",\"createBy\":\"admin\",\"isPk\":\"0\",\"createTime\":1589875829000,\"isEdit\":\"1\",\"ta','{\"msg\":\"æ“ä½œæˆåŠŸ\",\"code\":200}',0,NULL,'2020-05-19 16:19:10'),(305,'ä»£ç ç”Ÿæˆ',8,'com.logistic.project.tool.gen.controller.GenController.batchGenCode()','GET',1,'admin',NULL,'/tool/gen/batchGenCode','127.0.0.1','å†…ç½‘IP','{}','null',0,NULL,'2020-05-19 16:19:15'),(306,'é‡‡è´­ç‰©æ–™æ˜ç»†',1,'com.logistic.project.system.controller.CaigouOrderInfoController.add()','POST',1,'admin',NULL,'/system/cgOrderInfo','127.0.0.1','å†…ç½‘IP','{\"num\":1,\"orderNum\":\"CG001\",\"goodId\":1,\"params\":{},\"company\":\"ä»¶\"}','{\"msg\":\"æ“ä½œæˆåŠŸ\",\"code\":200}',0,NULL,'2020-05-19 16:38:42'),(307,'é‡‡è´­ç‰©æ–™æ˜ç»†',1,'com.logistic.project.system.controller.CaigouOrderInfoController.add()','POST',1,'admin',NULL,'/system/cgOrderInfo','127.0.0.1','å†…ç½‘IP','{\"num\":1,\"orderNum\":\"CG001\",\"goodId\":1,\"params\":{},\"company\":\"ä»¶\"}','{\"msg\":\"æ“ä½œæˆåŠŸ\",\"code\":200}',0,NULL,'2020-05-19 16:59:08'),(308,'ä»£ç ç”Ÿæˆ',3,'com.logistic.project.tool.gen.controller.GenController.remove()','DELETE',1,'admin',NULL,'/tool/gen/26','127.0.0.1','å†…ç½‘IP','{tableIds=26}','{\"msg\":\"æ“ä½œæˆåŠŸ\",\"code\":200}',0,NULL,'2020-05-19 17:46:10'),(309,'ä»£ç ç”Ÿæˆ',6,'com.logistic.project.tool.gen.controller.GenController.importTableSave()','POST',1,'admin',NULL,'/tool/gen/importTable','127.0.0.1','å†…ç½‘IP','bus_ruku','{\"msg\":\"æ“ä½œæˆåŠŸ\",\"code\":200}',0,NULL,'2020-05-19 17:46:15'),(310,'ä»£ç ç”Ÿæˆ',2,'com.logistic.project.tool.gen.controller.GenController.editSave()','PUT',1,'admin',NULL,'/tool/gen','127.0.0.1','å†…ç½‘IP','{\"functionAuthor\":\"mage\",\"columns\":[{\"usableColumn\":false,\"columnId\":284,\"isIncrement\":\"1\",\"increment\":true,\"insert\":false,\"isList\":\"1\",\"dictType\":\"\",\"required\":false,\"superColumn\":false,\"updateBy\":\"\",\"javaField\":\"id\",\"htmlType\":\"input\",\"edit\":false,\"query\":false,\"columnComment\":\"id\",\"sort\":1,\"list\":true,\"params\":{},\"javaType\":\"Long\",\"queryType\":\"EQ\",\"columnType\":\"int(11)\",\"createBy\":\"admin\",\"isPk\":\"1\",\"createTime\":1589881575000,\"tableId\":32,\"pk\":true,\"columnName\":\"id\"},{\"usableColumn\":false,\"columnId\":285,\"isIncrement\":\"0\",\"increment\":false,\"insert\":true,\"isList\":\"1\",\"dictType\":\"\",\"required\":false,\"superColumn\":false,\"updateBy\":\"\",\"isInsert\":\"1\",\"javaField\":\"rukuNum\",\"htmlType\":\"input\",\"edit\":true,\"query\":true,\"columnComment\":\"å…¥åº“ä½œä¸šå•\",\"isQuery\":\"1\",\"sort\":2,\"list\":true,\"params\":{},\"javaType\":\"String\",\"queryType\":\"EQ\",\"columnType\":\"varchar(30)\",\"createBy\":\"admin\",\"isPk\":\"0\",\"createTime\":1589881575000,\"isEdit\":\"1\",\"tableId\":32,\"pk\":false,\"columnName\":\"ruku_num\"},{\"usableColumn\":false,\"columnId\":286,\"isIncrement\":\"0\",\"increment\":false,\"insert\":true,\"isList\":\"1\",\"dictType\":\"\",\"required\":false,\"superColumn\":false,\"updateBy\":\"\",\"isInsert\":\"1\",\"javaField\":\"cgy\",\"htmlType\":\"input\",\"edit\":true,\"query\":false,\"columnComment\":\"ä»“ç®¡å‘˜\",\"sort\":3,\"list\":true,\"params\":{},\"javaType\":\"String\",\"queryType\":\"EQ\",\"columnType\":\"varchar(30)\",\"createBy\":\"admin\",\"isPk\":\"0\",\"createTime\":1589881575000,\"isEdit\":\"1\",\"tableId\":32,\"pk\":false,\"columnName\":\"cgy\"},{\"usableColumn\":false,\"columnId\":287,\"isIncrement\":\"0\",\"increment\":false,\"insert\":true,\"isList\":\"1\",\"dictType\":\"\",\"required\":false,\"superColumn\":false,\"updateBy\":\"\",\"isInsert\":\"1\",\"javaField\":\"rukuTime\",\"htmlType\":\"datetime\",\"edit\":true,\"query\":false,\"columnComment\":\"å…¥åº“æ—¶é—´\",\"sort\":4,\"list\":true,\"params\":{},\"javaType\":\"Date\",\"queryType\":\"EQ\",\"columnType\":\"datetime\",\"createBy\":\"admin\",\"isPk\":\"0\",\"createTime\":1589881575000,\"isEdit\":\"1\",\"tableId\":32,\"pk\":false,\"columnName\":\"ruku_time\"},{\"usableColumn\":false,\"columnId\":288,\"isIncrement\":\"0\",\"increme','{\"msg\":\"æ“ä½œæˆåŠŸ\",\"code\":200}',0,NULL,'2020-05-19 17:47:49'),(311,'ä»£ç ç”Ÿæˆ',8,'com.logistic.project.tool.gen.controller.GenController.batchGenCode()','GET',1,'admin',NULL,'/tool/gen/batchGenCode','127.0.0.1','å†…ç½‘IP','{}','null',0,NULL,'2020-05-19 17:47:56');

/*Table structure for table `sys_post` */

DROP TABLE IF EXISTS `sys_post`;

CREATE TABLE `sys_post` (
  `post_id` bigint(20) NOT NULL AUTO_INCREMENT COMMENT 'å²—ä½ID',
  `post_code` varchar(64) COLLATE utf8_bin NOT NULL COMMENT 'å²—ä½ç¼–ç ',
  `post_name` varchar(50) COLLATE utf8_bin NOT NULL COMMENT 'å²—ä½åç§°',
  `post_sort` int(4) NOT NULL COMMENT 'æ˜¾ç¤ºé¡ºåº',
  `status` char(1) COLLATE utf8_bin NOT NULL COMMENT 'çŠ¶æ€ï¼ˆ0æ­£å¸¸ 1åœç”¨ï¼‰',
  `create_by` varchar(64) COLLATE utf8_bin DEFAULT '' COMMENT 'åˆ›å»ºè€…',
  `create_time` datetime DEFAULT NULL COMMENT 'åˆ›å»ºæ—¶é—´',
  `update_by` varchar(64) COLLATE utf8_bin DEFAULT '' COMMENT 'æ›´æ–°è€…',
  `update_time` datetime DEFAULT NULL COMMENT 'æ›´æ–°æ—¶é—´',
  `remark` varchar(500) COLLATE utf8_bin DEFAULT NULL COMMENT 'å¤‡æ³¨',
  PRIMARY KEY (`post_id`)
) ENGINE=InnoDB AUTO_INCREMENT=5 DEFAULT CHARSET=utf8 COLLATE=utf8_bin COMMENT='å²—ä½ä¿¡æ¯è¡¨';

/*Data for the table `sys_post` */

insert  into `sys_post`(`post_id`,`post_code`,`post_name`,`post_sort`,`status`,`create_by`,`create_time`,`update_by`,`update_time`,`remark`) values (1,'ceo','è‘£äº‹é•¿',1,'0','admin','2018-03-16 11:33:00','ry','2018-03-16 11:33:00',''),(2,'se','é¡¹ç›®ç»ç†',2,'0','admin','2018-03-16 11:33:00','ry','2018-03-16 11:33:00',''),(3,'hr','äººåŠ›èµ„æº',3,'0','admin','2018-03-16 11:33:00','ry','2018-03-16 11:33:00',''),(4,'user','æ™®é€šå‘˜å·¥',4,'0','admin','2018-03-16 11:33:00','ry','2018-03-16 11:33:00','');

/*Table structure for table `sys_role` */

DROP TABLE IF EXISTS `sys_role`;

CREATE TABLE `sys_role` (
  `role_id` bigint(20) NOT NULL AUTO_INCREMENT COMMENT 'è§’è‰²ID',
  `role_name` varchar(30) COLLATE utf8_bin NOT NULL COMMENT 'è§’è‰²åç§°',
  `role_key` varchar(100) COLLATE utf8_bin NOT NULL COMMENT 'è§’è‰²æƒé™å­—ç¬¦ä¸²',
  `role_sort` int(4) NOT NULL COMMENT 'æ˜¾ç¤ºé¡ºåº',
  `data_scope` char(1) COLLATE utf8_bin DEFAULT '1' COMMENT 'æ•°æ®èŒƒå›´ï¼ˆ1ï¼šå…¨éƒ¨æ•°æ®æƒé™ 2ï¼šè‡ªå®šæ•°æ®æƒé™ 3ï¼šæœ¬éƒ¨é—¨æ•°æ®æƒé™ 4ï¼šæœ¬éƒ¨é—¨åŠä»¥ä¸‹æ•°æ®æƒé™ï¼‰',
  `status` char(1) COLLATE utf8_bin NOT NULL COMMENT 'è§’è‰²çŠ¶æ€ï¼ˆ0æ­£å¸¸ 1åœç”¨ï¼‰',
  `del_flag` char(1) COLLATE utf8_bin DEFAULT '0' COMMENT 'åˆ é™¤æ ‡å¿—ï¼ˆ0ä»£è¡¨å­˜åœ¨ 2ä»£è¡¨åˆ é™¤ï¼‰',
  `create_by` varchar(64) COLLATE utf8_bin DEFAULT '' COMMENT 'åˆ›å»ºè€…',
  `create_time` datetime DEFAULT NULL COMMENT 'åˆ›å»ºæ—¶é—´',
  `update_by` varchar(64) COLLATE utf8_bin DEFAULT '' COMMENT 'æ›´æ–°è€…',
  `update_time` datetime DEFAULT NULL COMMENT 'æ›´æ–°æ—¶é—´',
  `remark` varchar(500) COLLATE utf8_bin DEFAULT NULL COMMENT 'å¤‡æ³¨',
  PRIMARY KEY (`role_id`)
) ENGINE=InnoDB AUTO_INCREMENT=4 DEFAULT CHARSET=utf8 COLLATE=utf8_bin COMMENT='è§’è‰²ä¿¡æ¯è¡¨';

/*Data for the table `sys_role` */

insert  into `sys_role`(`role_id`,`role_name`,`role_key`,`role_sort`,`data_scope`,`status`,`del_flag`,`create_by`,`create_time`,`update_by`,`update_time`,`remark`) values (1,'ç®¡ç†å‘˜','admin',1,'1','0','0','admin','2018-03-16 11:33:00','ry','2018-03-16 11:33:00','ç®¡ç†å‘˜'),(2,'æ™®é€šè§’è‰²','common',2,'2','0','0','admin','2018-03-16 11:33:00','ry','2018-03-16 11:33:00','æ™®é€šè§’è‰²'),(3,'ç‰¹æ®Šè§’è‰²','common1',3,'1','0','0','admin','2020-05-09 15:35:20','',NULL,NULL);

/*Table structure for table `sys_role_dept` */

DROP TABLE IF EXISTS `sys_role_dept`;

CREATE TABLE `sys_role_dept` (
  `role_id` bigint(20) NOT NULL COMMENT 'è§’è‰²ID',
  `dept_id` bigint(20) NOT NULL COMMENT 'éƒ¨é—¨ID',
  PRIMARY KEY (`role_id`,`dept_id`)
) ENGINE=InnoDB DEFAULT CHARSET=utf8 COLLATE=utf8_bin COMMENT='è§’è‰²å’Œéƒ¨é—¨å…³è”è¡¨';

/*Data for the table `sys_role_dept` */

insert  into `sys_role_dept`(`role_id`,`dept_id`) values (2,100),(2,101),(2,105);

/*Table structure for table `sys_role_menu` */

DROP TABLE IF EXISTS `sys_role_menu`;

CREATE TABLE `sys_role_menu` (
  `role_id` bigint(20) NOT NULL COMMENT 'è§’è‰²ID',
  `menu_id` bigint(20) NOT NULL COMMENT 'èœå•ID',
  PRIMARY KEY (`role_id`,`menu_id`)
) ENGINE=InnoDB DEFAULT CHARSET=utf8 COLLATE=utf8_bin COMMENT='è§’è‰²å’Œèœå•å…³è”è¡¨';

/*Data for the table `sys_role_menu` */

insert  into `sys_role_menu`(`role_id`,`menu_id`) values (2,1),(2,2),(2,3),(2,4),(2,100),(2,101),(2,102),(2,103),(2,104),(2,105),(2,106),(2,107),(2,108),(2,109),(2,110),(2,111),(2,112),(2,113),(2,114),(2,115),(2,500),(2,501),(2,1000),(2,1001),(2,1002),(2,1003),(2,1004),(2,1005),(2,1006),(2,1007),(2,1008),(2,1009),(2,1010),(2,1011),(2,1012),(2,1013),(2,1014),(2,1015),(2,1016),(2,1017),(2,1018),(2,1019),(2,1020),(2,1021),(2,1022),(2,1023),(2,1024),(2,1025),(2,1026),(2,1027),(2,1028),(2,1029),(2,1030),(2,1031),(2,1032),(2,1033),(2,1034),(2,1035),(2,1036),(2,1037),(2,1038),(2,1039),(2,1040),(2,1041),(2,1042),(2,1043),(2,1044),(2,1045),(2,1046),(2,1047),(2,1048),(2,1049),(2,1050),(2,1051),(2,1052),(2,1053),(2,1054),(2,1055),(2,1056),(2,1057),(2,1058),(2,1059),(2,1060),(3,1),(3,100),(3,101),(3,102),(3,103),(3,104),(3,105),(3,106),(3,107),(3,108),(3,500),(3,501),(3,1001),(3,1002),(3,1003),(3,1004),(3,1005),(3,1006),(3,1007),(3,1008),(3,1009),(3,1010),(3,1011),(3,1012),(3,1013),(3,1014),(3,1015),(3,1016),(3,1017),(3,1018),(3,1019),(3,1020),(3,1021),(3,1022),(3,1023),(3,1024),(3,1025),(3,1026),(3,1027),(3,1028),(3,1029),(3,1030),(3,1031),(3,1032),(3,1033),(3,1034),(3,1035),(3,1036),(3,1037),(3,1038),(3,1039),(3,1040),(3,1041),(3,1042),(3,1043),(3,1044),(3,1045),(3,1061),(3,1065),(3,1066),(3,1067),(3,1068),(3,1069),(3,1070);

/*Table structure for table `sys_user` */

DROP TABLE IF EXISTS `sys_user`;

CREATE TABLE `sys_user` (
  `user_id` bigint(20) NOT NULL AUTO_INCREMENT COMMENT 'ç”¨æˆ·ID',
  `dept_id` bigint(20) DEFAULT NULL COMMENT 'éƒ¨é—¨ID',
  `user_name` varchar(30) COLLATE utf8_bin NOT NULL COMMENT 'ç”¨æˆ·è´¦å·',
  `nick_name` varchar(30) COLLATE utf8_bin NOT NULL COMMENT 'ç”¨æˆ·æ˜µç§°',
  `user_type` varchar(2) COLLATE utf8_bin DEFAULT '00' COMMENT 'ç”¨æˆ·ç±»å‹ï¼ˆ00ç³»ç»Ÿç”¨æˆ·ï¼‰',
  `email` varchar(50) COLLATE utf8_bin DEFAULT '' COMMENT 'ç”¨æˆ·é‚®ç®±',
  `phonenumber` varchar(11) COLLATE utf8_bin DEFAULT '' COMMENT 'æ‰‹æœºå·ç ',
  `sex` char(1) COLLATE utf8_bin DEFAULT '0' COMMENT 'ç”¨æˆ·æ€§åˆ«ï¼ˆ0ç”· 1å¥³ 2æœªçŸ¥ï¼‰',
  `avatar` varchar(100) COLLATE utf8_bin DEFAULT '' COMMENT 'å¤´åƒåœ°å€',
  `password` varchar(100) COLLATE utf8_bin DEFAULT '' COMMENT 'å¯†ç ',
  `status` char(1) COLLATE utf8_bin DEFAULT '0' COMMENT 'å¸å·çŠ¶æ€ï¼ˆ0æ­£å¸¸ 1åœç”¨ï¼‰',
  `del_flag` char(1) COLLATE utf8_bin DEFAULT '0' COMMENT 'åˆ é™¤æ ‡å¿—ï¼ˆ0ä»£è¡¨å­˜åœ¨ 2ä»£è¡¨åˆ é™¤ï¼‰',
  `login_ip` varchar(50) COLLATE utf8_bin DEFAULT '' COMMENT 'æœ€åç™»é™†IP',
  `login_date` datetime DEFAULT NULL COMMENT 'æœ€åç™»é™†æ—¶é—´',
  `create_by` varchar(64) COLLATE utf8_bin DEFAULT '' COMMENT 'åˆ›å»ºè€…',
  `create_time` datetime DEFAULT NULL COMMENT 'åˆ›å»ºæ—¶é—´',
  `update_by` varchar(64) COLLATE utf8_bin DEFAULT '' COMMENT 'æ›´æ–°è€…',
  `update_time` datetime DEFAULT NULL COMMENT 'æ›´æ–°æ—¶é—´',
  `remark` varchar(500) COLLATE utf8_bin DEFAULT NULL COMMENT 'å¤‡æ³¨',
  PRIMARY KEY (`user_id`)
) ENGINE=InnoDB AUTO_INCREMENT=4 DEFAULT CHARSET=utf8 COLLATE=utf8_bin COMMENT='ç”¨æˆ·ä¿¡æ¯è¡¨';

/*Data for the table `sys_user` */

insert  into `sys_user`(`user_id`,`dept_id`,`user_name`,`nick_name`,`user_type`,`email`,`phonenumber`,`sex`,`avatar`,`password`,`status`,`del_flag`,`login_ip`,`login_date`,`create_by`,`create_time`,`update_by`,`update_time`,`remark`) values (1,103,'admin','ruoyi','00','ry@163.com','15888888888','0','','$2a$10$7JB720yubVSZvUI0rEqK/.VqGOZTH.ulu33dHOiBE8ByOhJIrdAu2','0','0','127.0.0.1','2018-03-16 11:33:00','admin','2018-03-16 11:33:00','ry','2020-05-18 15:08:29','ç®¡ç†å‘˜'),(2,105,'ry','è¯ºä¸€','00','ry@qq.com','15666666666','0','','$2a$10$7JB720yubVSZvUI0rEqK/.VqGOZTH.ulu33dHOiBE8ByOhJIrdAu2','0','0','127.0.0.1','2018-03-16 11:33:00','admin','2018-03-16 11:33:00','admin','2020-04-24 16:22:19','æµ‹è¯•å‘˜'),(3,100,'mmy','mmy','00','331887602@qq.com','18981722787','1','','$2a$10$hoQiKAh27xK1EBwhP7E6DexFbFfbV/tjAytDFeNPf5rIzxg5CbiF.','0','0','',NULL,'admin','2020-04-22 14:47:26','admin','2020-05-09 15:38:32',NULL);

/*Table structure for table `sys_user_post` */

DROP TABLE IF EXISTS `sys_user_post`;

CREATE TABLE `sys_user_post` (
  `user_id` bigint(20) NOT NULL COMMENT 'ç”¨æˆ·ID',
  `post_id` bigint(20) NOT NULL COMMENT 'å²—ä½ID',
  PRIMARY KEY (`user_id`,`post_id`)
) ENGINE=InnoDB DEFAULT CHARSET=utf8 COLLATE=utf8_bin COMMENT='ç”¨æˆ·ä¸å²—ä½å…³è”è¡¨';

/*Data for the table `sys_user_post` */

insert  into `sys_user_post`(`user_id`,`post_id`) values (1,1),(2,2),(3,3);

/*Table structure for table `sys_user_role` */

DROP TABLE IF EXISTS `sys_user_role`;

CREATE TABLE `sys_user_role` (
  `user_id` bigint(20) NOT NULL COMMENT 'ç”¨æˆ·ID',
  `role_id` bigint(20) NOT NULL COMMENT 'è§’è‰²ID',
  PRIMARY KEY (`user_id`,`role_id`)
) ENGINE=InnoDB DEFAULT CHARSET=utf8 COLLATE=utf8_bin COMMENT='ç”¨æˆ·å’Œè§’è‰²å…³è”è¡¨';

/*Data for the table `sys_user_role` */

insert  into `sys_user_role`(`user_id`,`role_id`) values (1,1),(2,2),(3,2);

/*!40101 SET SQL_MODE=@OLD_SQL_MODE */;
/*!40014 SET FOREIGN_KEY_CHECKS=@OLD_FOREIGN_KEY_CHECKS */;
/*!40014 SET UNIQUE_CHECKS=@OLD_UNIQUE_CHECKS */;
/*!40111 SET SQL_NOTES=@OLD_SQL_NOTES */;
